8.000000000000002665e-01
7.767875376268035259e-01
7.581926332633491805e-01
7.439258052827301126e-01
7.336975713761659801e-01
7.272184494254388953e-01
7.241989575177986138e-01
7.243496134925085927e-01
7.273809353384163012e-01
7.330034409183958655e-01
7.409276481890210153e-01
7.508640752154717157e-01
7.625232396977121851e-01
7.756156596788938984e-01
7.898518530962528317e-01
8.049423380689382235e-01
8.205976321753171154e-01
8.365282535261688857e-01
8.524447202452635208e-01
8.680575498914809840e-01
8.830775483322389485e-01
8.972700040153205325e-01
9.105187075622961368e-01
9.227230212297213852e-01
9.337823072248714329e-01
9.435959273698055760e-01
9.520632438859000235e-01
9.590836189310049109e-01
9.645564144224682002e-01
9.683809925358024540e-01
9.704601548070139749e-01
9.709356415220794512e-01
9.703396008913099946e-01
9.692402227695144923e-01
9.682056970567267662e-01
9.678042136103409687e-01
9.686039623176223579e-01
9.711731330337997070e-01
9.760799156286160683e-01
9.838924999705830343e-01
9.951577496428716252e-01
1.009676095079508507e+00
1.026323591506198341e+00
1.043918868440537606e+00
1.061280554764888473e+00
1.077227279992634346e+00
1.090577673570395367e+00
1.100150364480679599e+00
1.104763982207701334e+00
1.103237156001680042e+00
1.094459596513434052e+00
1.078793668545172446e+00
1.057989539156202863e+00
1.033851468440829313e+00
1.008183715766143740e+00
9.827905404270599332e-01
9.594762026261490773e-01
9.400449616444447321e-01
9.263010769462035610e-01
9.200488084591609272e-01
9.229405617194670342e-01
9.345851573150815161e-01
9.531275465108159928e-01
9.766808309998580295e-01
1.003358112386135037e+00
1.031272492602738344e+00
1.058537072576474891e+00
1.083264954236971445e+00
1.103569239394160517e+00
1.117563029154390986e+00
1.123582819327946236e+00
1.122031876366353709e+00
1.114431853551455243e+00
1.102315393720010528e+00
1.087215139495669503e+00
1.070663734063104222e+00
1.054193820072121701e+00
1.039338040176376321e+00
1.027629037554771196e+00
1.020599454832879616e+00
1.019520568483165635e+00
1.023942715773525025e+00
1.032720276520626923e+00
1.044705674482635960e+00
1.058751332967876824e+00
1.073709675703442779e+00
1.088433126459491085e+00
1.101774108479749437e+00
1.112585045543915019e+00
1.119718361254360861e+00
1.122335238806868141e+00
1.121071825872294925e+00
1.117004207207680011e+00
1.111208543781643243e+00
1.104760996784447613e+00
1.098737727198749514e+00
1.094214896027226214e+00
1.092268664430110725e+00
1.093975193386032663e+00
1.100410614545896282e+00
1.112293070617595525e+00
1.129091043229370595e+00
1.150000498184171382e+00
1.174217400515991550e+00
1.200937715984023546e+00
1.229357410465581779e+00
1.258672448817475420e+00
1.288078796901715339e+00
1.316772420584621406e+00
1.343949582548144450e+00
1.368939473822931241e+00
1.391412972772066325e+00
1.411095100440296513e+00
1.427710878685766405e+00
1.440985329086134081e+00
1.450643473310577525e+00
1.456410332706190802e+00
1.458010928986432697e+00
1.455170283668176356e+00
1.447616856438111110e+00
1.435476785813841749e+00
1.419638896906247005e+00
1.401078309314818471e+00
1.380770142088872499e+00
1.359689514195264071e+00
1.338811545357175836e+00
1.319111354544824311e+00
1.301564060783998444e+00
1.287144783714521568e+00
1.276823241716078083e+00
1.271298037683923576e+00
1.270875441698352981e+00
1.275831036761740700e+00
1.286440406130232139e+00
1.302979132652797079e+00
1.325722799517261574e+00
1.354946990204233703e+00
1.390927287123511880e+00
1.433939273677630855e+00
1.484215319614266670e+00
1.540801435745982717e+00
1.601439346167309985e+00
1.663803912193433376e+00
1.725569995221009956e+00
1.784412454450680308e+00
1.838006151299876434e+00
1.884025946938364227e+00
1.920146700938281326e+00
1.944043274572452074e+00
1.953540682783764026e+00
1.949019674281790904e+00
1.932999472547802355e+00
1.908065170789636333e+00
1.876801863165350692e+00
1.841794642972688356e+00
1.805628603332736004e+00
1.770888838668537080e+00
1.740160442099600635e+00
1.716028506934712539e+00
1.700882678277902738e+00
1.694890225535691686e+00
1.696807889686123394e+00
1.705369926095417377e+00
1.719310590165932240e+00
1.737364137321572910e+00
1.758264823244609643e+00
1.780746902853403757e+00
1.803544631804104847e+00
1.825392265767759037e+00
1.845157158358155414e+00
1.862765223211575005e+00
1.878647793294856427e+00
1.893239329334158061e+00
1.906974292622756195e+00
1.920287144413511449e+00
1.933612345493206375e+00
1.947384357117118547e+00
1.962037640561606455e+00
1.978006656581830391e+00
1.995700098826904023e+00
2.015379340443826717e+00
2.037253484292876671e+00
2.061531572004908330e+00
2.088422645324207849e+00
2.118135745029235739e+00
2.150879912832222907e+00
2.186864190588418744e+00
2.226297618861752703e+00
2.269389239468021735e+00
2.316002419271915969e+00
2.364560381187119642e+00
2.413111356987171607e+00
2.459703579276161456e+00
2.502385280565756709e+00
2.539204691868719443e+00
2.568210045754357296e+00
2.587449574423270615e+00
2.594971509441283519e+00
2.588824644482536907e+00
2.568023408995980805e+00
2.534528364764569996e+00
2.490859943867279824e+00
2.439538577903052285e+00
2.383084700347041895e+00
2.324018742873600996e+00
2.264861137033831184e+00
2.208132316487762647e+00
2.156352712772713787e+00
2.112039054661754456e+00
2.076876455322124393e+00
2.050671163736240477e+00
2.032971537966553388e+00
2.023325936649053691e+00
2.021282717748520419e+00
2.026390239487804834e+00
2.038196860266765498e+00
2.056250938025263597e+00
2.080100831086799662e+00
2.109290370647567858e+00
2.143013326228980109e+00
2.179870219086764038e+00
2.218404121398340756e+00
2.257158103958973427e+00
2.294675238934894779e+00
2.329498598433975332e+00
2.360171253339020669e+00
2.385236275798271688e+00
2.403236737695370273e+00
2.412745749292649400e+00
2.413472872228975330e+00
2.406586092540250466e+00
2.393349089039003452e+00
2.375025540324050777e+00
2.352879124754196472e+00
2.328173521501983867e+00
2.302172408963861550e+00
2.276139465475148338e+00
2.251338370300080438e+00
2.229000772500054239e+00
2.209652451000976736e+00
2.193130014123234606e+00
2.179241382091198442e+00
2.167794474530125637e+00
2.158597211180484976e+00
2.151457512093827518e+00
2.146183296985218369e+00
2.142582485657746005e+00
2.140462998030925323e+00
2.139632997840759110e+00
2.139904107816092527e+00
2.141090518789255714e+00
2.143006482419855363e+00
2.145466250401923958e+00
2.148284074338141725e+00
2.151274205917221849e+00
2.154250896836004792e+00
2.157028398684976978e+00
2.159420963162236085e+00
2.161250875423787576e+00
2.162418265226276226e+00
2.162866970511057474e+00
2.162541313915795183e+00
2.161385618093915273e+00
2.159344205692544705e+00
2.156361399357974218e+00
2.152381521683446319e+00
2.147348895408600633e+00
2.141207843138770883e+00
2.133876789576221622e+00
2.125096187807598014e+00
2.114531690906893857e+00
2.101848693312656557e+00
2.086712589922789629e+00
2.068788775202805130e+00
2.047742643486673231e+00
2.023239589869608057e+00
1.994945008724385849e+00
1.962524294244878842e+00
1.925872633659663657e+00
1.886028895706407971e+00
1.844387068467314927e+00
1.802341251884358675e+00
1.761285544420014393e+00
1.722614044583477888e+00
1.687720852246644254e+00
1.658000065882361707e+00
1.634845784207537900e+00
1.619652090556288115e+00
1.613266907906214742e+00
1.614552820164202540e+00
1.621921430883957793e+00
1.633784343313176679e+00
1.648553160943182050e+00
1.664639487402410856e+00
1.680454925732886018e+00
1.694411079556872313e+00
1.704919552408905137e+00
1.710393016256514631e+00
1.709857082072657519e+00
1.703975549850666349e+00
1.693682981646428498e+00
1.679913939328196548e+00
1.663602984600184742e+00
1.645684679764337854e+00
1.627093586549342996e+00
1.608764266652141561e+00
1.591631282422297122e+00
1.576627633337760459e+00
1.564479307578773071e+00
1.555500191677716693e+00
1.549955389643287607e+00
1.548110005646229359e+00
1.550229143902335460e+00
1.556577908537146726e+00
1.567421403720313577e+00
1.583024733834665021e+00
1.603653002684333417e+00
1.629557473435681691e+00
1.660227662318567221e+00
1.694010282589440752e+00
1.729158043715103066e+00
1.763923655226769860e+00
1.796559825417286094e+00
1.825319263832681616e+00
1.848454679836059711e+00
1.864218781994654961e+00
1.870864279748218895e+00
1.866702995383644925e+00
1.851786869631909083e+00
1.828149967204373061e+00
1.797934124263276034e+00
1.763281178091600232e+00
1.726332964916557300e+00
1.689231320857058627e+00
1.654118083358540492e+00
1.623135088529088943e+00
1.598424172671679244e+00
1.582041354437686120e+00
1.574496223362006120e+00
1.574957644261751888e+00
1.582550067141272221e+00
1.596397941689003508e+00
1.615625717830338814e+00
1.639357845744522590e+00
1.666718774739214481e+00
1.696832954945689087e+00
1.728824836625132644e+00
1.761851711633625417e+00
1.795463178080031641e+00
1.829467014935988622e+00
1.863675537113830494e+00
1.897901060729150213e+00
1.931955901898341876e+00
1.965652375532536800e+00
1.998802797751250360e+00
2.031219484648230988e+00
2.062714751173258865e+00
2.093065482950370093e+00
2.121753954483510007e+00
2.148116389341541144e+00
2.171487963751967509e+00
2.191203853801166002e+00
2.206599234895432637e+00
2.217009283168188905e+00
2.221769174497415733e+00
2.220214084702885504e+00
2.211679189692732361e+00
2.195734209299431416e+00
2.173347058060890902e+00
2.146001616781334942e+00
2.115182583561157514e+00
2.082374656336847263e+00
2.049062534226420151e+00
2.016730915181071282e+00
1.986864497198260526e+00
1.960947979326605362e+00
1.940466059525728149e+00
1.926540921605769174e+00
1.918721658490333271e+00
1.916130765618853538e+00
1.917890730811516731e+00
1.923124041795390538e+00
1.930953186344513073e+00
1.940500652355407363e+00
1.950888927371412951e+00
1.961240499273959825e+00
1.970677951023035890e+00
1.978580077781747937e+00
1.985139229968643670e+00
1.990708866159757395e+00
1.995642444884432543e+00
2.000293424503255313e+00
2.005015263550989246e+00
2.010161420565738766e+00
2.016085353903075195e+00
2.023140522094015292e+00
2.031679676784467592e+00
2.041864646832676655e+00
2.053409108031714947e+00
2.065962504650574516e+00
2.079174280505979855e+00
2.092693879857089101e+00
2.106170746977586106e+00
2.119254325662407457e+00
2.131594060187807393e+00
2.142839394794943342e+00
2.152641617629600379e+00
2.160811611765665941e+00
2.167440832061190203e+00
2.172649214484185354e+00
2.176556695244939110e+00
2.179283210466685716e+00
2.180948696286521216e+00
2.181673088789565007e+00
2.181576324124719690e+00
2.180778338402144634e+00
2.179403373864972959e+00
2.177752263614821437e+00
2.176360702162738914e+00
2.175780642158841260e+00
2.176564036195955065e+00
2.179262836931243452e+00
2.184428996918318600e+00
2.192614468788492754e+00
2.204371205315545090e+00
2.220251158839388061e+00
2.240751623654146485e+00
2.265086454598479460e+00
2.291171285037213234e+00
2.316864134455576263e+00
2.340023022320302459e+00
2.358505967280868809e+00
2.370170988846534765e+00
2.372876106204852675e+00
2.364479338487857074e+00
2.342838705001431876e+00
2.306030959177300055e+00
2.255403697720125500e+00
2.194821364105628891e+00
2.128213081004449059e+00
2.059507970802888721e+00
1.992635158354189917e+00
1.931523766046214785e+00
1.880102916538680891e+00
1.842301734277049796e+00
1.822049341783549714e+00
1.822784841724100380e+00
1.842970988841353019e+00
1.878171847285345031e+00
1.923915429240145025e+00
1.975729745182447594e+00
2.029142807198330622e+00
2.079682627449312093e+00
2.122877216298930225e+00
2.154254585968970570e+00
2.169342748123623377e+00
2.164417110410567169e+00
2.141115519125529776e+00
2.103417586983899579e+00
2.055312714720902267e+00
2.000790301775526636e+00
1.943839747954388963e+00
1.888450452435611826e+00
1.838611816371804597e+00
1.798313238899144295e+00
1.771544119603955192e+00
1.761373167288035058e+00
1.766094292417064837e+00
1.782458273621850386e+00
1.807215116240850739e+00
1.837114826161296843e+00
1.868907409513082207e+00
1.899342871270666144e+00
1.925171217560785131e+00
1.943142454292786203e+00
1.950006592958732021e+00
1.943570842297002832e+00
1.925644709642338359e+00
1.898984657763643114e+00
1.866347148830689529e+00
1.830488644731204761e+00
1.794165608657163347e+00
1.760134502518029942e+00
1.731151788331412700e+00
1.709973929127069692e+00
1.699355756492333169e+00
1.700815248662880697e+00
1.712432448360230008e+00
1.731694864235087339e+00
1.756090005319004499e+00
1.783105380885722013e+00
1.810228499222663157e+00
1.834946869587478657e+00
1.854748001124350010e+00
1.867119402290902785e+00
1.869557612920085488e+00
1.860942276792379557e+00
1.843011612361870055e+00
1.817857679420979533e+00
1.787572537421299845e+00
1.754248246928783450e+00
1.719976867443212765e+00
1.686850458419679955e+00
1.656961080491171190e+00
1.632400793086933533e+00
1.615242261412612734e+00
1.606383260024114357e+00
1.604893998857591875e+00
1.609686718277282491e+00
1.619673658434346741e+00
1.633767059625333529e+00
1.650879162125170163e+00
1.669922206440530354e+00
1.689808432386374015e+00
1.709450080453013054e+00
1.727774028662385053e+00
1.744170187563279573e+00
1.758574953364590243e+00
1.770956193889542396e+00
1.781281776534948236e+00
1.789519569148093181e+00
1.795637439477748343e+00
1.799603255068496388e+00
1.801384883694306271e+00
1.800950193026084944e+00
1.798301650252101647e+00
1.794102657011522828e+00
1.789610319211787370e+00
1.786102847868777488e+00
1.784858453826049240e+00
1.787155348033942825e+00
1.794271741348167248e+00
1.807485844669747932e+00
1.828075869187433922e+00
1.857320025325350343e+00
1.896339049132553356e+00
1.944276029558609231e+00
1.998924697195839872e+00
2.058052748197360948e+00
2.119427880636987727e+00
2.180817792694567547e+00
2.239990180364170413e+00
2.294712741838635051e+00
2.342753175100832141e+00
2.381879176459782421e+00
2.410087680734257276e+00
2.427369503454325450e+00
2.434741533861542795e+00
2.433229125043710805e+00
2.423857629669414315e+00
2.407652400791286507e+00
2.385638791164576222e+00
2.358842153270456876e+00
2.328287840572668799e+00
2.295001205602761996e+00
2.260035031547092288e+00
2.224612650714724360e+00
2.190022837727588101e+00
2.157554501858963913e+00
2.128496553526239676e+00
2.104137901970067670e+00
2.085767456829154209e+00
2.074674127659334566e+00
2.072146824373703122e+00
2.079474456434652119e+00
2.097548394327869659e+00
2.125463117952027581e+00
2.161805654993690151e+00
2.205163003171793257e+00
2.254122158621193694e+00
2.307270118986413543e+00
2.363193882109624777e+00
2.420480443829209349e+00
2.477716801962929427e+00
2.533490006113908510e+00
2.586626474962776534e+00
2.636743838962313902e+00
2.683622977559851908e+00
2.727044768561529331e+00
2.766790091454166767e+00
2.802639825551112462e+00
2.834374848918716161e+00
2.861776040917570096e+00
2.884624280703777188e+00
2.902701211132717507e+00
2.916040772329683506e+00
2.925292332164033837e+00
2.931197329629925630e+00
2.934497203536651444e+00
2.935933392913472773e+00
2.936247336701707678e+00
2.936180473842560978e+00
2.936474243286217423e+00
2.937870083999879700e+00
2.941105168518295621e+00
2.946500958731599340e+00
2.953620646888996060e+00
2.961946787588832564e+00
2.970961935677356891e+00
2.980148646033323523e+00
2.988989473206315584e+00
2.996966972076118729e+00
3.003563697481779649e+00
3.008262204033987697e+00
3.010549936664085546e+00
3.010132384202747424e+00
3.007015599276340545e+00
3.001227563355937100e+00
2.992796257786564329e+00
2.981749664227383079e+00
2.968115764054437111e+00
2.951922538727693279e+00
2.933197969471418087e+00
2.911970038187616350e+00
2.888284177979083545e+00
2.862623199382433370e+00
2.835928269423304560e+00
2.809162204560345710e+00
2.783287821248847216e+00
2.759267936860184456e+00
2.738065367833451447e+00
2.720642930740675869e+00
2.707963442753831718e+00
2.700989720394676219e+00
2.700634178096503746e+00
2.707013511806058315e+00
2.719609900418507475e+00
2.737887879891510057e+00
2.761311985499216970e+00
2.789346753135423906e+00
2.821456718911479644e+00
2.857106417775205021e+00
2.895760385793034519e+00
2.936883159173162117e+00
2.979934803012630695e+00
3.024327781973459750e+00
3.069445799403531350e+00
3.114672160293904923e+00
3.159390168030856483e+00
3.202983127607806679e+00
3.244834343965090184e+00
3.284327120568609537e+00
3.320844762382884952e+00
3.353770574232051604e+00
3.382526559703419089e+00
3.406824731373344406e+00
3.426508662353822565e+00
3.441422580242016860e+00
3.451410713360735016e+00
3.456317289800361792e+00
3.455986537506695822e+00
3.450262684630982513e+00
3.438989959069995273e+00
3.422012589151243400e+00
3.399329439116408835e+00
3.371775155544571412e+00
3.340465468093558599e+00
3.306516315894782121e+00
3.271043637955110217e+00
3.235163374552318061e+00
3.199991464704663446e+00
3.166643847842058879e+00
3.136236463057453072e+00
3.109885250467649520e+00
3.088323046937216265e+00
3.070772136804251762e+00
3.056082553077679620e+00
3.043104328135220804e+00
3.030687494435350349e+00
3.017682084865863867e+00
3.002938131885395379e+00
2.985305667870546298e+00
2.963634725832162253e+00
2.936776104867170556e+00
2.904378286439888157e+00
2.868396182887744228e+00
2.831199129278989091e+00
2.795156460624549588e+00
2.762637513218023866e+00
2.736011622042746616e+00
2.717648122360112772e+00
2.709916350046627453e+00
2.715185640252246291e+00
2.735817174930134765e+00
2.772714209804661767e+00
2.823651010926539140e+00
2.885997021495581905e+00
2.957121685592049687e+00
3.034394444711883576e+00
3.115184742847304733e+00
3.196862024156505999e+00
3.276795729886466280e+00
3.352355304200432595e+00
3.420926355173286915e+00
3.480977096205461585e+00
3.532722049601138892e+00
3.576534229122207531e+00
3.612786647029074150e+00
3.641852317175000131e+00
3.664104253074138118e+00
3.679915467495559867e+00
3.689658974031594596e+00
3.693707785988267212e+00
3.692434916564107272e+00
3.686213379130113932e+00
3.675416186823786013e+00
3.660416353193906236e+00
3.641586891429748452e+00
3.619300814539883060e+00
3.593931136344145738e+00
3.565850869889685359e+00
3.535433028466885119e+00
3.503050624974016980e+00
3.469076673469117633e+00
3.433884186871431599e+00
3.397846178042709386e+00
3.361335661127232477e+00
3.324725648994523830e+00
3.288389154509411938e+00
3.252699191823221536e+00
3.218028773795352571e+00
3.184750913333314948e+00
3.153238624516272459e+00
3.123864920233106801e+00
3.097002813473608285e+00
3.073025318165576891e+00
3.052305447266976390e+00
3.035216213889482262e+00
3.022130631730324701e+00
3.013421713856152540e+00
3.009462473540125416e+00
3.010625924169704870e+00
3.017285078959822453e+00
3.029766699194870405e+00
3.047976510854396803e+00
3.071595365977382031e+00
3.100302002665716650e+00
3.133775159443003666e+00
3.171693573618256767e+00
3.213735983660742423e+00
3.259581128234319891e+00
3.308907744356117675e+00
3.361394570647030289e+00
3.416683666825857113e+00
3.474179180485232443e+00
3.533190353585014876e+00
3.593026181293846655e+00
3.652995656653911460e+00
3.712407774828201390e+00
3.770571530953407358e+00
3.826795918111162376e+00
3.880389931456960539e+00
3.930662566022181892e+00
3.976922815074628748e+00
4.018479673688936771e+00
4.054642136717813372e+00
4.084719197761954135e+00
4.108019851741776307e+00
4.123853093257946689e+00
4.131527916390784760e+00
4.130353315833120931e+00
4.119638286045612219e+00
4.098691886689824315e+00
4.067420034791222605e+00
4.027782633818314473e+00
3.982181090021846170e+00
3.933016811315692252e+00
3.882691204006786911e+00
3.833605674347270398e+00
3.788161630333210628e+00
3.748760478187954437e+00
3.717803624419982800e+00
3.697689677528392949e+00
3.689666954939170296e+00
3.692067221229009988e+00
3.702766942199064548e+00
3.719642583699001914e+00
3.740570611869904027e+00
3.763427492075806402e+00
3.786089690422511644e+00
3.806433673006637264e+00
3.822335905205996642e+00
3.831681081021933721e+00
3.833262781374334072e+00
3.827594978571889239e+00
3.815383194509875064e+00
3.797332951019376956e+00
3.774149769630505524e+00
3.746539172728230227e+00
3.715206681899050789e+00
3.680857818553845195e+00
3.644198105341013960e+00
3.605938199735687633e+00
3.567038585609994872e+00
3.528816711779476645e+00
3.492617448246955192e+00
3.459785665110691966e+00
3.431666233618901440e+00
3.409604023822186303e+00
3.394943906056964167e+00
3.389030751142730225e+00
3.393209429320651171e+00
3.408762219671453764e+00
3.435293996131998373e+00
3.470588409338691172e+00
3.512337693821149021e+00
3.558234082579842639e+00
3.605969810081855353e+00
3.653237110881062844e+00
3.697728217847750631e+00
3.737135365554930644e+00
3.769150788010732889e+00
3.791580561709376518e+00
3.804130389131739953e+00
3.808075642792656978e+00
3.804738791627516381e+00
3.795442304740544781e+00
3.781508651145234268e+00
3.764260299636268847e+00
3.745019719646085932e+00
3.725109380000669823e+00
3.705851749494403879e+00
3.688480958700141699e+00
3.673243807091551627e+00
3.659768424085559690e+00
3.647673420964342217e+00
3.636577408527307043e+00
3.626098997621001185e+00
3.615856799456893533e+00
3.605469424876498685e+00
3.594555484714470950e+00
3.582733590192560769e+00
3.569678833270375051e+00
3.555508557920561863e+00
3.540548474462042350e+00
3.525125513707451308e+00
3.509566606630643015e+00
3.494198684026595281e+00
3.479348677234941345e+00
3.465343517046480581e+00
3.452510134291872035e+00
3.441175460250954998e+00
3.431686285667436831e+00
3.424501289393557801e+00
3.420118299644968385e+00
3.419035185830392898e+00
3.421749817514259995e+00
3.428760064145467634e+00
3.440563795240708433e+00
3.457658880542857638e+00
3.480543189161541484e+00
3.509714590774279941e+00
3.545264083824669843e+00
3.585611745207686329e+00
3.628748776229065776e+00
3.672666378043503155e+00
3.715355750235042720e+00
3.754808093961020887e+00
3.789014610226028257e+00
3.815966498843223587e+00
3.833654960890926944e+00
3.840071860264233194e+00
3.834199863577338441e+00
3.818002375254804459e+00
3.794001046965723933e+00
3.764717530010962765e+00
3.732673476773725962e+00
3.700390538602316148e+00
3.670390366833767626e+00
3.645194613868190103e+00
3.627324931000814878e+00
3.619296235747885060e+00
3.622201598930598898e+00
3.633964600176230686e+00
3.652080406043469729e+00
3.674044182397661729e+00
3.697351095737329008e+00
3.719496312624369860e+00
3.737974998829068252e+00
3.750282320941797476e+00
3.753913445261737980e+00
3.746385334478346429e+00
3.726836795159110594e+00
3.697119926957741498e+00
3.659345205819189761e+00
3.615623106671833398e+00
3.568064104738779108e+00
3.518778674659859718e+00
3.469877292841696548e+00
3.423470433932042312e+00
3.381668572696353792e+00
3.346538299708507136e+00
3.318531377439053465e+00
3.296053153850397877e+00
3.277377253431296378e+00
3.260777299862784417e+00
3.244526916923850202e+00
3.226899728956321933e+00
3.206169359745245195e+00
3.180609432929243141e+00
3.148493573069781615e+00
3.108170110611371051e+00
3.059597980583695254e+00
3.004289096423810701e+00
2.943818546161844019e+00
2.879761417584365990e+00
2.813692800775303926e+00
2.747187783554247531e+00
2.681821453720196313e+00
2.619168901387963544e+00
2.560805214333824686e+00
2.508202176000063677e+00
2.461393729436136546e+00
2.419359685699448814e+00
2.381055615965540273e+00
2.345437091585949485e+00
2.311459685150714094e+00
2.278078967985854852e+00
2.244250511445545548e+00
2.208929888077593162e+00
2.171072669247612108e+00
2.129797887032985226e+00
2.085782741385081351e+00
2.040567999749056227e+00
1.995703613210480398e+00
1.952739534449699610e+00
1.913225714539008582e+00
1.878712104713504472e+00
1.850748657409330811e+00
1.830885323793458586e+00
1.820672055415063051e+00
1.821306109558856745e+00
1.831597398977839575e+00
1.849365985637647203e+00
1.872428743512380978e+00
1.898602547186606593e+00
1.925704271075095342e+00
1.951550789881522086e+00
1.973958977389412395e+00
1.990745708330124986e+00
1.999727857169770973e+00
1.999284457160147577e+00
1.990552184790451484e+00
1.975511931871493987e+00
1.956144807459563761e+00
1.934431920092528401e+00
1.912354378197568927e+00
1.891893290997001653e+00
1.875029766910624396e+00
1.863744914527987406e+00
1.860019810793535955e+00
1.865114520828943467e+00
1.877705408943441512e+00
1.895890325288636991e+00
1.917767120439938022e+00
1.941433645146956932e+00
1.964987749299995423e+00
1.986527283638773067e+00
2.004150098807949032e+00
2.015954044840413850e+00
2.020039026236537527e+00
2.015579776093604281e+00
2.004584368260645899e+00
1.989522274081051423e+00
1.972862964518512063e+00
1.957075910461356649e+00
1.944630583366019128e+00
1.937996454095972876e+00
1.939642993788893044e+00
1.952039673489910587e+00
1.977642064049433657e+00
2.017151761531700505e+00
2.067824420422334608e+00
2.126514216880165620e+00
2.190075327442311703e+00
2.255361926349249480e+00
2.319228190099187792e+00
2.378528295123316649e+00
2.430116415762642035e+00
2.470846728520770696e+00
2.497615190940399188e+00
2.509542803583361348e+00
2.509046404168231437e+00
2.498809186880477373e+00
2.481514346341129773e+00
2.459845076834736410e+00
2.436484572714428865e+00
2.414116028085873111e+00
2.395422637856310377e+00
2.383087596103878880e+00
2.379712626637770168e+00
2.385560096503200000e+00
2.398260815189430684e+00
2.415305427923694293e+00
2.434184579289609296e+00
2.452388914477965809e+00
2.467409078647710974e+00
2.476735716430226386e+00
2.477859473036823079e+00
2.468270993291755477e+00
2.445611440951623194e+00
2.410179845526282172e+00
2.364550871195886028e+00
2.311372678049441909e+00
2.253293424590103733e+00
2.192961269089768628e+00
2.133024371984329370e+00
2.076130891556639213e+00
2.024928986233156980e+00
1.982066816234368201e+00
1.949989180820060231e+00
1.928753860861796898e+00
1.916867647335181113e+00
1.912810984043980866e+00
1.915064314334109286e+00
1.922108081849216221e+00
1.932422729946462470e+00
1.944488702221952137e+00
1.956786442354424782e+00
1.967796393577086578e+00
1.976143925119800304e+00
1.981640641520478585e+00
1.984678477126381013e+00
1.985653324348312765e+00
1.984961075499734884e+00
1.982997622930775972e+00
1.980158858972229874e+00
1.976840675913585255e+00
1.973438966166924491e+00
1.970349622025057590e+00
1.967848828929737115e+00
1.965509630134214314e+00
1.962649160956471572e+00
1.958584189188930624e+00
1.952631482770940563e+00
1.944107809513159424e+00
1.932329937265750308e+00
1.916614633667585332e+00
1.896278666932873502e+00
1.870638804750963224e+00
1.839424332295771958e+00
1.804129052560001556e+00
1.766718464975353120e+00
1.729158073799878403e+00
1.693413384633325469e+00
1.661449901723920819e+00
1.635233129498307125e+00
1.616728573288607640e+00
1.607901737442082535e+00
1.610717715881151868e+00
1.626205718652619758e+00
1.652464897055688109e+00
1.687022531528695302e+00
1.727405901223490581e+00
1.771142286495105189e+00
1.815758967856782480e+00
1.858783224223051977e+00
1.897742336111359229e+00
1.930163583847331887e+00
1.953578610625196887e+00
1.966621479139501361e+00
1.970479227501930719e+00
1.966699272261819731e+00
1.956829030156441718e+00
1.942415917816101123e+00
1.925007351656743637e+00
1.906150748737180045e+00
1.887393525499563740e+00
1.870283098390739696e+00
1.856358206783264908e+00
1.846436406743456660e+00
1.840083728030757371e+00
1.836741242655438366e+00
1.835850022388497926e+00
1.836851139116600251e+00
1.839185664676521004e+00
1.842294670935897383e+00
1.845619229798910022e+00
1.848600413047519542e+00
1.850687705424589602e+00
1.851665804842256291e+00
1.851759645833024992e+00
1.851224070813846767e+00
1.850313922171975767e+00
1.849284042330586519e+00
1.848389273679847733e+00
1.847884458618956005e+00
1.848024439553564102e+00
1.849064058882071482e+00
1.851243221547127948e+00
1.854458913989592395e+00
1.858265560763693758e+00
1.862202720439392500e+00
1.865809951592807048e+00
1.868626812671630555e+00
1.870192862258590161e+00
1.870047658877391550e+00
1.867730761064257949e+00
1.862781727365798279e+00
1.854779103180196564e+00
1.843873514388784551e+00
1.830650276058922943e+00
1.815705560590916701e+00
1.799635540927617017e+00
1.783036389486118756e+00
1.766504278658548754e+00
1.750635381425210468e+00
1.736025870173922847e+00
1.723271917489092697e+00
1.712937616548556807e+00
1.705266655412656762e+00
1.700318488836100927e+00
1.698150369669197746e+00
1.698819550822924018e+00
1.702383285114456246e+00
1.708898825497551455e+00
1.718423424678316769e+00
1.731014335575349783e+00
1.746728811251934577e+00
1.765511362993209321e+00
1.786509852810519883e+00
1.808528909215505465e+00
1.830371816080297087e+00
1.850841858064352641e+00
1.868742319762350279e+00
1.882876485143589962e+00
1.892047638840119061e+00
1.895059065249807162e+00
1.890714048693223015e+00
1.878165505552034764e+00
1.858353403936701564e+00
1.832787170214249750e+00
1.802976473399968915e+00
1.770430982702983158e+00
1.736660366932756938e+00
1.703174296109993602e+00
1.671482439049704949e+00
1.643094464651565723e+00
1.619520038385503291e+00
1.601886665893133888e+00
1.589895693776527841e+00
1.582915852257694933e+00
1.580315871108463499e+00
1.581464480307327447e+00
1.585730409766299642e+00
1.592482389423377942e+00
1.601089149333863038e+00
1.610919419233811878e+00
1.621341877435231504e+00
1.631689783082257428e+00
1.641199300286581897e+00
1.649090104235132026e+00
1.654581870038452251e+00
1.656894272622291497e+00
1.655246987130095881e+00
1.648859688518477418e+00
1.636952051993439516e+00
1.618743752572110006e+00
1.593460826149448728e+00
1.561253981395265722e+00
1.524159857204477886e+00
1.484444896736999198e+00
1.444375543029079223e+00
1.406218240550435539e+00
1.372239432328129727e+00
1.344705561586388098e+00
1.325883072499182580e+00
1.318038408201344103e+00
1.323402763414041727e+00
1.342144118037451372e+00
1.371261859945857031e+00
1.407486216788972788e+00
1.447547414873373128e+00
1.488175681784226434e+00
1.526101245133458129e+00
1.558054331187506136e+00
1.580765167609464283e+00
1.590963981626327461e+00
1.585478078155536652e+00
1.564127866920708820e+00
1.530222310351717852e+00
1.487267269362582356e+00
1.438768603700139259e+00
1.388232173444025053e+00
1.339163838117495287e+00
1.295069458992298861e+00
1.259454895553695719e+00
1.235826007687067074e+00
1.227503510057740055e+00
1.234344001482028164e+00
1.253131027978051204e+00
1.280541553061304239e+00
1.313252540880871511e+00
1.347940955835940091e+00
1.381283761066850690e+00
1.409957920969064027e+00
1.430640399717750366e+00
1.440008160783686098e+00
1.435038373180150373e+00
1.416411904074772465e+00
1.387304715425026869e+00
1.350939366545890863e+00
1.310538416409865237e+00
1.269324425462004413e+00
1.230519952703406084e+00
1.197347557248861882e+00
1.173029799372886650e+00
1.160789238104827259e+00
1.163401872077431731e+00
1.179820976227943907e+00
1.207058335185293707e+00
1.242110471729867216e+00
1.281973909010793111e+00
1.323645168720383181e+00
1.364120773968725331e+00
1.400397247809490597e+00
1.429471112019616408e+00
1.448338889720022671e+00
1.454622845113315410e+00
1.449778283038515303e+00
1.436711239488866143e+00
1.418330480844716801e+00
1.397544774185386585e+00
1.377262885936751058e+00
1.360393582548457658e+00
1.349845631064166440e+00
1.348527797876113876e+00
1.359348849812059168e+00
1.384298599414083508e+00
1.421272554721441095e+00
1.467026382526146033e+00
1.518315700426107417e+00
1.571896127624897721e+00
1.624523282831768833e+00
1.672952785289747890e+00
1.713940252533617370e+00
1.744241303875054605e+00
1.760611911822535403e+00
1.761141637839260143e+00
1.748265951511294158e+00
1.725304120785098316e+00
1.695575414498792455e+00
1.662399100698238597e+00
1.629094447266621115e+00
1.598980723286075323e+00
1.575377196621722931e+00
1.561603135445869261e+00
1.560972306952242761e+00
1.575110278346782300e+00
1.601580189646309993e+00
1.637346526431114668e+00
1.679373775181300266e+00
1.724626422672390635e+00
1.770068954041543741e+00
1.812665856044138879e+00
1.849381615301287418e+00
1.877180717151551770e+00
1.893046331676750960e+00
1.895706141548345158e+00
1.887028690197505076e+00
1.869211118224534562e+00
1.844450565963603461e+00
1.814944173421277673e+00
1.782889081689270405e+00
1.750482430817169366e+00
1.719921360837976421e+00
1.693403012868286428e+00
1.673097779868188306e+00
1.660018560699584089e+00
1.653602753657223978e+00
1.653174909008218174e+00
1.658059577302221088e+00
1.667581308880706548e+00
1.681064654234644129e+00
1.697834164041933436e+00
1.717214388363654143e+00
1.738529877842924787e+00
1.761111206136060980e+00
1.784436430298296239e+00
1.808136247107593242e+00
1.831848407606196050e+00
1.855210661994992405e+00
1.877860761318217220e+00
1.899436456339751000e+00
1.919575498051141471e+00
1.937915636737575609e+00
1.954094623409684761e+00
1.967782564817191382e+00
1.979150627083494429e+00
1.988764535110220999e+00
1.997200687243479544e+00
2.005035481541179276e+00
2.012845316359924031e+00
2.021206590055137475e+00
2.030695700686496075e+00
2.041889046599520530e+00
2.055363026220145439e+00
2.071635973868222624e+00
2.090618184438730598e+00
2.111857283893656678e+00
2.134896054259101561e+00
2.159277278304875036e+00
2.184543738864132223e+00
2.210238217867958710e+00
2.235903498141763368e+00
2.261082362509575727e+00
2.285317592904548611e+00
2.308128735804716669e+00
2.328863870003183401e+00
2.346794325399774728e+00
2.361191071452091617e+00
2.371325078277418452e+00
2.376467315791899626e+00
2.375888753754844096e+00
2.368860362145582155e+00
2.354653110639105762e+00
2.332537969451228932e+00
2.302040286206751496e+00
2.264040348562188498e+00
2.219867777725736957e+00
2.170852487544514098e+00
2.118324391637131043e+00
2.063613405509673981e+00
2.008049442814348939e+00
1.952962417163114361e+00
1.899682244122427255e+00
1.849538837031389216e+00
1.803558249434524807e+00
1.761585516934997431e+00
1.723178781318280617e+00
1.687896184538111966e+00
1.655295869775806228e+00
1.624935978950853066e+00
1.596374654416503613e+00
1.569170038211360696e+00
1.542880273326159069e+00
1.517063719645955766e+00
1.491480552412826288e+00
1.466466397036142455e+00
1.442458769545737374e+00
1.419895186018937938e+00
1.399213163325635279e+00
1.380850217523540646e+00
1.365243864779793981e+00
1.352831621800145712e+00
1.344051004716635855e+00
1.339337242809170991e+00
1.338738858697863465e+00
1.341485417975341043e+00
1.346702166532353528e+00
1.353514350055306403e+00
1.361047214410970208e+00
1.368426005500120501e+00
1.374775968958154904e+00
1.379222350692826504e+00
1.380890396522065577e+00
1.378914959722979283e+00
1.373051636324016389e+00
1.364044544459177333e+00
1.352725994928017039e+00
1.339928298949183860e+00
1.326483767344589282e+00
1.313224710905625869e+00
1.300983440896722465e+00
1.290592268102174200e+00
1.282883503393572378e+00
1.278670004914323810e+00
1.278119134891032349e+00
1.280618703635144850e+00
1.285509957436030026e+00
1.292134142661292229e+00
1.299832505760303736e+00
1.307946292899780705e+00
1.315816750520309553e+00
1.322785125050996990e+00
1.328192662675779401e+00
1.331408243587713480e+00
1.332349335186036710e+00
1.331437619270151584e+00
1.329113517058856830e+00
1.325817449704307149e+00
1.321989838483632385e+00
1.318071104557855033e+00
1.314501669122012828e+00
1.311721953344741287e+00
1.310172378490989331e+00
1.310269574523653446e+00
1.312121407705467035e+00
1.315620107756043211e+00
1.320653494419213203e+00
1.327109387511220984e+00
1.334875606610792742e+00
1.343839971518054455e+00
1.353890302089666209e+00
1.364914417819552472e+00
1.376800138552225050e+00
1.389422437165599211e+00
1.402541210600088073e+00
1.415855694222576622e+00
1.429064578417504672e+00
1.441866553100712212e+00
1.453960308659662415e+00
1.465044535448402296e+00
1.474817923432897082e+00
1.482979162980879506e+00
1.489226944384011819e+00
1.493303378770993062e+00
1.495228031515528411e+00
1.495129646431595072e+00
1.493137229391499510e+00
1.489379786349989576e+00
1.483986323200952917e+00
1.477085845761082705e+00
1.468807360100920167e+00
1.459279872054173977e+00
1.448632387395617283e+00
1.436993912284195263e+00
1.424493452507131108e+00
1.411260013810977876e+00
1.397422602415688164e+00
1.383110224075699612e+00
1.368451884523038897e+00
1.353576590011274616e+00
1.338613346275754346e+00
1.323691159047673871e+00
1.308939034586828587e+00
1.294485978623169053e+00
1.280460996900758541e+00
1.266993095658224266e+00
1.254211280633818815e+00
1.242244557598166654e+00
1.231221932741336511e+00
1.221272411823577153e+00
1.212525000751362159e+00
1.205108705352039289e+00
1.199152263751486647e+00
1.194682738028502555e+00
1.191472893757594020e+00
1.189256389125413316e+00
1.187766882200729235e+00
1.186738031086616019e+00
1.185903493918269103e+00
1.184996928794899596e+00
1.183751993812318215e+00
1.181902347110819207e+00
1.179183634600794894e+00
1.175541400246227441e+00
1.171313326753730122e+00
1.166880058599981895e+00
1.162622240251981909e+00
1.158920516328617145e+00
1.156155531292571981e+00
1.154707929650728992e+00
1.154958355955676419e+00
1.157287454696512174e+00
1.162067368388227884e+00
1.169269345841621011e+00
1.178299040770669492e+00
1.188519436295001563e+00
1.199293515662100740e+00
1.209984261731142929e+00
1.219954657746837645e+00
1.228567686919902924e+00
1.235186332160501665e+00
1.239173576699120982e+00
1.239911318250903172e+00
1.237276391614772875e+00
1.231676328362560469e+00
1.223544737374481439e+00
1.213315227836006205e+00
1.201421408654654410e+00
1.188296888659415407e+00
1.174375277153556274e+00
1.160090182978025908e+00
1.145875214956622479e+00
1.132172493369777211e+00
1.119563387741087546e+00
1.108742894892033481e+00
1.100409331954309788e+00
1.095261015657896797e+00
1.093996262883072168e+00
1.097313390536084787e+00
1.105910715447282477e+00
1.120486554486209707e+00
1.141739224815241815e+00
1.170234606930285803e+00
1.205083514664106126e+00
1.244496634869356910e+00
1.286671294502378382e+00
1.329804821908640688e+00
1.372094545478858674e+00
1.411737792101505296e+00
1.446931890187881153e+00
1.475874167939353221e+00
1.496761952559295450e+00
1.508065553176075602e+00
1.510359774168647418e+00
1.505197812229056353e+00
1.494138284613733658e+00
1.478739808300832737e+00
1.460561000848226376e+00
1.441160479276058171e+00
1.422096860546826047e+00
1.404928762304872070e+00
1.391214801499527143e+00
1.382318078657740479e+00
1.378516224362915432e+00
1.379712329793483017e+00
1.385809133372061686e+00
1.396709373677801347e+00
1.412315788875200262e+00
1.432531117487318983e+00
1.457258098254690104e+00
1.486399469015603270e+00
1.519857968457944741e+00
1.557349550945114958e+00
1.597834033358760841e+00
1.640079923331732248e+00
1.682855728567978382e+00
1.724929955247271662e+00
1.765071111074574040e+00
1.802047703663635980e+00
1.834628239331047128e+00
1.861581225735152501e+00
1.881675684590877529e+00
1.894352822429568928e+00
1.901047891799327871e+00
1.903564185167291978e+00
1.903704994946832096e+00
1.903273613643744033e+00
1.904073333736823193e+00
1.907907447679940693e+00
1.916579247926733176e+00
1.931892026932211737e+00
1.955642957687427463e+00
1.988412414352870083e+00
2.028104488152780771e+00
2.072267052567787093e+00
2.118447979474820997e+00
2.164195142316239107e+00
2.207056414513928200e+00
2.244579667975521442e+00
2.274312776171411254e+00
2.293803612204413866e+00
2.300624526221446420e+00
2.294101787715901786e+00
2.276458339362293692e+00
2.250188345676325863e+00
2.217785970585493427e+00
2.181745377727934532e+00
2.144560732053389707e+00
2.108726197228204757e+00
2.076735936982426090e+00
2.051084116170239113e+00
2.034212243453508151e+00
2.026676749572758229e+00
2.026675024025240024e+00
2.032255511054733788e+00
2.041466655046022094e+00
2.052356900514578975e+00
2.062974691569072760e+00
2.071368472716682341e+00
2.075586688359646992e+00
2.073677782764044242e+00
2.063772757737682539e+00
2.045744109943859801e+00
2.021122669986297193e+00
1.991505180331787805e+00
1.958488383211384409e+00
1.923669022054034894e+00
1.888643839121475265e+00
1.855009576665726856e+00
1.824362978130306567e+00
1.798300785741410834e+00
1.778338994588684718e+00
1.764890233536424713e+00
1.757568379520445534e+00
1.755969485929180118e+00
1.759689606171506826e+00
1.768324793570731135e+00
1.781471101682076119e+00
1.798724583566543300e+00
1.819681292728524857e+00
1.843937282543145928e+00
1.871088606721310610e+00
1.900731317993602509e+00
1.932461470039151807e+00
1.965875116635584341e+00
2.000568310365741453e+00
2.036137104989772961e+00
2.072177554309142522e+00
2.108285710844718608e+00
2.144057628394785198e+00
2.179089360741759851e+00
2.212976960430309337e+00
2.245316481253965435e+00
2.275703976933213468e+00
2.303735500122290336e+00
2.329007104567089925e+00
2.351114843883280070e+00
2.369654770920437858e+00
2.384222939333935365e+00
2.394415402591735464e+00
2.399828213824528600e+00
2.400138011364708390e+00
2.395411058385436665e+00
2.385831216003803323e+00
2.371582369751602304e+00
2.352848405187038416e+00
2.329813207571945100e+00
2.302660663009796771e+00
2.271574656812077375e+00
2.236739074104671321e+00
2.198337815424463937e+00
2.156778457304304730e+00
2.113258732883108060e+00
2.069150769897796671e+00
2.025826694540555639e+00
1.984658633040557563e+00
1.947018713079244234e+00
1.914279060852261960e+00
1.887811802786478754e+00
1.868989066216504735e+00
1.859181152455932962e+00
1.858883842493578520e+00
1.866319105318778870e+00
1.879344098493079152e+00
1.895815979841776633e+00
1.913591906574277468e+00
1.930529036487857342e+00
1.944484527340214042e+00
1.953315536400120900e+00
1.954879221473086126e+00
1.947046361812038384e+00
1.929326212096210025e+00
1.904404964886289076e+00
1.875333093598677392e+00
1.845161071453927715e+00
1.816939372764830418e+00
1.793718470746923588e+00
1.778548838851710778e+00
1.774480951038035048e+00
1.784565280644432539e+00
1.811796497683182627e+00
1.856292225828658271e+00
1.913962364969482577e+00
1.980382759577090868e+00
2.051129251694670419e+00
2.121777685716530915e+00
2.187903906032356183e+00
2.245083754692273725e+00
2.288893076165405382e+00
2.314907714289983431e+00
2.318856876068471351e+00
2.300766490062938097e+00
2.265435795585549528e+00
2.217913046308605196e+00
2.163246494696227096e+00
2.106484393537543909e+00
2.052674995024201809e+00
2.006866553264458730e+00
1.974107320385355857e+00
1.959445549129658293e+00
1.967630667062659544e+00
1.998240506909746195e+00
2.046480189855403253e+00
2.107417197511769480e+00
2.176119013152331583e+00
2.247653120416962746e+00
2.317087000368223126e+00
2.379488136641668028e+00
2.429924012541010647e+00
2.463462109626573415e+00
2.475607557359261079e+00
2.466914024868211985e+00
2.441173836896799454e+00
2.402232471865154206e+00
2.353935407570506566e+00
2.300128123597127150e+00
2.244656097829928143e+00
2.191364808075268567e+00
2.144099734035247895e+00
2.106706353467819870e+00
2.082558296879716497e+00
2.071227233558163405e+00
2.070449341135026433e+00
2.077948917632269854e+00
2.091450261462429516e+00
2.108677670511423852e+00
2.127355443134412383e+00
2.145207877754992776e+00
2.159959272156429133e+00
2.169333924785474821e+00
2.171416811571582173e+00
2.166380460426760912e+00
2.155146694518486061e+00
2.138638307266660821e+00
2.117778092711950944e+00
2.093488844331037768e+00
2.066693355438800062e+00
2.038314420318605436e+00
2.009274832309455139e+00
1.980497384719177578e+00
1.952926778052974655e+00
1.927600076583221300e+00
1.905578684321228344e+00
1.887924006169430013e+00
1.875697446218928421e+00
1.869960408842182176e+00
1.871774298481754473e+00
1.882200519477741807e+00
1.902300476177376076e+00
1.933135209179456915e+00
1.975056659996042630e+00
2.026227808763966021e+00
2.084390575741859930e+00
2.147286879075489541e+00
2.212658638954330126e+00
2.278247775684665299e+00
2.341796207237050176e+00
2.401045853928520657e+00
2.453738635873275786e+00
2.497620183915338465e+00
2.531315039183262616e+00
2.555455849183211114e+00
2.570954430893344966e+00
2.578722602191737767e+00
2.579672180591700670e+00
2.574714983618537012e+00
2.564762828860614352e+00
2.550727533670612335e+00
2.533520915927366168e+00
2.514051803388301476e+00
2.492990224412886757e+00
2.470597129268784720e+00
2.447093298950379747e+00
2.422699513664844595e+00
2.397636553577353169e+00
2.372125199745283464e+00
2.346386232340402778e+00
2.320640431523739444e+00
2.295108578368780350e+00
2.270016395638878581e+00
2.245781026994401852e+00
2.223067862065622347e+00
2.202558838333752433e+00
2.184935893384007510e+00
2.170880965412258501e+00
2.161075991965652587e+00
2.156202910791872540e+00
2.156943659785988121e+00
2.163980176633481189e+00
2.177937675650315263e+00
2.198167964909077288e+00
2.222766563963338715e+00
2.249775692447840481e+00
2.277237569015734042e+00
2.303194413284870734e+00
2.325688444564864898e+00
2.342761882327061063e+00
2.352456945459021398e+00
2.352815853507582045e+00
2.342028380906134188e+00
2.320409222953968342e+00
2.289867432293582805e+00
2.252350751384794680e+00
2.209806924067720058e+00
2.164183692872964748e+00
2.117428800185832571e+00
2.071489990064392828e+00
2.028315004895810070e+00
1.989851587197661420e+00
1.957875761949175786e+00
1.932476586428460319e+00
1.912785613723920308e+00
1.897923407573964605e+00
1.887010530996866775e+00
1.879167547197251542e+00
1.873515019634003576e+00
1.869173511480720640e+00
1.865263585972860128e+00
1.860905806476517377e+00
1.855376875710416984e+00
1.849040149768279351e+00
1.842720878344820123e+00
1.837246002381101695e+00
1.833442462584694121e+00
1.832137199742031264e+00
1.834157154675880363e+00
1.840329268138327201e+00
1.851480481077376616e+00
1.868437734021916263e+00
1.891698319796236261e+00
1.920098910577338058e+00
1.951954430717071087e+00
1.985579617255911922e+00
2.019289207317839008e+00
2.051397936823450951e+00
2.080220542905668601e+00
2.104071762542360169e+00
2.121266331886707324e+00
2.130118999619599940e+00
2.129524281943071085e+00
2.120509510027387190e+00
2.104592339234706344e+00
2.083290424601493385e+00
2.058121421958775787e+00
2.030602986397590293e+00
2.002252773231476102e+00
1.974588437457651446e+00
1.949127635057251506e+00
1.927387149186452042e+00
1.910342682877581799e+00
1.897507062117244958e+00
1.888148322512497534e+00
1.881534499834454310e+00
1.876933630067778136e+00
1.873613748955520464e+00
1.870842892301176619e+00
1.867889095998743754e+00
1.864020395849557810e+00
1.858507520672852076e+00
1.850993227239723593e+00
1.841869072567058563e+00
1.831616428934413010e+00
1.820716668993670240e+00
1.809651165034859011e+00
1.798901289340190557e+00
1.788948414573277468e+00
1.780273913009765785e+00
1.773359157054920976e+00
1.768680563364860125e+00
1.766434125310097913e+00
1.766390638780742428e+00
1.768285407290571820e+00
1.771853734273314940e+00
1.776830923221445646e+00
1.782952277693915510e+00
1.789953101024738036e+00
1.797568696760928564e+00
1.805534368478511009e+00
1.813592383538360719e+00
1.821694346541233855e+00
1.830032813489138155e+00
1.838813666282805848e+00
1.848242787114234620e+00
1.858526058206012577e+00
1.869869361412989095e+00
1.882478578946461534e+00
1.896559593077458361e+00
1.912318285571232623e+00
1.929935808430654376e+00
1.949140030629576081e+00
1.969261710020157929e+00
1.989618171099679422e+00
2.009526738146978797e+00
2.028304735653051249e+00
2.045269487447001655e+00
2.059738318037188431e+00
2.071028551814200203e+00
2.078457512783797423e+00
2.081402908112987227e+00
2.079974354685593774e+00
2.074768296526061206e+00
2.066389974626398729e+00
2.055444629828931724e+00
2.042537503382039876e+00
2.028273836154758758e+00
2.013258868952117364e+00
1.998097843118508354e+00
1.983395999464252268e+00
1.969691377875792737e+00
1.956955815123660347e+00
1.944877351241608876e+00
1.933141902247813348e+00
1.921435384571878568e+00
1.909443714229787536e+00
1.896852807224068238e+00
1.883348580004507333e+00
1.868616948582553006e+00
1.852343829114030394e+00
1.834418964914548367e+00
1.815962272470359684e+00
1.798552886550885743e+00
1.783770730333878785e+00
1.773195727514035980e+00
1.768407801228800036e+00
1.770986874888675899e+00
1.782512871778766828e+00
1.804565715213354515e+00
1.838725329003436215e+00
1.885844180051694741e+00
1.943579949268212648e+00
2.008713538906693685e+00
2.078025824735058702e+00
2.148297684820574371e+00
2.216309997275784038e+00
2.278843637800693767e+00
2.332679484553487725e+00
2.374598415281943264e+00
2.401381716524995547e+00
2.411090845618866663e+00
2.405900401800218802e+00
2.388809414033628453e+00
2.362816911152490373e+00
2.330921921969442145e+00
2.296123474881297977e+00
2.261420599551164035e+00
2.229812324392414169e+00
2.204297677964442759e+00
2.187870734430547692e+00
2.182108533730598321e+00
2.185224161899274264e+00
2.194942428819287805e+00
2.208988144458082115e+00
2.225086118987294803e+00
2.240961161983348493e+00
2.254338083607090315e+00
2.262941693901493245e+00
2.264496802619790472e+00
2.256746671060702703e+00
2.239086840234417952e+00
2.213849214425681389e+00
2.183667896719393653e+00
2.151176989967187314e+00
2.119010598199669193e+00
2.089802824280178051e+00
2.066187771211658308e+00
2.050799542815311849e+00
2.046272242012571851e+00
2.055188529268050068e+00
2.077969562707376205e+00
2.112131352235420145e+00
2.154985648739423887e+00
2.203844203516787115e+00
2.256018766084589622e+00
2.308821087685259510e+00
2.359562919590842966e+00
2.405556011273991324e+00
2.444112114046913753e+00
2.472631917625090825e+00
2.490644499930390054e+00
2.499854370190756736e+00
2.502064385597276175e+00
2.499077403314748924e+00
2.492696280606202741e+00
2.484723874574511715e+00
2.476963042624705125e+00
2.471216641867794106e+00
2.469287529509842205e+00
2.472927914105959690e+00
2.483120531161588040e+00
2.500249775768576210e+00
2.524684300439683060e+00
2.556792758248588537e+00
2.596943802108552912e+00
2.645506085556746267e+00
2.702848260364341559e+00
2.769338979967117531e+00
2.845346898232524957e+00
2.931081298257854684e+00
3.025110338394621401e+00
3.125035874853499873e+00
3.228447343409762027e+00
3.332934183368589043e+00
3.436085834085902846e+00
3.535491731260861581e+00
3.628741314279358310e+00
3.713424022236796240e+00
3.787129291268062747e+00
3.847773632361831453e+00
3.895650352694191021e+00
3.932102413381942885e+00
3.958477402586570104e+00
3.976122907994061872e+00
3.986386516725397122e+00
3.990615816561589924e+00
3.990158394998930547e+00
3.986361839585489619e+00
3.980573737864892436e+00
3.973994900582810796e+00
3.967055648436867976e+00
3.959934354676865720e+00
3.952809249359030996e+00
3.945858562539409142e+00
3.939260524520044271e+00
3.933193365353873983e+00
3.927835315118885173e+00
3.923364604079547568e+00
3.919959461840783810e+00
3.917634886194329091e+00
3.915780482134402440e+00
3.913636102071632372e+00
3.910441598402964125e+00
3.905436823640102251e+00
3.897861630196864713e+00
3.886955870365780719e+00
3.871959396840485734e+00
3.852112061957280176e+00
3.826654108308899183e+00
3.795149521842287932e+00
3.758072635424135388e+00
3.716056619169628039e+00
3.669734644713717575e+00
3.619739882226117977e+00
3.566705502344291734e+00
3.511264675039998728e+00
3.454050572264915964e+00
3.395696364015459157e+00
3.336835007110181994e+00
3.278065335770168787e+00
3.219914868970446431e+00
3.162902182433748433e+00
3.107545853896775512e+00
3.054364459065781023e+00
3.003876573749643342e+00
2.956600775531126324e+00
2.913055640184274431e+00
2.873759743659169086e+00
2.839228713551202432e+00
2.809794218614030115e+00
2.785498709793640781e+00
2.766359276364378506e+00
2.752393006710284862e+00
2.743616989459496835e+00
2.740048313520213163e+00
2.741704067459246552e+00
2.748601340089920075e+00
2.760757219950663810e+00
2.778182318494921699e+00
2.800677873953877572e+00
2.827795421274786669e+00
2.859071872481261600e+00
2.894044140534771437e+00
2.932249138571179525e+00
2.973223778352513502e+00
3.016504972979230814e+00
3.061629635660624960e+00
3.108134677995470607e+00
3.155544406976710459e+00
3.203138088254485538e+00
3.249972563569323736e+00
3.295096607296930546e+00
3.337558993732308465e+00
3.376408495677848176e+00
3.410693887465558571e+00
3.439463943212090147e+00
3.461767436042873847e+00
3.476653140145229415e+00
3.483301484876112575e+00
3.482571100633854222e+00
3.476477859864552045e+00
3.467060565072443534e+00
3.456358019126662295e+00
3.446409024558632961e+00
3.439252383995271334e+00
3.436926900072570845e+00
3.441471375492352713e+00
3.454924612821598906e+00
3.478951204720035495e+00
3.511917205828133159e+00
3.550472513499566052e+00
3.591252303504102628e+00
3.630891750135393448e+00
3.666026029156809418e+00
3.693290316119149264e+00
3.709319785634928479e+00
3.710749613367624544e+00
3.694214974291832654e+00
3.657169392789369589e+00
3.602217981083215115e+00
3.533965404661493892e+00
3.457020749186204611e+00
3.375993097928037034e+00
3.295491533965027919e+00
3.220125143248155464e+00
3.154503008822067578e+00
3.103234214191191942e+00
3.070927844616832214e+00
3.060943866191847551e+00
3.070927986469733195e+00
3.096892847750728706e+00
3.134850963394239187e+00
3.180814847631320053e+00
3.230797015070777434e+00
3.280809978505390134e+00
3.326866252520080280e+00
3.364978351513078891e+00
3.391159024360084651e+00
3.402729138142456922e+00
3.401384865830983539e+00
3.389736075415519245e+00
3.370392634883728533e+00
3.345964411860204990e+00
3.319061274879409940e+00
3.292293091610526190e+00
3.268269729729098572e+00
3.249601057760041378e+00
3.238893579752755603e+00
3.237572260253435807e+00
3.244147025439874099e+00
3.256686190332367392e+00
3.273258070232642591e+00
3.291930979820786973e+00
3.310773234362347495e+00
3.327853148947376827e+00
3.341239038794443506e+00
3.348999218658802679e+00
3.349215823741882758e+00
3.341367177210627926e+00
3.327506138903366661e+00
3.309963093665723832e+00
3.291068426169591277e+00
3.273152521777236146e+00
3.258545765162748964e+00
3.249578541156361133e+00
3.248581234886128488e+00
3.257884231102011974e+00
3.279768455417105599e+00
3.314253120065562275e+00
3.358206707423120996e+00
3.408264288836259759e+00
3.461060933824132047e+00
3.513231713681061574e+00
3.561411699671841458e+00
3.602235961359918637e+00
3.632339570077010915e+00
3.648357596648977186e+00
3.647041327437090530e+00
3.628112041397501208e+00
3.594436039814080885e+00
3.549030881543035143e+00
3.494914127134377324e+00
3.435103335564870797e+00
3.372616065542606290e+00
3.310469878020611656e+00
3.251682331720749275e+00
3.199270985523361865e+00
3.156103772195141488e+00
3.122647887033697334e+00
3.097435988666081386e+00
3.078945712928919498e+00
3.065654694735953090e+00
3.056040569246246008e+00
3.048580971928433136e+00
3.041753537907187166e+00
3.034035902337007595e+00
3.023905700641786432e+00
3.009975158895347391e+00
2.992310285555949800e+00
2.971864933205153214e+00
2.949605655585946007e+00
2.926499006355721910e+00
2.903511540000297320e+00
2.881609810181364306e+00
2.861760370830088274e+00
2.844929775700703711e+00
2.832084579130957458e+00
2.824060943249036892e+00
2.820705251824553894e+00
2.821409842816135605e+00
2.825564679193840245e+00
2.832559724090525144e+00
2.841784940371149926e+00
2.852630291138666951e+00
2.864485739572473655e+00
2.876741248422858277e+00
2.888786780860905345e+00
2.900121142119178597e+00
2.910838621970528006e+00
2.921236128978884850e+00
2.931610740537856419e+00
2.942259533675792404e+00
2.953479585784818617e+00
2.965567974284016195e+00
2.978821776161301393e+00
2.993538068823761833e+00
3.010013929747388239e+00
3.028348469415128363e+00
3.047850826944944025e+00
3.067633120574106087e+00
3.086807468758992368e+00
3.104485989275771907e+00
3.119780800593231707e+00
3.131804021067681632e+00
3.139667768644005541e+00
3.142484161722341796e+00
3.139365860178401579e+00
3.130049102086109425e+00
3.116094263605016845e+00
3.099393511867824191e+00
3.081839014625606943e+00
3.065322939032296468e+00
3.051737452290820052e+00
3.042974722078756855e+00
3.040926915553306298e+00
3.047486200188510352e+00
3.064538115441998389e+00
3.092725318849514959e+00
3.129993148364405897e+00
3.173933428607027096e+00
3.222137985491447143e+00
3.272198645132946559e+00
3.321707231850064002e+00
3.368255571750387922e+00
3.409435490357191068e+00
3.442838813532443698e+00
3.466075621922254157e+00
3.478016483465824926e+00
3.479587093698021327e+00
3.471902336737439310e+00
3.456077096806270177e+00
3.433226257742595156e+00
3.404464704241173312e+00
3.370907320216387948e+00
3.333668989356326939e+00
3.293864596695187608e+00
3.252601333757492608e+00
3.210718369488315904e+00
3.168723651930752006e+00
3.127104617588233104e+00
3.086348702981920322e+00
3.046943346073065051e+00
3.009375983369771301e+00
2.974134051466869266e+00
2.941704988195522841e+00
2.912576230120254461e+00
2.887219865489785597e+00
2.865791133891255171e+00
2.848147302037314699e+00
2.834134068475703927e+00
2.823597131649763003e+00
2.816382190354309589e+00
2.812334942992586573e+00
2.811301088117304836e+00
2.813126324299079606e+00
2.817656350055983694e+00
2.824761381303165564e+00
2.834640574957755010e+00
2.847728219691150642e+00
2.864463694184101072e+00
2.885286376506178474e+00
2.910635645292507956e+00
2.940950879391801109e+00
2.976671456553249939e+00
3.018236755564395857e+00
3.066086155488563669e+00
3.120448045023965111e+00
3.179604086176338384e+00
3.240784803967065031e+00
3.301210467882634614e+00
3.358101349595497886e+00
3.408677720611319462e+00
3.450159850666771000e+00
3.479768011358399971e+00
3.494722473643429694e+00
3.492243508336085434e+00
3.470243911480978216e+00
3.431184927913391469e+00
3.379363042664700778e+00
3.319079836003834938e+00
3.254636886390340766e+00
3.190335772087484312e+00
3.130478073658609972e+00
3.079365369339942760e+00
3.041299237780337616e+00
3.020581258924190049e+00
3.020578234850422650e+00
3.040202223493488454e+00
3.077039712981882058e+00
3.128676970726369966e+00
3.192700264836046298e+00
3.266695861067001161e+00
3.348250027396455941e+00
3.434949032158286286e+00
3.524379140573603131e+00
3.614126637750914917e+00
3.701971999243175215e+00
3.786371963775357674e+00
3.865930393951191757e+00
3.939251151323325040e+00
4.004938098168750571e+00
4.061595094476667001e+00
4.107826002622354089e+00
4.142234684489134899e+00
4.163425000804141796e+00
4.170003211901136098e+00
4.161631143154184365e+00
4.140677738022301213e+00
4.109939840938750422e+00
4.072214295875113521e+00
4.030297948195747715e+00
3.986987641938168458e+00
3.945080221074114490e+00
3.907372531066603205e+00
3.876661415854329995e+00
3.855729229854563123e+00
3.845695211203500996e+00
3.844495965785669434e+00
3.849708963925022154e+00
3.858911675708914579e+00
3.869681571399946396e+00
3.879596121334663916e+00
3.886232795489505065e+00
3.887169064225393544e+00
3.879982397776490011e+00
3.862285129852104149e+00
3.833430553092378457e+00
3.795285981140084974e+00
3.749914777564903101e+00
3.699380307596939144e+00
3.645745934878945160e+00
3.591075022907408432e+00
3.537430937131839315e+00
3.486877041048777492e+00
3.441476698300581116e+00
3.403243127515736877e+00
3.372818391871383881e+00
3.349340246076669914e+00
3.331869596290845337e+00
3.319467347812395719e+00
3.311194406178964655e+00
3.306111677191069020e+00
3.303280066343179833e+00
3.301760479235985812e+00
3.300613821510677059e+00
3.298926682809293798e+00
3.296221366676069131e+00
3.292383992889978739e+00
3.287311838881080917e+00
3.280902182105073006e+00
3.273052299916152652e+00
3.263659469954206305e+00
3.252620969591028199e+00
3.239834076120761353e+00
3.225196067299767044e+00
3.208662444992335772e+00
3.190848859322119591e+00
3.172789059677519230e+00
3.155523420770615761e+00
3.140092317350964279e+00
3.127536124709525023e+00
3.118895217568074862e+00
3.115209970833135333e+00
3.117520759518549678e+00
3.126867958466244435e+00
3.144100615334842530e+00
3.168550070231944016e+00
3.198824624190164556e+00
3.233528143472462091e+00
3.271264493079321323e+00
3.310637539229691839e+00
3.350251148219750341e+00
3.388709184934138641e+00
3.424615515674431343e+00
3.456574006273582800e+00
3.483443550374738518e+00
3.505537533411760887e+00
3.523684202944000532e+00
3.538712405133468408e+00
3.551450985633628488e+00
3.562728790638389320e+00
3.573374666272733258e+00
3.584217458293514458e+00
3.596086012828278555e+00
3.609809176052976021e+00
3.625924050240255436e+00
3.643755188280382917e+00
3.662312170129453648e+00
3.680604574445406563e+00
3.697641980550291585e+00
3.712433967706942450e+00
3.723990114662125706e+00
3.731320000711001228e+00
3.733433204949318185e+00
3.729339622284912892e+00
3.718579578659779283e+00
3.702307942450567602e+00
3.681985659545496059e+00
3.659073675272219717e+00
3.635032935120708242e+00
3.611324384308957303e+00
3.589408968900640762e+00
3.570747634101221646e+00
3.556801325269704606e+00
3.549028497539764793e+00
3.548334033241555829e+00
3.554374935702028449e+00
3.566637362132593747e+00
3.584607469924779188e+00
3.607771416739428805e+00
3.635615359383975509e+00
3.667625455461027695e+00
3.703287862769772953e+00
3.742088737822772959e+00
3.783514238379163341e+00
3.827050522321922887e+00
3.872183745977847202e+00
3.918400067208048121e+00
3.965185643924740599e+00
4.012026632378062452e+00
4.058409190476544914e+00
4.103819476107090303e+00
4.147743645552281144e+00
4.189667856713517935e+00
4.229078266949782616e+00
4.265461034029364384e+00
4.298302314447826511e+00
4.327088266012203199e+00
4.351305046338175053e+00
4.370438812208335300e+00
4.383975721295293226e+00
4.391401931007575143e+00
4.392203598523905406e+00
4.385866881327919131e+00
4.371913169363638829e+00
4.350637472938200467e+00
4.323088547816660743e+00
4.290346406638732013e+00
4.253491063239835057e+00
4.213602530314575212e+00
4.171760820414434967e+00
4.129045947589516707e+00
4.086537924407974920e+00
4.045316763447720732e+00
4.006469057867155570e+00
3.971174394673494312e+00
3.940681261195828178e+00
3.916239769638837576e+00
3.899100031085021900e+00
3.890512157007362415e+00
3.891726258955892082e+00
3.903992448387237690e+00
3.928560836728432815e+00
3.966681535986990248e+00
4.019353764995153178e+00
4.085152245372853486e+00
4.161293341660603495e+00
4.244978455337550471e+00
4.333408990549394879e+00
4.423786351665761174e+00
4.513311939829923070e+00
4.599187159405040859e+00
4.678613414582033059e+00
4.748792106762537379e+00
4.807229026610134071e+00
4.853516454509193778e+00
4.888121620265666323e+00
4.911514744644568609e+00
4.924166047881871400e+00
4.926545749831960919e+00
4.919124070854744346e+00
4.902371230847659689e+00
4.876757450358805812e+00
4.842752949392920669e+00
4.801077390910576170e+00
4.753688927820002519e+00
4.702929366137299283e+00
4.651140625808024787e+00
4.600664626729178863e+00
4.553843290590123161e+00
4.513018537258552954e+00
4.480532286885123838e+00
4.458726460734766306e+00
4.449942948222338046e+00
4.455561024194521380e+00
4.473469109011432465e+00
4.500764556675020067e+00
4.534544721630180852e+00
4.571906957070996924e+00
4.609948617382990221e+00
4.645767056983737930e+00
4.676459629019236175e+00
4.699123687950410577e+00
4.710859138779033728e+00
4.710206310230168114e+00
4.699546481772570949e+00
4.681894201766229280e+00
4.660264019254847234e+00
4.637670482663114768e+00
4.617128140588638630e+00
4.601651541488188002e+00
4.594255234354138295e+00
4.597953767565726935e+00
4.615747017526810936e+00
4.648706517486931311e+00
4.694073441466834140e+00
4.748636746944399079e+00
4.809185389393395127e+00
4.872508326202160234e+00
4.935394514889936524e+00
4.994632910734133624e+00
5.047012471278083723e+00
5.089322153741488108e+00
5.118385907723938644e+00
5.132942973071254578e+00
5.134599879352151675e+00
5.125198321911521582e+00
5.106579996207253558e+00
5.080586597262342963e+00
5.049059821074020959e+00
5.013841362741419339e+00
4.976772917189477674e+00
4.939696180676714121e+00
4.904417975970737587e+00
4.871722858083684216e+00
4.841233369121414221e+00
4.812509087294429833e+00
4.785109589726436852e+00
4.758594453603648411e+00
4.732523257042803522e+00
4.706455577222281583e+00
4.679950991320626308e+00
4.652569077454328905e+00
4.623906239193519063e+00
4.594220236233648613e+00
4.564341017439155657e+00
4.535117406054330225e+00
4.507398225354396715e+00
4.482032299591660163e+00
4.459868452018593388e+00
4.441755506038758128e+00
4.428542285677823820e+00
4.421077614286559765e+00
4.420087389716568005e+00
4.424833449087415715e+00
4.433616160851561183e+00
4.444719091875300343e+00
4.456425808608198480e+00
4.467019877899308433e+00
4.474784866477014234e+00
4.478004341074120376e+00
4.474961868326183811e+00
4.463941015029757153e+00
4.443469296349024766e+00
4.414097376735606204e+00
4.377376663516204580e+00
4.334865686755810188e+00
4.288122978067177016e+00
4.238707067574411624e+00
4.188176485275479699e+00
4.138089762972339436e+00
4.090005430666914243e+00
4.045482018455612838e+00
4.005880715331092468e+00
3.971389180022855570e+00
3.941763010231107422e+00
3.916757130660442510e+00
3.896126464941217726e+00
3.879625936910229722e+00
3.867010470962408242e+00
3.858034990887277971e+00
3.852454420646116429e+00
3.850023684376224331e+00
3.850332139075649085e+00
3.852252402631418882e+00
3.854463188565816267e+00
3.855643207036686171e+00
3.854471168293984285e+00
3.849625782476682634e+00
3.839785759909099205e+00
3.823629810781333127e+00
3.799836644985462364e+00
3.767085213497475049e+00
3.724682822333424959e+00
3.673927314098749619e+00
3.616509765497481155e+00
3.554121251466792142e+00
3.488452846709297450e+00
3.421195628280865986e+00
3.354040670912828759e+00
3.288679049341342697e+00
3.226801840615037609e+00
3.170098846128354797e+00
3.119919838846095139e+00
3.076818239672145072e+00
3.041233619065181415e+00
3.013605548115823041e+00
2.994373597739070192e+00
2.983977339483596225e+00
2.982856344162767570e+00
2.991450183027605902e+00
3.010198426970299490e+00
3.039529191246468809e+00
3.078885972029564932e+00
3.125985013266839196e+00
3.178367706381900692e+00
3.233575443047663533e+00
3.289149612952142032e+00
3.342631607749428024e+00
3.391562818994896311e+00
3.433484636524637423e+00
3.465938451962208511e+00
3.486505664443749097e+00
3.494400479846268226e+00
3.491004135083530358e+00
3.477847409791827271e+00
3.456461084139649476e+00
3.428375937869394985e+00
3.395122750407377321e+00
3.358232302396212621e+00
3.319235373314151971e+00
3.279662743004234216e+00
3.241045316286675693e+00
3.204916933271825474e+00
3.172814394216416645e+00
3.146274630511692205e+00
3.126834574464365080e+00
3.116031157390991346e+00
3.115401311015651320e+00
3.126481967033772680e+00
3.150810057040361656e+00
3.189922513255504022e+00
3.245159552249074597e+00
3.314929099953860092e+00
3.395387480356566012e+00
3.482633422696574499e+00
3.572765659043572573e+00
3.661882921603439645e+00
3.746083939411271047e+00
3.821467444707926209e+00
3.884132169318213368e+00
3.930176842901310419e+00
3.956121295219202860e+00
3.962749905750155843e+00
3.953325775266143705e+00
3.931142631903965512e+00
3.899494203614592980e+00
3.861674217879410342e+00
3.820976403574039892e+00
3.780694488233238282e+00
3.744122199411394902e+00
3.714553265954691152e+00
3.694798913336841739e+00
3.684217303847837854e+00
3.680662037188167091e+00
3.681980492060575649e+00
3.686020047397777777e+00
3.690628081960785511e+00
3.693651974662913062e+00
3.692939104342721990e+00
3.686336849873348420e+00
3.671692590150132496e+00
3.647403451635405247e+00
3.614710703850447793e+00
3.575772637249890806e+00
3.532747989460812477e+00
3.487795499669720911e+00
3.443073905539166812e+00
3.400741944742597944e+00
3.362958356450179931e+00
3.331881878294438160e+00
3.309671243236762983e+00
3.297703560822242697e+00
3.294403965148561930e+00
3.297500815721307710e+00
3.304722472347886075e+00
3.313797294542406568e+00
3.322453642077016323e+00
3.328419874704114712e+00
3.329424351967430695e+00
3.323195433664499543e+00
3.307463092249610437e+00
3.281159905516584541e+00
3.246553464831678948e+00
3.206484745396874558e+00
3.163794723881117044e+00
3.121324375534067386e+00
3.081914675615752053e+00
3.048406600779566489e+00
3.023641126232675447e+00
3.010459227594767917e+00
3.011693693298162167e+00
3.028934285435669338e+00
3.061207379067726553e+00
3.107222874009106128e+00
3.165690671143243318e+00
3.235320671059000119e+00
3.314822775336221383e+00
3.402906882675428069e+00
3.498282894547619648e+00
3.599660712767864368e+00
3.705747303150610072e+00
3.815073016992126309e+00
3.925894058357854544e+00
4.036442999237923601e+00
4.144952415556324432e+00
4.249654883140812522e+00
4.348782974125869671e+00
4.440569264394583548e+00
4.523246329483617600e+00
4.595046742047089516e+00
4.654251034789907315e+00
4.700650273715404559e+00
4.735814577994075236e+00
4.761416180816054222e+00
4.779127314920255110e+00
4.790620212475218409e+00
4.797567106303068485e+00
4.801640229011434613e+00
4.804511813090609706e+00
4.807854091172256261e+00
4.813253100846909049e+00
4.820654049404341279e+00
4.828531288418936640e+00
4.835307097243600971e+00
4.839403755179266575e+00
4.839243541388380976e+00
4.833248735212788638e+00
4.819841615719025363e+00
4.797444462482503447e+00
4.764479554666499972e+00
4.719565420588581972e+00
4.663777879077778188e+00
4.599865817700907300e+00
4.530610228076205281e+00
4.458792104320711047e+00
4.387192438099289937e+00
4.318592221087119931e+00
4.255772447385771429e+00
4.201514108618638055e+00
4.158598196813081849e+00
4.129499378406485732e+00
4.114034993324322542e+00
4.110657886913375414e+00
4.117809739006301761e+00
4.133932229263342251e+00
4.157467037452800440e+00
4.186855843718056747e+00
4.220540327118740720e+00
4.256962167738371328e+00
4.294563045789629108e+00
4.331809962649569634e+00
4.367326970772550609e+00
4.399798248554339430e+00
4.427908095138985978e+00
4.450340810853146145e+00
4.465780695755604768e+00
4.472912049392225420e+00
4.470419171912039857e+00
4.456986363009957763e+00
4.431297922913025822e+00
4.392571588610902467e+00
4.342430465867940015e+00
4.283175337298188445e+00
4.217107022081242107e+00
4.146526339075208512e+00
4.073734109676155235e+00
4.001031152781848732e+00
3.930718287294267199e+00
3.865096334603161932e+00
3.806465950368989937e+00
3.756399436439789685e+00
3.714067302647762414e+00
3.678145695717052632e+00
3.647310760843711641e+00
3.620238643463809414e+00
3.595605489941467336e+00
3.572087445676172202e+00
3.548360656120032708e+00
3.523101267558241823e+00
3.494987661835741832e+00
3.463427266745856326e+00
3.429601848765753136e+00
3.394957956650341835e+00
3.360942139115907779e+00
3.329000946087347756e+00
3.300580926265009207e+00
3.277128628515384889e+00
3.260090602514150504e+00
3.250913397060666288e+00
3.251033098045587710e+00
3.260873538853621856e+00
3.279016179273674059e+00
3.303847086203631100e+00
3.333752325613673850e+00
3.367117964332311253e+00
3.402330068931416207e+00
3.437774706396001356e+00
3.471837942445841207e+00
3.502905844072726538e+00
3.529393507472551761e+00
3.551003949700191509e+00
3.569211790652705663e+00
3.585620509018037083e+00
3.601833582923505972e+00
3.619454491068821333e+00
3.640086712220118148e+00
3.665333724405076321e+00
3.696799006344850813e+00
3.736086037054007214e+00
3.784723464820619832e+00
3.842371838431863029e+00
3.906738078866770714e+00
3.975437159255285291e+00
4.046084054993710488e+00
4.116293741570260067e+00
4.183681191977010272e+00
4.245861381721399042e+00
4.300449286065156862e+00
4.345059878368923378e+00
4.377435067695894411e+00
4.397314258976731338e+00
4.406026354377794441e+00
4.404944252025967621e+00
4.395440850406120425e+00
4.378889047605759366e+00
4.356661742347810673e+00
4.330131832794831048e+00
4.300672216906354706e+00
4.269655793709834946e+00
4.238413269033546094e+00
4.207827263822204067e+00
4.178510249978846680e+00
4.151070974941539760e+00
4.126118186236954699e+00
4.104260632263741826e+00
4.086107060515650424e+00
4.072266218661202863e+00
4.063346854836885846e+00
4.059957716656760418e+00
4.062502478127126615e+00
4.069851982622347819e+00
4.080183263227413981e+00
4.091669932276885469e+00
4.102485601681229888e+00
4.110803883772152112e+00
4.114798390749079715e+00
4.112642734742554040e+00
4.102510527984903455e+00
4.082575382689991983e+00
4.051521594410115057e+00
4.010786905213682196e+00
3.962732906550255674e+00
3.909721866129299173e+00
3.854116053579453638e+00
3.798277736654727121e+00
3.744569183098158227e+00
3.695352662554843626e+00
3.652990442728762943e+00
3.619844791520910210e+00
3.597540749714856823e+00
3.584803453280959840e+00
3.579645112133488016e+00
3.580077936312829667e+00
3.584114135655572131e+00
3.589765920168330737e+00
3.595045499636454256e+00
3.597965084059222995e+00
3.596536883324559675e+00
3.588773760329491580e+00
3.573354649478271305e+00
3.550879897551619813e+00
3.522294251382780406e+00
3.488542458858223672e+00
3.450569266877706820e+00
3.409319422141795286e+00
3.365737672835744654e+00
3.320768765693201452e+00
3.275357447382361897e+00
3.230447017783826702e+00
3.186724221545151448e+00
3.144326412661749615e+00
3.103320051261039048e+00
3.063771595961428673e+00
3.025747505450116392e+00
2.989314239751332813e+00
2.954538257533902978e+00
2.921486017544850267e+00
2.890223979691108447e+00
2.860816714613704015e+00
2.833203097533260273e+00
2.807119684344054455e+00
2.782284719939391415e+00
2.758416449271481774e+00
2.735233118129847263e+00
2.712452971456955186e+00
2.689794254481982616e+00
2.666975212162870257e+00
2.643714090264383199e+00
2.619746160564060400e+00
2.595384292987278130e+00
2.571646246329311936e+00
2.549592580260083619e+00
2.530283854528992293e+00
2.514780629558814873e+00
2.504143465060315599e+00
2.499432920973864380e+00
2.501709557377828741e+00
2.512033934136412405e+00
2.531373637673211441e+00
2.558817576326501531e+00
2.591709856732363981e+00
2.627328432843808237e+00
2.662951257321207965e+00
2.695856284101465938e+00
2.723321466993248841e+00
2.742624758849288025e+00
2.751044113558474447e+00
2.745857484496135648e+00
2.724608805484093565e+00
2.688346305440421524e+00
2.640591579211771123e+00
2.584918137193479737e+00
2.524899491818883845e+00
2.464109153555655407e+00
2.406120632835052842e+00
2.354507442145032492e+00
2.312843091862724521e+00
2.284701092834697800e+00
2.273201403458000147e+00
2.277346376998511168e+00
2.293943950168838342e+00
2.319781585120630041e+00
2.351646744557350566e+00
2.386326891466873157e+00
2.420609487574230556e+00
2.451281995853038520e+00
2.475131879106572175e+00
2.488946599315374097e+00
2.490109266802351229e+00
2.479856878336737847e+00
2.460960332675924178e+00
2.436194465811537313e+00
2.408334113458259207e+00
2.380154112351337226e+00
2.354429298225591882e+00
2.333934507131694147e+00
2.321444575031106350e+00
2.319734338296447707e+00
2.330841922451687864e+00
2.353344950093179122e+00
2.384805876478755859e+00
2.422787024803030764e+00
2.464850718568272647e+00
2.508559279749706938e+00
2.551475031815822803e+00
2.591160298197701106e+00
2.625177400926677951e+00
2.651088746032420396e+00
2.667175715603538055e+00
2.674188063282169292e+00
2.673404843813791842e+00
2.666105111576045239e+00
2.653567921250882478e+00
2.637072327285272078e+00
2.617897383939403966e+00
2.597322146175397251e+00
2.576625668277503944e+00
2.557085840936883958e+00
2.539508778015652002e+00
2.523507129410668792e+00
2.508507699734319640e+00
2.493937293427391566e+00
2.479222715440387415e+00
2.463790770212412440e+00
2.447068262148722972e+00
2.428481996250596353e+00
2.407458776941895806e+00
2.383431702399937624e+00
2.356523869396928816e+00
2.328161590254732793e+00
2.299915889063066210e+00
2.273357790919809052e+00
2.250058319904036264e+00
2.231588500248582463e+00
2.219519356820689460e+00
2.215421913786952413e+00
2.220867195690114926e+00
2.237392880111479521e+00
2.264923031777371421e+00
2.301080982616785064e+00
2.343313847863890409e+00
2.389068744011671352e+00
2.435792787719301522e+00
2.480933093971666281e+00
2.521936779431564801e+00
2.556250960211320145e+00
2.581322752654459318e+00
2.594674746398875076e+00
2.595844110243455294e+00
2.586550765951200148e+00
2.568623812682660379e+00
2.543892349309637257e+00
2.514185474382860441e+00
2.481332287544488757e+00
2.447161887393154878e+00
2.413503372465340746e+00
2.382185842496430617e+00
2.354951687924963011e+00
2.332101200471834890e+00
2.312745550412093731e+00
2.295960385256385017e+00
2.280821352636646093e+00
2.266404100705404545e+00
2.251784277080631114e+00
2.236037529370737520e+00
2.218239505742588769e+00
2.197465853823343362e+00
2.172898861363337986e+00
2.144909292075293905e+00
2.114611027137715649e+00
2.083129313259174609e+00
2.051589396780270746e+00
2.021116525164744271e+00
1.992835944747244570e+00
1.967872901965862953e+00
1.947352644129176191e+00
1.932400417629504652e+00
1.923933788069162043e+00
1.921248374188846864e+00
1.922877313670752208e+00
1.927349317532480955e+00
1.933193096607925598e+00
1.938937361889828681e+00
1.943110824366235390e+00
1.944242194878083696e+00
1.940860184440626579e+00
1.931493503856152927e+00
1.915028876563688476e+00
1.892365086435261246e+00
1.865103294353388730e+00
1.834845392064071934e+00
1.803193270356770128e+00
1.771748819955153875e+00
1.742113932703903245e+00
1.715890499314793871e+00
1.694680410874900511e+00
1.680085558344452057e+00
1.673258607962732292e+00
1.673511781408159482e+00
1.679686041396510898e+00
1.690622350149389774e+00
1.705161670085650893e+00
1.722144963794157047e+00
1.740413193241499679e+00
1.758807320994547396e+00
1.776168309626110720e+00
1.791337462356005217e+00
1.803654398240868373e+00
1.813954368123106065e+00
1.823352051363922310e+00
1.832962127687769893e+00
1.843899276829124467e+00
1.857278178134155633e+00
1.874213511315108827e+00
1.895819956252043248e+00
1.923212192039410739e+00
1.957500676519847271e+00
1.998913416339490823e+00
2.045715706419097391e+00
2.095908226968953070e+00
2.147491657750478566e+00
2.198466679114958300e+00
2.246833969601526704e+00
2.290594209580438356e+00
2.327748079204563059e+00
2.356296257339112632e+00
2.374253995318562183e+00
2.380713912723200210e+00
2.376567162921756626e+00
2.362875686074004111e+00
2.340701421889347156e+00
2.311106310918210394e+00
2.275152292963798839e+00
2.233901307529273961e+00
2.188415295615127487e+00
2.139756196780740360e+00
2.088996308476970043e+00
2.037587319296754629e+00
1.987460696255538339e+00
1.940578690183570654e+00
1.898903553562641511e+00
1.864397537173152264e+00
1.839022892133781006e+00
1.824741870418902234e+00
1.823516723027904352e+00
1.837309701317217936e+00
1.867952708057959432e+00
1.914477670262672682e+00
1.973222341958824178e+00
2.040415298654583598e+00
2.112285113408165937e+00
2.185060361650327021e+00
2.254969618854549385e+00
2.318241458014959289e+00
2.371104454661090433e+00
2.409787183831334723e+00
2.430809554816668161e+00
2.434733938254769026e+00
2.425080141889280227e+00
2.405435638808739007e+00
2.379387901797811899e+00
2.350524403339031121e+00
2.322432616974140718e+00
2.298700015197725932e+00
2.282914070710063470e+00
2.278662256744363290e+00
2.289074961164254685e+00
2.312937345287561008e+00
2.346631573432373052e+00
2.386514435894995678e+00
2.428942722762558404e+00
2.470273224588940941e+00
2.506862730450367671e+00
2.535068030935151651e+00
2.551245916235999722e+00
2.551753176022553138e+00
2.533611017468035076e+00
2.498326689847396143e+00
2.449263259322025821e+00
2.389789695105313694e+00
2.323274965919445378e+00
2.253088042901889576e+00
2.182597894838019137e+00
2.115173490498901021e+00
2.054183801043464985e+00
2.002997795186742369e+00
1.964228513190807934e+00
1.936789762983898600e+00
1.918465553559331349e+00
1.907039613877646866e+00
1.900295673249978501e+00
1.896017460568566682e+00
1.891988704841994995e+00
1.885993135206878613e+00
1.875814480681932350e+00
1.859236513659079160e+00
1.834959709790150884e+00
1.804961677131860620e+00
1.771952042839993746e+00
1.738640433928233753e+00
1.707736478606886932e+00
1.681949803877217597e+00
1.663990036981947584e+00
1.656566805769194684e+00
1.662389737373371812e+00
1.684165204917316583e+00
1.722921530088796560e+00
1.775273690510549063e+00
1.837119749128754753e+00
1.904357766620739634e+00
1.972885805844885931e+00
2.038601929720443628e+00
2.097404198833435540e+00
2.145190676160475984e+00
2.177859424158398394e+00
2.191328696780608265e+00
2.184044291393828718e+00
2.159406840543495409e+00
2.121392725861699358e+00
2.073978328164082008e+00
2.021140028462384386e+00
1.966854207135073640e+00
1.915097246513720597e+00
1.869845526970413951e+00
1.835075429184194196e+00
1.814714697376210051e+00
1.810114951045981524e+00
1.818820027584026278e+00
1.838066942196417974e+00
1.865092710351409666e+00
1.897134347884303907e+00
1.931428869450602326e+00
1.965213290842734439e+00
1.995724627829059683e+00
2.020199895101184584e+00
2.035934597630935983e+00
2.041896803926646520e+00
2.038932140278828076e+00
2.027985893057799416e+00
2.010003348257265454e+00
1.985929792554391282e+00
1.956710512020309212e+00
1.923290792483348666e+00
1.886615920984878070e+00
1.847631183397201671e+00
1.807280580253019631e+00
1.766485484678236295e+00
1.726147938744619026e+00
1.687169361363720421e+00
1.650451171511215120e+00
1.616894789454180970e+00
1.587401634136311301e+00
1.562873124693025417e+00
1.544210681103814320e+00
1.532315722440214412e+00
1.527977312931840137e+00
1.530669521804943090e+00
1.539013804978111688e+00
1.551617217197190701e+00
1.567086812728666567e+00
1.584029646276358561e+00
1.601052772613598796e+00
1.616763245902602897e+00
1.629768120923973163e+00
1.638674452330646236e+00
1.642290999411784025e+00
1.641073181935949421e+00
1.636280221280939307e+00
1.629176773764546837e+00
1.621027495541114583e+00
1.613097042802924541e+00
1.606650071679931013e+00
1.602951238528948386e+00
1.603265199454972478e+00
1.608856610752342098e+00
1.620710332460467917e+00
1.638171778798467981e+00
1.659991066499730383e+00
1.684917470929099270e+00
1.711700268212628995e+00
1.739088734563969174e+00
1.765832145216571281e+00
1.790679776384316302e+00
1.812380904191633890e+00
1.829684804006154186e+00
1.841616937373623974e+00
1.848381302409161764e+00
1.850496195930265486e+00
1.848479917968170794e+00
1.842850768359183711e+00
1.834127047163185420e+00
1.822827054256043633e+00
1.809469089392063523e+00
1.794571452813469747e+00
1.778652469950194215e+00
1.762287354135916750e+00
1.746229004070238844e+00
1.731264914718972481e+00
1.718182580468541776e+00
1.707769495794162484e+00
1.700813155528459797e+00
1.698101054110515928e+00
1.700420686179681784e+00
1.708559546268182405e+00
1.723302136131020346e+00
1.744685152563176578e+00
1.771017418671443577e+00
1.800364470449871357e+00
1.830791844034760141e+00
1.860365074467841273e+00
1.887149697884081601e+00
1.909211250286869443e+00
1.924615266915306266e+00
1.931427283839902254e+00
1.927729422566561546e+00
1.912973065752434199e+00
1.888980660134967682e+00
1.857810735212267472e+00
1.821521821639983552e+00
1.782172448988746938e+00
1.741821147158591820e+00
1.702526445600347049e+00
1.666346875161346386e+00
1.635340965267813473e+00
1.611535701157609912e+00
1.595707139603996794e+00
1.586991935334250536e+00
1.584415718882302260e+00
1.587004120831295717e+00
1.593782771648490026e+00
1.603777301998864147e+00
1.616013342168984623e+00
1.629516522791641275e+00
1.643312474559412983e+00
1.656444281935206764e+00
1.668354230309771813e+00
1.678882560718807593e+00
1.687886719150508030e+00
1.695224151975483151e+00
1.700752305485699889e+00
1.704328625787318252e+00
1.705810559194487652e+00
1.705055551922533219e+00
1.701921050225853937e+00
1.696285709796393038e+00
1.688338431207309087e+00
1.678503356426112481e+00
1.667210475479685927e+00
1.654889778052921478e+00
1.641971253782214646e+00
1.628884892767195058e+00
1.616060684648772838e+00
1.603928619080229989e+00
1.592918686142640983e+00
1.583426043653324955e+00
1.575498912111553240e+00
1.568986454013239662e+00
1.563735468226920666e+00
1.559592753680653310e+00
1.556405109441661327e+00
1.554019334425833065e+00
1.552282227586892605e+00
1.551040587935309079e+00
1.550141214418058411e+00
1.549416536145669987e+00
1.548597699699006291e+00
1.547372312553510376e+00
1.545427813601040423e+00
1.542451641691031661e+00
1.538131235782484785e+00
1.532154034738850035e+00
1.524207477345399520e+00
1.513979002678399244e+00
1.501156049548196370e+00
1.485568117812791744e+00
1.467769060352159816e+00
1.448543007430668661e+00
1.428674184982869022e+00
1.408946819654864457e+00
1.390145137384162233e+00
1.373053364151948230e+00
1.358455726538807973e+00
1.347136450501130955e+00
1.339879758853029790e+00
1.337212000170912685e+00
1.338699470924548995e+00
1.343685095142186592e+00
1.351511796651128972e+00
1.361522499442233025e+00
1.373060127609408765e+00
1.385467604825381782e+00
1.398087855169924731e+00
1.410263802594424742e+00
1.421338686266115259e+00
1.430867941932617793e+00
1.438987360107198299e+00
1.445931048731524227e+00
1.451933115509851158e+00
1.457227668396335440e+00
1.462048815311749461e+00
1.466630664010424967e+00
1.471207322417336538e+00
1.476012898457217837e+00
1.481279763754086876e+00
1.486990065212660417e+00
1.492616725489326779e+00
1.497570779385102524e+00
1.501263261907565205e+00
1.503105208004763771e+00
1.502507652567006247e+00
1.498881630567645118e+00
1.491638176837135399e+00
1.480188326480131433e+00
1.463954540450550290e+00
1.443024294475389491e+00
1.418504192715081214e+00
1.391587158386696554e+00
1.363466114928342687e+00
1.335333985450895877e+00
1.308383694067900338e+00
1.283808163883327191e+00
1.262800318113202147e+00
1.246553080702988314e+00
1.236237241055760272e+00
1.232344054529720179e+00
1.234574410909427877e+00
1.242584741029539197e+00
1.256031475997440028e+00
1.274571046410560848e+00
1.297859883314183449e+00
1.325554417977685473e+00
1.357311080662354508e+00
1.392786302587623259e+00
1.431593478268421427e+00
1.472543539444170824e+00
1.513737030431464570e+00
1.553249958976026468e+00
1.589158331423826453e+00
1.619538155551760061e+00
1.642465438875859274e+00
1.656016188133390798e+00
1.658266410939646773e+00
1.647292114591722090e+00
1.621411321098059855e+00
1.581919051827609835e+00
1.532111607808275489e+00
1.475322461616906056e+00
1.414885087900895400e+00
1.354132959299789940e+00
1.296399548438284421e+00
1.245018329986050443e+00
1.203322776512511183e+00
1.174646361044110687e+00
1.161903318382482064e+00
1.164428541059168376e+00
1.179743030856367225e+00
1.205353644795817303e+00
1.238767240395196811e+00
1.277490675540367437e+00
1.319030806700790981e+00
1.360894491714398358e+00
1.400588588434388049e+00
1.435619953307320174e+00
1.463787765258807383e+00
1.484677416335176359e+00
1.498548793835581927e+00
1.505663036436839519e+00
1.506281282526921617e+00
1.500664670391799627e+00
1.489074338554523758e+00
1.471771425373072262e+00
1.449017068935874564e+00
1.421072408170306334e+00
1.388385634972902016e+00
1.352236342521686341e+00
1.314135033637452210e+00
1.275592218880970519e+00
1.238118408792180825e+00
1.203224115239782899e+00
1.172419848742195958e+00
1.147216120010828178e+00
1.129123440624896668e+00
1.119652154756792362e+00
1.119705029809764829e+00
1.128209530009373296e+00
1.143692383510772848e+00
1.164680318798396508e+00
1.189700063572775912e+00
1.217278346262091526e+00
1.245941895415251022e+00
1.274217438551697557e+00
1.300631704216226314e+00
1.323713245094585433e+00
1.342543856187353724e+00
1.357533626182539033e+00
1.369287893836025782e+00
1.378411997751030960e+00
1.385511276226963684e+00
1.391191067894496092e+00
1.396056711317323007e+00
1.400713544895320517e+00
1.405766907198217064e+00
1.411817211336419131e+00
1.419008185420942869e+00
1.426663113768557034e+00
1.434019680003814523e+00
1.440315567488192228e+00
1.444788459854259299e+00
1.446676040648567252e+00
1.445215993361618434e+00
1.439646001574958589e+00
1.429203748676203478e+00
1.413149417187386403e+00
1.391712033944106475e+00
1.366436574392480230e+00
1.338961981386568079e+00
1.310927196889264401e+00
1.283971163142205718e+00
1.259732822123579954e+00
1.239851116662979313e+00
1.225964988696866209e+00
1.219713380444604311e+00
1.222666991735973596e+00
1.234731868437278113e+00
1.254094805506563270e+00
1.278863431498552750e+00
1.307145375632480677e+00
1.337048267293359238e+00
1.366679734787246137e+00
1.394147407491193924e+00
1.417558914680154603e+00
1.435021884813335591e+00
1.444749679522069119e+00
1.446587791626366082e+00
1.441664239247786750e+00
1.431141575542296929e+00
1.416182353401667537e+00
1.397949126280085608e+00
1.377604447114799457e+00
1.356310868743429765e+00
1.335230944769606021e+00
1.315527228035284768e+00
1.298280902390521963e+00
1.283723440587157150e+00
1.271580589452082855e+00
1.261571384576517296e+00
1.253414861652356604e+00
1.246830056647560747e+00
1.241536005233828011e+00
1.237251743143760185e+00
1.233696306253962094e+00
1.230588730286780397e+00
1.227674133024965197e+00
1.224889606532854058e+00
1.222257978634097908e+00
1.219802475027066624e+00
1.217546321496126405e+00
1.215512743737431345e+00
1.213724967457640469e+00
1.212206218425365467e+00
1.210979722344226461e+00
1.210068704931635430e+00
1.209484735512138753e+00
1.209177446355258922e+00
1.209075977897127174e+00
1.209109457477271388e+00
1.209207012431248618e+00
1.209297770096889213e+00
1.209310857811439766e+00
1.209175402911724539e+00
1.208820532736324838e+00
1.208175374613469577e+00
1.207169055895511933e+00
1.205730703914523083e+00
1.203789445982187178e+00
1.201274409481437155e+00
1.198114721730308307e+00
1.194239510016418260e+00
1.189577901768326118e+00
1.184059024282507533e+00
1.177612004814988733e+00
1.170165970855004289e+00
1.161650049669946450e+00
1.151993368476724511e+00
1.141125054840297803e+00
1.128974235991450747e+00
1.115470039100451727e+00
1.100541591823033016e+00
1.084118021345846339e+00
1.066128454784996071e+00
1.046502019902035396e+00
1.025169739103810818e+00
1.002380173772572380e+00
9.790528689705010335e-01
9.561926197339123412e-01
9.348042202649117227e-01
9.158924648350549313e-01
9.004621483764819745e-01
8.895180651256074933e-01
8.840650095305289113e-01
8.851077762058606746e-01
8.936349753796681838e-01
9.095957460631360902e-01
9.312874204486845109e-01
9.568603838302707221e-01
9.844650216849920588e-01
1.012251718490155605e+00
1.038370859709800920e+00
1.060972830729284722e+00
1.078208016143939574e+00
1.088226801391520615e+00
1.089224353384533606e+00
1.080875297478792962e+00
1.064637238723158852e+00
1.042073931280072641e+00
1.014749130156995971e+00
9.842265895817615684e-01
9.520700640141327442e-01
9.198433075394513159e-01
8.891100753931653333e-01
8.614341216522211075e-01
8.383285377366078706e-01
8.203041923322742512e-01
8.069527129112803454e-01
7.978316998718547604e-01
7.924987539074471732e-01
7.905114753689920226e-01
7.914274647652892458e-01
7.948043225529894951e-01
8.001996492092547930e-01
8.071710453064885327e-01
8.152827173565919683e-01
8.241843507318046269e-01
8.335852017875488018e-01
8.431957384754303897e-01
8.527264290802116786e-01
8.618877418828887471e-01
8.703901448407189712e-01
8.779441062407622454e-01
8.842600943253268175e-01
8.890485771187985886e-01
8.920602088195969115e-01
8.934046402008186671e-01
8.933803539781691727e-01
8.922875164545150950e-01
8.904262939363967178e-01
8.880968526940977714e-01
8.855993590848695307e-01
8.832339793827491681e-01
8.813008798680064260e-01
8.801002268885427249e-01
8.798722735396655725e-01
8.804753896917616451e-01
8.816180162881945837e-01
8.830082392500721022e-01
8.843541445101840148e-01
8.853638179522305141e-01
8.857453455112461738e-01
8.852068130926260547e-01
8.834563066245291196e-01
8.802019120249261475e-01
8.752825381330183729e-01
8.691427966886055012e-01
8.624024724213410487e-01
8.556813675650798423e-01
8.495992845950728345e-01
8.447760257412930684e-01
8.418313933143298788e-01
8.413851896366828509e-01
8.440572170355608028e-01
8.504672322157446063e-01
8.609274204778145645e-01
8.747089531614488100e-01
8.908629737899182999e-01
9.084406259984407761e-01
9.264930527861862108e-01
9.440713977771749699e-01
9.602268045730575352e-01
9.740104162065588156e-01
9.844733763017110562e-01
9.906680896702451111e-01
9.921193774128611587e-01
9.895309130040690349e-01
9.837872089774121198e-01
9.757727780935249173e-01
9.663721329179545405e-01
9.564697859508394240e-01
9.469502500509268117e-01
9.386980377190558000e-01
9.325976615158652061e-01
9.295316955726040664e-01
9.301795228576599239e-01
9.348417449724710782e-01
9.437775769026757189e-01
9.572462332940061547e-01
9.755069290801589021e-01
9.988188794209450494e-01
1.027441298622926213e+00
1.061633401784798147e+00
1.101654404268062493e+00
1.147746225065499726e+00
1.199339468157098798e+00
1.254722518633447415e+00
1.312097846996190587e+00
1.369667925705768008e+00
1.425635227231809576e+00
1.478202222062175553e+00
1.525571382696004674e+00
1.565945181387174312e+00
1.597526088991436222e+00
1.618568209282330805e+00
1.628671347738172237e+00
1.628875237070792625e+00
1.620290113960106693e+00
1.604026214671315342e+00
1.581193776097022941e+00
1.552903034586464059e+00
1.520264226637619398e+00
1.484387588310528194e+00
1.446383356960507793e+00
1.407358531703930549e+00
1.368367323363704369e+00
1.330420959211436660e+00
1.294529414789562294e+00
1.261702665737472806e+00
1.232950688844143272e+00
1.209283459706856245e+00
1.191710954162818137e+00
1.181243148641116125e+00
1.178890018901105785e+00
1.185528335284375290e+00
1.200575497290969462e+00
1.222548046670389521e+00
1.249949237078153752e+00
1.281282321159236792e+00
1.315050552513947313e+00
1.349757184857498515e+00
1.383905470662510240e+00
1.415998663641952593e+00
1.444540017411825694e+00
1.468217135071691271e+00
1.487135167210204667e+00
1.502056824821744963e+00
1.513748427613808900e+00
1.522976294903709116e+00
1.530506746432524823e+00
1.537106101861241525e+00
1.543540680627312867e+00
1.550576802398187404e+00
1.558980786869698987e+00
1.569293843885274153e+00
1.580810467886932136e+00
1.592395977204731139e+00
1.602915293409921782e+00
1.611233338496737000e+00
1.616215034355541036e+00
1.616725302713384993e+00
1.611629065506684944e+00
1.599791244407313906e+00
1.580076761539138674e+00
1.551915583291721301e+00
1.517019604105637409e+00
1.477676691498869044e+00
1.436174711785761282e+00
1.394801531178783804e+00
1.355845017367292904e+00
1.321593036548744271e+00
1.294333455413902989e+00
1.276354140505175483e+00
1.269942127133854681e+00
1.276320545606204115e+00
1.293563803692950875e+00
1.319166564042123291e+00
1.350623489877442074e+00
1.385429244698856310e+00
1.421078490740050437e+00
1.455065891476246209e+00
1.484886110304253881e+00
1.508033809575377582e+00
1.522009810760439619e+00
1.525527317096212032e+00
1.519960158100440273e+00
1.507035387734526388e+00
1.488480059612702133e+00
1.466021228049247727e+00
1.441385946714628385e+00
1.416301269176612365e+00
1.392494249903524217e+00
1.371691942458247437e+00
1.355609049905444508e+00
1.345080797387220972e+00
1.339493026174344958e+00
1.338096251571654793e+00
1.340140988925461629e+00
1.344877753484996052e+00
1.351557060560391932e+00
1.359429425553442927e+00
1.367745363575890494e+00
1.375755390019876012e+00
1.382718597424264617e+00
1.388199754422315024e+00
1.392145361505286560e+00
1.394525943099950593e+00
1.395312023557887526e+00
1.394474127324503376e+00
1.391982778768576789e+00
1.387808502356630225e+00
1.381921822477120587e+00
1.374293263437703860e+00
1.364909971213632112e+00
1.354108444893130869e+00
1.342557162030760809e+00
1.330937744181186044e+00
1.319931812486664802e+00
1.310220988118403040e+00
1.302486892587643386e+00
1.297411147046293678e+00
1.295675372769792721e+00
1.297961191086943078e+00
1.304888601014962957e+00
1.316238139395906614e+00
1.331183918964574220e+00
1.348886587726134234e+00
1.368506794203363297e+00
1.389205187009515674e+00
1.410142414014042389e+00
1.430479123822429921e+00
1.449375965011829637e+00
1.465993585494195450e+00
1.479559578210413395e+00
1.489927633831939380e+00
1.497293202898967834e+00
1.501855193644970221e+00
1.503812514171129600e+00
1.503364072525899431e+00
1.500708776840015801e+00
1.496045535140083871e+00
1.489573255630752602e+00
1.481490846361140923e+00
1.472053889000437321e+00
1.461894889941864450e+00
1.451800176801387732e+00
1.442556531992602142e+00
1.434950737852136671e+00
1.429769576980761014e+00
1.427799831691143329e+00
1.429828284447482112e+00
1.436641717623251102e+00
1.449026913630844016e+00
1.467449449249912163e+00
1.490825619053935069e+00
1.517605215386821804e+00
1.546237936790738177e+00
1.575173480774494372e+00
1.602861545867539705e+00
1.627751830540459910e+00
1.648294032390359209e+00
1.662937849929971623e+00
1.670133023160026653e+00
1.668954049798081041e+00
1.660677183843668914e+00
1.647063456077318966e+00
1.629873897803199689e+00
1.610869539854409505e+00
1.591811412978415330e+00
1.574460548607833354e+00
1.560577977480377632e+00
1.551924730561722754e+00
1.550259938084995071e+00
1.556444925320774608e+00
1.569012004948999728e+00
1.586120748951221682e+00
1.605930728665886820e+00
1.626601516031825234e+00
1.646292683028484749e+00
1.663163800933386671e+00
1.675374441748389343e+00
1.681084177255445899e+00
1.678461461338735639e+00
1.666734765528745221e+00
1.647183392738576391e+00
1.621321178111180927e+00
1.590661956125903664e+00
1.556719561035740718e+00
1.521007828323165167e+00
1.485040592270974846e+00
1.450331687149910120e+00
1.418394948460529159e+00
1.390727680791550958e+00
1.367979532194839587e+00
1.349563064654188960e+00
1.334792917409679758e+00
1.322983729997979419e+00
1.313450141854021869e+00
1.305506792732659571e+00
1.298468322046025802e+00
1.291649369248948798e+00
1.284364574032236694e+00
1.275949631702245179e+00
1.266327750113081185e+00
1.256073457510108238e+00
1.245795141680530627e+00
1.236101190410419992e+00
1.227599991829046999e+00
1.220899933712001229e+00
1.216609403919859389e+00
1.215336790454411897e+00
1.217690481144223291e+00
1.224228487994539760e+00
1.234639900781580923e+00
1.247880647721427705e+00
1.262883679103384171e+00
1.278581944669127113e+00
1.293908394693467523e+00
1.307795979433670652e+00
1.319177648657730240e+00
1.326986352646178480e+00
1.330155041505142410e+00
1.327729245193342233e+00
1.320049433921769877e+00
1.308285016001793588e+00
1.293618925761092164e+00
1.277234098070453738e+00
1.260313467284810196e+00
1.244039967733810315e+00
1.229596534326165891e+00
1.218166101376914057e+00
1.210931603343263330e+00
1.208907024936940244e+00
1.211748570160154914e+00
1.218458389586376533e+00
1.228034437844076621e+00
1.239474669788184213e+00
1.251777040361591098e+00
1.263939504060826113e+00
1.274960015824520676e+00
1.283836530537423304e+00
1.289567002776887295e+00
1.291358095763236902e+00
1.289621484244059646e+00
1.285200363662594603e+00
1.278938478583655058e+00
1.271679573573386346e+00
1.264267393112914473e+00
1.257545681951551586e+00
1.252358184567253785e+00
1.249548645510368816e+00
1.249960809421623020e+00
1.254272166512858222e+00
1.262460892725175032e+00
1.274321323147315166e+00
1.289647792313991292e+00
1.308234634923458595e+00
1.329876184995763877e+00
1.354366777191916782e+00
1.381500746307359861e+00
1.411072426160490112e+00
1.442876018713754815e+00
1.476453608274732376e+00
1.510570823143419616e+00
1.543844298856551944e+00
1.574890670911051949e+00
1.602326573710121771e+00
1.624768642785116235e+00
1.640833513431753321e+00
1.649137820406689103e+00
1.648298199089028415e+00
1.636935912646145574e+00
1.614756255376272209e+00
1.583935735023058733e+00
1.546993536010005332e+00
1.506448842471760585e+00
1.464820840013908665e+00
1.424628712798734709e+00
1.388391645056276325e+00
1.358628822290490090e+00
1.337859428669899930e+00
1.328581023108965642e+00
1.331575060732174354e+00
1.344689538232925585e+00
1.365485197094507441e+00
1.391522778004580907e+00
1.420363022370211281e+00
1.449566671730708745e+00
1.476694466575367848e+00
1.499307148453598915e+00
1.514965458701766021e+00
1.521275724223034809e+00
1.517601482530953172e+00
1.505580337629039978e+00
1.487001010616094465e+00
1.463652222193633667e+00
1.437322693159264198e+00
1.409801143985942806e+00
1.382876296138165317e+00
1.358336870092399673e+00
1.337971586437670668e+00
1.323506275989914327e+00
1.315260146289432885e+00
1.312167576248240763e+00
1.313104413428812567e+00
1.316946505267044154e+00
1.322569699335917948e+00
1.328849842992279928e+00
1.334662783794731356e+00
1.338884369279829567e+00
1.340390446837487870e+00
1.338136449255464155e+00
1.332220338482777766e+00
1.323595530931101383e+00
1.313236101733160188e+00
1.302116125939829949e+00
1.291209679005742128e+00
1.281490835984999466e+00
1.273933671987741212e+00
1.269512262384543844e+00
1.269200682254301160e+00
1.273846592048229143e+00
1.283059164990995482e+00
1.295746140813250458e+00
1.310807263455699090e+00
1.327142276971069679e+00
1.343650924820011028e+00
1.359232951046713600e+00
1.372788099651646165e+00
1.383216114161041954e+00
1.389416738605767199e+00
1.390460830146879045e+00
1.386607099557273015e+00
1.378618029848981408e+00
1.367257927305673526e+00
1.353291098637430911e+00
1.337481850163179775e+00
1.320594488114913645e+00
1.303393319333115308e+00
1.286642650057987280e+00
1.271106786550988188e+00
1.257493443503815422e+00
1.246225937617063018e+00
1.237638441838137648e+00
1.232065098158038996e+00
1.229840048244116968e+00
1.231297433881484826e+00
1.236771396944833956e+00
1.246596079093417853e+00
1.261105622152575823e+00
1.280634162949363830e+00
1.305276269623721230e+00
1.334247304863819705e+00
1.366560990217160931e+00
1.401231046062167529e+00
1.437271193912727840e+00
1.473695155347377828e+00
1.509516650647568570e+00
1.543749401393125442e+00
1.575407129088909119e+00
1.603504073167312471e+00
1.627371489511691749e+00
1.647195751695642807e+00
1.663305970620368779e+00
1.676031257908595418e+00
1.685700725023330238e+00
1.692643483105354063e+00
1.697188643651780460e+00
1.699665318046592155e+00
1.700402617600266453e+00
1.699728592083605161e+00
1.697825858348278372e+00
1.694584956641681961e+00
1.689861486213263264e+00
1.683511046207376349e+00
1.675389235691604473e+00
1.665351654030550410e+00
1.653253900313545577e+00
1.638951573532711592e+00
1.622300273198465481e+00
1.603168581469634590e+00
1.582155650541331005e+00
1.560966020737185378e+00
1.541396231983977794e+00
1.525242824284922749e+00
1.514302338205330445e+00
1.510371313697517870e+00
1.515246291044543447e+00
1.530723810315603561e+00
1.558600411679282871e+00
1.600599177401519801e+00
1.656244314753154256e+00
1.722534358128954057e+00
1.796328629227537332e+00
1.874486450682884886e+00
1.953867142318796546e+00
2.031330026736303029e+00
2.103734426445940109e+00
2.167939661407249030e+00
2.220805054208961238e+00
2.259331146304853988e+00
2.283098081395719348e+00
2.293941222464648710e+00
2.293771906616435263e+00
2.284501471038089093e+00
2.268041252953035158e+00
2.246302589245446679e+00
2.221196817611212015e+00
2.194635274985497375e+00
2.168529298234779468e+00
2.144689366522470664e+00
2.123707015028634348e+00
2.105364725139389659e+00
2.089430440044059090e+00
2.075672102270015973e+00
2.063857654447306622e+00
2.053755039611243394e+00
2.045132200370311182e+00
2.037757079483368372e+00
2.031397619639337737e+00
2.025839340637835662e+00
2.021015466242821024e+00
2.016933090766719339e+00
2.013599856973356417e+00
2.011023407477622982e+00
2.009211384930121191e+00
2.008171432041112148e+00
2.007911191452133703e+00
2.008438305841515614e+00
2.009760417864334681e+00
2.011792489335241463e+00
2.013891499360453974e+00
2.015206612863481350e+00
2.014886643645454445e+00
2.012080405430353824e+00
2.005936712051110238e+00
1.995604377266052776e+00
1.980232214635868626e+00
1.958969038289952058e+00
1.930963661853461799e+00
1.895718765205830270e+00
1.854287392633165554e+00
1.808147055363340971e+00
1.758775275823530215e+00
1.707649575833278366e+00
1.656247479040470427e+00
1.606046507276626345e+00
1.558524182429941174e+00
1.515158028063287476e+00
1.477425462390604682e+00
1.446490131255494749e+00
1.422509915190278029e+00
1.405441586569767365e+00
1.395241918094915823e+00
1.391867682786862348e+00
1.395275653265790394e+00
1.405422602471901428e+00
1.422265302946306598e+00
1.445760527549966756e+00
1.475863258697849068e+00
1.512022265689133782e+00
1.552487311864994668e+00
1.595334564894529628e+00
1.638640190905122695e+00
1.680480357549117620e+00
1.718931232409710130e+00
1.752068981718006180e+00
1.777969773108529772e+00
1.794709773738454306e+00
1.800382763488130866e+00
1.794648886660448639e+00
1.779945943194450875e+00
1.758996815142541914e+00
1.734524385351395637e+00
1.709251535931040733e+00
1.685901148953736772e+00
1.667196107322809429e+00
1.655859293071780369e+00
1.654613588581842931e+00
1.666126595983956626e+00
1.690754477127647926e+00
1.725753256920925738e+00
1.768161665180966846e+00
1.815018432937276716e+00
1.863362291429258466e+00
1.910231970159242287e+00
1.952666200366554694e+00
1.987703713081235168e+00
2.012383238119545226e+00
2.023845955476851977e+00
2.021675426066594117e+00
2.007946381092667654e+00
1.984845759522858355e+00
1.954560500273785362e+00
1.919277541824978339e+00
1.881183823946970701e+00
1.842466285165347939e+00
1.805311863976261533e+00
1.771907500194397356e+00
1.744357215354532364e+00
1.723509323394215587e+00
1.709237750020571989e+00
1.701390904166478535e+00
1.699817195067965692e+00
1.704365031978860578e+00
1.714882824062087696e+00
1.731218980762264881e+00
1.753221910910677250e+00
1.780740023884203937e+00
1.813525255277955939e+00
1.850338843020848278e+00
1.889359955157479121e+00
1.928760328641520694e+00
1.966711699019291659e+00
2.001385803250775641e+00
2.030954378141317740e+00
2.053589159469193515e+00
2.067461884110758152e+00
2.070744288559858148e+00
2.061922008401505746e+00
2.041755937257595299e+00
2.012009530771894372e+00
1.974450615782787688e+00
1.930847020514337320e+00
1.882966571886659723e+00
1.832577096618069445e+00
1.781446423235332199e+00
1.731342378475933197e+00
1.684032789125797125e+00
1.641065559994285161e+00
1.602836926277080520e+00
1.569367413815596635e+00
1.540677341605030781e+00
1.516787027427820345e+00
1.497716789292881767e+00
1.483486945855693850e+00
1.474117815068194837e+00
1.469629715111674173e+00
1.470042963679031534e+00
1.475192281886298140e+00
1.484203011772504910e+00
1.496031038052295647e+00
1.509632245748736779e+00
1.523962519799324067e+00
1.537977745300914689e+00
1.550633806850086449e+00
1.560886589553572401e+00
1.567691978404707864e+00
1.570006265063089046e+00
1.567117064165070683e+00
1.559241496946446981e+00
1.546758467960568595e+00
1.530046881507016954e+00
1.509485641685849977e+00
1.485453653349703584e+00
1.458329820641812047e+00
1.428493047559520113e+00
1.396322239174298652e+00
1.362197028940252297e+00
1.326612801973467537e+00
1.290306305411407006e+00
1.254044475032692452e+00
1.218594246618052823e+00
1.184722557202497750e+00
1.153196342552658571e+00
1.124782538545839206e+00
1.100248082051041409e+00
1.080359908904329869e+00
1.065874665329160420e+00
1.056911008307328537e+00
1.052586686698275154e+00
1.051931928404597150e+00
1.053976961502038900e+00
1.057752013972330651e+00
1.062287313865089899e+00
1.066613089265806558e+00
1.069759568102401914e+00
1.070756978468557552e+00
1.068664878878261781e+00
1.063486808585524246e+00
1.056349770921073183e+00
1.048446337637681802e+00
1.040969080779370337e+00
1.035110572100916615e+00
1.032063383433481363e+00
1.033020086706513130e+00
1.039173253710974132e+00
1.051715456483023781e+00
1.071751507463072350e+00
1.098686293491204280e+00
1.130384904717207650e+00
1.164656795107893439e+00
1.199311419749592433e+00
1.232158233378501944e+00
1.261006691038925931e+00
1.283666246764917584e+00
1.297946355660867246e+00
1.301656472435780421e+00
1.292810265373923073e+00
1.272016738708032113e+00
1.241670782050690480e+00
1.204202485228003994e+00
1.162041937019842930e+00
1.117619225984672005e+00
1.073364442280704267e+00
1.031707674478756775e+00
9.950790112722351921e-01
9.659085426354698800e-01
9.463645990262264940e-01
9.363143549004734334e-01
9.344303606700500309e-01
9.393749980010760448e-01
9.498106488818810478e-01
9.643996948912132439e-01
9.818045179605180417e-01
1.000687500154104681e+00
1.019711022851426119e+00
1.037537468107243566e+00
1.052980662242948062e+00
1.065805422716443962e+00
1.076144843743772617e+00
1.084132822238993210e+00
1.089903255005211680e+00
1.093590038655193553e+00
1.095327070017414695e+00
1.095248245828349898e+00
1.093487462838764301e+00
1.090178617805764416e+00
1.085579993877358707e+00
1.080517532050597973e+00
1.075979017200739296e+00
1.072952246264003762e+00
1.072425016280635912e+00
1.075385124163197093e+00
1.082820366988799687e+00
1.095718541550861902e+00
1.115067444867879676e+00
1.141854763897461433e+00
1.176478470550395006e+00
1.217368766681108605e+00
1.262545913848533097e+00
1.310030171975870461e+00
1.357841802583160229e+00
1.404001066678910892e+00
1.446528225744087237e+00
1.483443539764410346e+00
1.512767270275367393e+00
1.532522465966694947e+00
1.541699082183920266e+00
1.541667169000863868e+00
1.534156443246160295e+00
1.520896622068552029e+00
1.503617422374692536e+00
1.484048560881580547e+00
1.463919755022441427e+00
1.444960721531081793e+00
1.428901177196503003e+00
1.417463810425053650e+00
1.411666346228492408e+00
1.411229401736849853e+00
1.415734148960805516e+00
1.424761759868897970e+00
1.437893406643077743e+00
1.454710260973907765e+00
1.474793494997395538e+00
1.497724281003675717e+00
1.523083790452122166e+00
1.550450968668870999e+00
1.579303441443316025e+00
1.608977987340890925e+00
1.638800981390443390e+00
1.668098799674066823e+00
1.696197818249074007e+00
1.722424412181482900e+00
1.746104957546721570e+00
1.766565830300081075e+00
1.783133405687783890e+00
1.795164832927081955e+00
1.802800621500529887e+00
1.807009081013946306e+00
1.808798191042225945e+00
1.809175931046106411e+00
1.809150280487227036e+00
1.809729218837028641e+00
1.811920725595480786e+00
1.816732780181431472e+00
1.825173362069881566e+00
1.838173578809243480e+00
1.855435140064996880e+00
1.875671167669781481e+00
1.897566791971766031e+00
1.919807142526715582e+00
1.941077349670977670e+00
1.960062543489815789e+00
1.975447854223582933e+00
1.985918411581637510e+00
1.990159345854549677e+00
1.987009996725097594e+00
1.976970693482918762e+00
1.961553979484854882e+00
1.942286789800681035e+00
1.920696060213733070e+00
1.898308725830203381e+00
1.876651721718692878e+00
1.857251983718920307e+00
1.841636446881867339e+00
1.831332046437073036e+00
1.827618841602440369e+00
1.829907720493566314e+00
1.836754027558884284e+00
1.846708675458786475e+00
1.858322577086163108e+00
1.870146645412195108e+00
1.880731792979837502e+00
1.888628932766339252e+00
1.892388977622115664e+00
1.890562840280372692e+00
1.882046728621078913e+00
1.867621389955286038e+00
1.848707306649767901e+00
1.826725483763397495e+00
1.803096925695413910e+00
1.779242636767351504e+00
1.756583622154637370e+00
1.736540886173088660e+00
1.720535433261973113e+00
1.709988268410016499e+00
1.705943558976562580e+00
1.707945325171608575e+00
1.715164341814597648e+00
1.726771383769933221e+00
1.741937226109068204e+00
1.759832643340871527e+00
1.779628410499705993e+00
1.800495302709604006e+00
1.821604094344931646e+00
1.842125795135883148e+00
1.861495991023896623e+00
1.879922424454428143e+00
1.897752943335095033e+00
1.915335395545398667e+00
1.933017628346129779e+00
1.951147489617663267e+00
1.970072827032186336e+00
1.990141488506734557e+00
2.011701321243443363e+00
2.035097499700445400e+00
2.060178649286888763e+00
2.085718174342544806e+00
2.110348924512104318e+00
2.132703749397377280e+00
2.151415497814420430e+00
2.165117019399954046e+00
2.172441163554288845e+00
2.172020779448097016e+00
2.162488716564982649e+00
2.142496827222008626e+00
2.112001044930546190e+00
2.073078956140063767e+00
2.028002906448736820e+00
1.979045243099631035e+00
1.928478311750114971e+00
1.878574457981620816e+00
1.831606029151116921e+00
1.789845370818811343e+00
1.755564828790643128e+00
1.730986813814919811e+00
1.716601572305245904e+00
1.710763219918493228e+00
1.711694027915226402e+00
1.717616267472658942e+00
1.726752209781990510e+00
1.737324126186058582e+00
1.747554287634618841e+00
1.755664965464056149e+00
1.759878430910745362e+00
1.758491119014772952e+00
1.751325012369758127e+00
1.739633764808679484e+00
1.724726395632304898e+00
1.707911923738913096e+00
1.690499367936794117e+00
1.673797747661697644e+00
1.659116081721248914e+00
1.647763389018383817e+00
1.641048688845885284e+00
1.640175780601103028e+00
1.644941046110501182e+00
1.654136948460236622e+00
1.666534329861592889e+00
1.680904032676916904e+00
1.696016898741143253e+00
1.710643770400603891e+00
1.723555489841335442e+00
1.733522899344754675e+00
1.739316840849658652e+00
1.739822618173043844e+00
1.734978785920750832e+00
1.725291365191083504e+00
1.711271871741556705e+00
1.693431821125275683e+00
1.672282729552236225e+00
1.648336112617595051e+00
1.622103485784507360e+00
1.594096365460970999e+00
1.564826267134090676e+00
1.534820173350953665e+00
1.504706400452373138e+00
1.475154057294836285e+00
1.446832364532462112e+00
1.420410543818334093e+00
1.396557815788106671e+00
1.375943401198659100e+00
1.359236521521237862e+00
1.347106397470575478e+00
1.340222249977357061e+00
1.339026044555161832e+00
1.342879348037465226e+00
1.350823001672569079e+00
1.361897795359438224e+00
1.375144518580985853e+00
1.389603961204898486e+00
1.404316913156085089e+00
1.418324163831625517e+00
1.430666503159096159e+00
1.440384743232171028e+00
1.446764215090249772e+00
1.449939763387404268e+00
1.450230599375554208e+00
1.447955934315223070e+00
1.443434979490475056e+00
1.436986946079384486e+00
1.428931045501462771e+00
1.419586488955632664e+00
1.409272487580011557e+00
1.398308350592126548e+00
1.387055797914874544e+00
1.375985069146243411e+00
1.365583514821116839e+00
1.356338485075776923e+00
1.348737330101076326e+00
1.343267400350042440e+00
1.340416045991263516e+00
1.340670617293643341e+00
1.344518464594590013e+00
1.352443032603013462e+00
1.364482948250746119e+00
1.379827470501625353e+00
1.397570269087122785e+00
1.416805014272933150e+00
1.436625376395151754e+00
1.456125025079650914e+00
1.474397630660963632e+00
1.490536863415722557e+00
1.503636393056648091e+00
1.512801668435403535e+00
1.517723216759871097e+00
1.518934657964959856e+00
1.517035162357516898e+00
1.512623900097596508e+00
1.506300041519714750e+00
1.498662756810021479e+00
1.490311216092694790e+00
1.481844589795211276e+00
1.473862048046637785e+00
1.466951591601388216e+00
1.461397046336870176e+00
1.457149218608750019e+00
1.454141961787888793e+00
1.452309129230193507e+00
1.451584574349115808e+00
1.451902150487099252e+00
1.453195711035759841e+00
1.455399109334789776e+00
1.458446198764682844e+00
1.462264464173185896e+00
1.466673708620220618e+00
1.471404010135286544e+00
1.476182706995167404e+00
1.480737137305641715e+00
1.484794639344530154e+00
1.488082551366206374e+00
1.490328211511620093e+00
1.491258958045830196e+00
1.490602129171853418e+00
1.488161297919836423e+00
1.484601906569958052e+00
1.481134089252715391e+00
1.478976561735439343e+00
1.479348039647819135e+00
1.483467238738877869e+00
1.492552874596947188e+00
1.507823662919652641e+00
1.530498319380528605e+00
1.561795560077949618e+00
1.602621925465788522e+00
1.651414066132606662e+00
1.705434576228830545e+00
1.761938911413480024e+00
1.818182529258839386e+00
1.871420887324890314e+00
1.918909441289106121e+00
1.957903648763107185e+00
1.985658966957705829e+00
1.999430852151587557e+00
1.997207302744986590e+00
1.981143974381026629e+00
1.954868372433263390e+00
1.922009682281034637e+00
1.886197088993055715e+00
1.851059778944235568e+00
1.820226937216727681e+00
1.797327749095795069e+00
1.785991400651685268e+00
1.789847077054666169e+00
1.811342187468033327e+00
1.848024164988212537e+00
1.896170663724078942e+00
1.952059335533082196e+00
2.011967832988444282e+00
2.072173806497627169e+00
2.128954908608387875e+00
2.178588791706880912e+00
2.217353106442974564e+00
2.241526315651014123e+00
2.248715641738042503e+00
2.240563365688255537e+00
2.219474858887533486e+00
2.187855492111363098e+00
2.148110637330501227e+00
2.102645665430471045e+00
2.053865947026890737e+00
2.004176854495375526e+00
1.955983758476457446e+00
1.911687988963974183e+00
1.872802055439854341e+00
1.838839340095103969e+00
1.809040226060906864e+00
1.782645097493966713e+00
1.758894337480832126e+00
1.737028329232827462e+00
1.716287456719493232e+00
1.695912103134400439e+00
1.675142651938681615e+00
1.653225859151806310e+00
1.629894929697272232e+00
1.605703912106108078e+00
1.581285901045762721e+00
1.557273992052883749e+00
1.534301279793863992e+00
1.513000858984130836e+00
1.494005825086781147e+00
1.477949272793780633e+00
1.465464296935748534e+00
1.457175100738484774e+00
1.453372591944531278e+00
1.453921746855730390e+00
1.458659772338077421e+00
1.467423875253252463e+00
1.480051262652908761e+00
1.496379141118082901e+00
1.516244717655816254e+00
1.539485199440074670e+00
1.565937792801505468e+00
1.595417592244351201e+00
1.627255937019938425e+00
1.660313817642475431e+00
1.693432795344560704e+00
1.725454430994966426e+00
1.755220285795733748e+00
1.781571919901991263e+00
1.803350894549222705e+00
1.819398770757147954e+00
1.828557109004540049e+00
1.829776074563905786e+00
1.823536200176657296e+00
1.811449481929489735e+00
1.795154451045188670e+00
1.776289638547968730e+00
1.756493576154471992e+00
1.737404794909564121e+00
1.720661825891482977e+00
1.707903200766809126e+00
1.700767450576446072e+00
1.700725254135746933e+00
1.707629678046069577e+00
1.720429462171569224e+00
1.738063455897554066e+00
1.759470507950511964e+00
1.783589467664983497e+00
1.809359184503472218e+00
1.835718507000522859e+00
1.861606284605424655e+00
1.885961366471128331e+00
1.907799070368808581e+00
1.926657563188788114e+00
1.942293769927577074e+00
1.954465354097170149e+00
1.962929978797830932e+00
1.967445307583854053e+00
1.967769003823186980e+00
1.963658730895614379e+00
1.954872152219959691e+00
1.941166930994390416e+00
1.922579594064402153e+00
1.900527890858666913e+00
1.876856427943075944e+00
1.853409937394484786e+00
1.832033150439834612e+00
1.814570798403724705e+00
1.802867613216519116e+00
1.798768326145762986e+00
1.804117668817790676e+00
1.820760344623514326e+00
1.849720365909913955e+00
1.889052660384199722e+00
1.936140938533065681e+00
1.988368912204815597e+00
2.043120292839813334e+00
2.097778792512354773e+00
2.149728121347546317e+00
2.196351991436212181e+00
2.235034114617891809e+00
2.263160061133171475e+00
2.279149494626014238e+00
2.284173194978658561e+00
2.279854406827912516e+00
2.267816375033898435e+00
2.249682344092503339e+00
2.227075559186885823e+00
2.201619264875271043e+00
2.174936705581425489e+00
2.148651126690192203e+00
2.124381377464005904e+00
2.103173387230035107e+00
2.084937566622294902e+00
2.069450618796789598e+00
2.056489247039230417e+00
2.045830155077802637e+00
2.037250046169742923e+00
2.030525623670382362e+00
2.025433591160762603e+00
2.021750651975642299e+00
2.019255589259009831e+00
2.017840389099816001e+00
2.017566148978771956e+00
2.018507795514541847e+00
2.020740255383161710e+00
2.024338455174492069e+00
2.029377321548899715e+00
2.035931781234730398e+00
2.044076760719876429e+00
2.053887186714364432e+00
2.065425197567811288e+00
2.078379596077013947e+00
2.092015699694126152e+00
2.105575957362787687e+00
2.118302817542732974e+00
2.129438729182963730e+00
2.138226141157413274e+00
2.143907502038419288e+00
2.145725260732086692e+00
2.142921865962215566e+00
2.134805421683655613e+00
2.121859130382139025e+00
2.105580738818766839e+00
2.087501321230967655e+00
2.069151951281687385e+00
2.052063702809254764e+00
2.037767649505846990e+00
2.027794865562122961e+00
2.023676424628291670e+00
2.026943400630800696e+00
2.038947007225425434e+00
2.058902543620608316e+00
2.084625607030117234e+00
2.113907471073843247e+00
2.144539410274027169e+00
2.174312699216612632e+00
2.201018611425936466e+00
2.222448421511099781e+00
2.236393403832248605e+00
2.240644832287150390e+00
2.233329999324761062e+00
2.215355587689540773e+00
2.189000069096267875e+00
2.156551596294382200e+00
2.120298321745825110e+00
2.082528399231440286e+00
2.045529981244556428e+00
2.011591220314907336e+00
1.983000270168730372e+00
1.962045283286169450e+00
1.950572186467660618e+00
1.947803614581528509e+00
1.951998602729849486e+00
1.961414707023695803e+00
1.974309483820499755e+00
1.988940488990567745e+00
2.003565278860573340e+00
2.016441409756897674e+00
2.025826437550285242e+00
2.029977918598022679e+00
2.027733498151409020e+00
2.020436015080241621e+00
2.010104438328438103e+00
1.998757747139097374e+00
1.988414921174757044e+00
1.981094939678580857e+00
1.978816782036364907e+00
1.983599427696698170e+00
1.997461855973994282e+00
2.022422624689991011e+00
2.059427356592593128e+00
2.106030774725576205e+00
2.159119345715396321e+00
2.215579536862176901e+00
2.272297813429726254e+00
2.326160642696758707e+00
2.374054491807252365e+00
2.412865826227118760e+00
2.439481113189112094e+00
2.450792870591079975e+00
2.445291536127946141e+00
2.425201483958642434e+00
2.393279548546780156e+00
2.352282565571696793e+00
2.304967369620314788e+00
2.254090794981427948e+00
2.202409677781565378e+00
2.152680852335272288e+00
2.107661153049213976e+00
2.070091540120064799e+00
2.041357664834002605e+00
2.020472790671076435e+00
2.006210680241994115e+00
1.997345095386540370e+00
1.992649798199135569e+00
1.990898550908532183e+00
1.990865115567190591e+00
1.991323254305142898e+00
1.991046729240004254e+00
1.988825230745181472e+00
1.984095391540590558e+00
1.977150649918615999e+00
1.968343386680692975e+00
1.958025982391395470e+00
1.946550817544044687e+00
1.934270273046957866e+00
1.921536729405034061e+00
1.908702567101795644e+00
1.896120167077624652e+00
1.884149964211840222e+00
1.873340097174796659e+00
1.864427781544866658e+00
1.858158561457642799e+00
1.855277981173436119e+00
1.856531585038907695e+00
1.862664917269997611e+00
1.874423522312895551e+00
1.892552944168885976e+00
1.917798727213404941e+00
1.950791971473039066e+00
1.990463195431878107e+00
2.034439843531413050e+00
2.080316186989938476e+00
2.125686497548506804e+00
2.168145045331363541e+00
2.205286102099719425e+00
2.234703939363880565e+00
2.253992827624450968e+00
2.260747038497029848e+00
2.252881626418420602e+00
2.231551289670189231e+00
2.199789674244067239e+00
2.160653489158121499e+00
2.117199444876930237e+00
2.072484250487523827e+00
2.029564615017425577e+00
1.991497249020472537e+00
1.961338861484980045e+00
1.942146161772446034e+00
1.936469847823998558e+00
1.943248506198291370e+00
1.959850394467217649e+00
1.983637346736549789e+00
2.011971197672765665e+00
2.042213782156888424e+00
2.071726933972872331e+00
2.097872487994784763e+00
2.118012278746013610e+00
2.129508140824201146e+00
2.130312947134264778e+00
2.121429929007975446e+00
2.104843520418075098e+00
2.082538622472364320e+00
2.056500135713690725e+00
2.028712960508729957e+00
2.001161998229538774e+00
1.975832149251715242e+00
1.954708314055659146e+00
1.939775390276570644e+00
1.932540084972816707e+00
1.932707427758735497e+00
1.939558204072390657e+00
1.952373199322589903e+00
1.970433199199564722e+00
1.993018988719243323e+00
2.019411353514227514e+00
2.048891079396732984e+00
2.080738951113266566e+00
2.114235854413120563e+00
2.148735934220972865e+00
2.183796024087453880e+00
2.219007721408254863e+00
2.253962623177002023e+00
2.288252326786284652e+00
2.321468428416730845e+00
2.353202525471185247e+00
2.383046215282563995e+00
2.410591094136388168e+00
2.435430321042240109e+00
2.457392076845739570e+00
2.476788137492241582e+00
2.493989828099610229e+00
2.509368473682167089e+00
2.523295398722943172e+00
2.536141928255575273e+00
2.548279387262721407e+00
2.560079100303880750e+00
2.571912392367885936e+00
2.584146225187335499e+00
2.596886265347775780e+00
2.609833460726936227e+00
2.622653978261881846e+00
2.635013984434749545e+00
2.646579646186068224e+00
2.657017130418882989e+00
2.665992603671555994e+00
2.673172232862409015e+00
2.678222184779331716e+00
2.680824216250449421e+00
2.681149031734061161e+00
2.679941999857840429e+00
2.677981362815931465e+00
2.676045362880898004e+00
2.674912242251184846e+00
2.675360243163118490e+00
2.678167607832436570e+00
2.684112578472226396e+00
2.693973397443622186e+00
2.708494574328207616e+00
2.727780701204753466e+00
2.751363937036527041e+00
2.778756256980003503e+00
2.809469637006651865e+00
2.843016053244647345e+00
2.878907480615408687e+00
2.916655895216567540e+00
2.955773273233381904e+00
2.995771589455833883e+00
3.036145577435680032e+00
3.076174711306911114e+00
3.114992212670265381e+00
3.151728513248963193e+00
3.185514044290300273e+00
3.215479237369099241e+00
3.240754523017151723e+00
3.260470332859473075e+00
3.273757098258756937e+00
3.279745250140281065e+00
3.277697198859297334e+00
3.268017203989410202e+00
3.251694563123297854e+00
3.229723322881702607e+00
3.203097529618835537e+00
3.172811230664481119e+00
3.139858472421892088e+00
3.105233301168507598e+00
3.069929764422837160e+00
3.034941908476184391e+00
3.001126233347648942e+00
2.968488294109047576e+00
2.936708608484989380e+00
2.905467044907926510e+00
2.874443472910849007e+00
2.843317760921748594e+00
2.811769777363796408e+00
2.779479391777213593e+00
2.746126472592040901e+00
2.711390888607348337e+00
2.675124613052980216e+00
2.637953813092657196e+00
2.600722252180672989e+00
2.564273705369628509e+00
2.529451949002363254e+00
2.497100758117265062e+00
2.468063907869299634e+00
2.443185174426441009e+00
2.423308332899580364e+00
2.409277037257397946e+00
2.401411654639139748e+00
2.398311058712569110e+00
2.398220639302977464e+00
2.399385786210752158e+00
2.400051889236024749e+00
2.398464338155379405e+00
2.392868522804523224e+00
2.381509832996973941e+00
2.362633658274328141e+00
2.334489041711418356e+00
2.296501362172566285e+00
2.250952458721253269e+00
2.200549369687204049e+00
2.147999131800885309e+00
2.096008782290794237e+00
2.047285357840587405e+00
2.004535896854886534e+00
1.970467435962843572e+00
1.947787012203224588e+00
1.939184739159412585e+00
1.945725072392594290e+00
1.965520073577794236e+00
1.996369537637407765e+00
2.036073260142128749e+00
2.082431037080443748e+00
2.133242662748061846e+00
2.186307933067953346e+00
2.239426644069424821e+00
2.290398589888679393e+00
2.337040401473635232e+00
2.377911885030791872e+00
2.412592967859739090e+00
2.440737550968924197e+00
2.461999535058366995e+00
2.476032820114205446e+00
2.482491306919690999e+00
2.481028895900657005e+00
2.471299487579368570e+00
2.452956982477136894e+00
2.425696702157467133e+00
2.390244036883373724e+00
2.348399366159219515e+00
2.302013478218641662e+00
2.252937161081002948e+00
2.203021204529202581e+00
2.154116396603426242e+00
2.108073525391563674e+00
2.066743380604952218e+00
2.031976750286807576e+00
2.005536520410949208e+00
1.987806744008757676e+00
1.978076570625236563e+00
1.975604982130272358e+00
1.979650960434034657e+00
1.989473487325156054e+00
2.004331544864836001e+00
2.023484114554393365e+00
2.046190178399997173e+00
2.071708718575490327e+00
2.099332838701238213e+00
2.128717007833251795e+00
2.159733094147818555e+00
2.192255942284633718e+00
2.226160397972870353e+00
2.261321306585203583e+00
2.297613513928604689e+00
2.334911864518291136e+00
2.373091204148626510e+00
2.412026378655544701e+00
2.451571691667914443e+00
2.491428308979012574e+00
2.531228235163276441e+00
2.570603135769208514e+00
2.609184677758466631e+00
2.646604528055275019e+00
2.682494352264287674e+00
2.716485817325605456e+00
2.748210590089753325e+00
2.777300336295749350e+00
2.803528751520622642e+00
2.827433443044972350e+00
2.849807730725250732e+00
2.871445118438963107e+00
2.893139110028842165e+00
2.915683208574241014e+00
2.939870917912543291e+00
2.966495741958689702e+00
2.996351183675702412e+00
3.030230746821198640e+00
3.068442739100372130e+00
3.109391503926528078e+00
3.151014422639044632e+00
3.191248878034617320e+00
3.228032252844426520e+00
3.259301928506123325e+00
3.282995287803761375e+00
3.297049713163909601e+00
3.299402586560451933e+00
3.287992357590430181e+00
3.261824864342464547e+00
3.222977884081650757e+00
3.174078473220963925e+00
3.117753687699051035e+00
3.056630585507123854e+00
2.993336222655927248e+00
2.930497655053753814e+00
2.870741940845492390e+00
2.816696135918565602e+00
2.770980810004871842e+00
2.735078317138747828e+00
2.708039013461414957e+00
2.688600233698047237e+00
2.675499313209458219e+00
2.667473586638612115e+00
2.663260388900123843e+00
2.661597054899061732e+00
2.661220919576870791e+00
2.660869317815988566e+00
2.659288221033133226e+00
2.655795110670867043e+00
2.650625407694686242e+00
2.644097370133225766e+00
2.636529256256031850e+00
2.628239324105887231e+00
2.619545831691515669e+00
2.610767037333550977e+00
2.602221199043601274e+00
2.594226574844264555e+00
2.587098020844452062e+00
2.581035491031991036e+00
2.576099008881174601e+00
2.572340129073940496e+00
2.569810406110276446e+00
2.568561394548169563e+00
2.568644648982558731e+00
2.570111723956018945e+00
2.573014174076423188e+00
2.577403553840763806e+00
2.583324839670312123e+00
2.590690557022879759e+00
2.599290475035321624e+00
2.608909726776341031e+00
2.619333445614237199e+00
2.630346764955268313e+00
2.641734817811198344e+00
2.653282737582599360e+00
2.664775657677583176e+00
2.675998711096600591e+00
2.686762023900363339e+00
2.697204008406912656e+00
2.707694294969089643e+00
2.718607342547099126e+00
2.730317610121094862e+00
2.743199556254321880e+00
2.757627639915321449e+00
2.773976320145585817e+00
2.792620055398931544e+00
2.813933304691986770e+00
2.838187695186196624e+00
2.864723797535642547e+00
2.892387072093419498e+00
2.920018394422045471e+00
2.946458639099548638e+00
2.970548681695659887e+00
2.991129397451694594e+00
3.007041661764584095e+00
3.017126349488839399e+00
3.020224336083295213e+00
3.015445528616565785e+00
3.003636150605288879e+00
2.986331930685218516e+00
2.965070343902604044e+00
2.941388866088531451e+00
2.916824972326866661e+00
2.892916137659839126e+00
2.871199837980987546e+00
2.853213548315747250e+00
2.840494743865550564e+00
2.834173553659899092e+00
2.833471300475437271e+00
2.837050671721565109e+00
2.843574284624399429e+00
2.851704756527247753e+00
2.860104704849239621e+00
2.867436746702760608e+00
2.872363499511649820e+00
2.873547580586249595e+00
2.869651666509542398e+00
2.859832579588174717e+00
2.844939605915318470e+00
2.826184079616364642e+00
2.804777335510370229e+00
2.781930707761146593e+00
2.758855530464563444e+00
2.736763138541590035e+00
2.716864866083646746e+00
2.700372047285686250e+00
2.688494941951170780e+00
2.682013768802518960e+00
2.680623344639037509e+00
2.683849889237041264e+00
2.691219622299203973e+00
2.702258763723697221e+00
2.716493532993589088e+00
2.733450149966562215e+00
2.752654834628725400e+00
2.773633806270502600e+00
2.795913595589041734e+00
2.819054542812072128e+00
2.842680704895484745e+00
2.866423195954310721e+00
2.889913130109067918e+00
2.912781620648307257e+00
2.934659781697703362e+00
2.955178727103621394e+00
2.973969570922446071e+00
2.990663426553589854e+00
3.004897172725894183e+00
3.016585186248025074e+00
3.026036672207942146e+00
3.033590985465374423e+00
3.039587480790526985e+00
3.044365512752588820e+00
3.048264436138141242e+00
3.051623605692286745e+00
3.054782376046433434e+00
3.058080101950049645e+00
3.061850301729816870e+00
3.066271326145176612e+00
3.071353755339879310e+00
3.077099807577070134e+00
3.083511700912646258e+00
3.090591653601912014e+00
3.098341883931693186e+00
3.106764609910602548e+00
3.115862049817547330e+00
3.125636421963268408e+00
3.136061239414007495e+00
3.146634172223651049e+00
3.156461340571917518e+00
3.164637219706121218e+00
3.170256284588639950e+00
3.172413010491609064e+00
3.170201872523789266e+00
3.162717345892617438e+00
3.149053905763722572e+00
3.128306027011178436e+00
3.099723644055538241e+00
3.064284292333327553e+00
3.024043417073391637e+00
2.981072852167517606e+00
2.937444430087289060e+00
2.895229983273249541e+00
2.856501345663746250e+00
2.823330349670422734e+00
2.797788827967162106e+00
2.781948614098953776e+00
2.777609943011067006e+00
2.784457420286546192e+00
2.801183296162236491e+00
2.826474112864201693e+00
2.859016413022644976e+00
2.897496738065618249e+00
2.940601630545528700e+00
2.987017632671096212e+00
3.035431287228759878e+00
3.084529135272121358e+00
3.133045449265175364e+00
3.179982091358770191e+00
3.224434116360884506e+00
3.265496675752581623e+00
3.302264920854991459e+00
3.333834001708047889e+00
3.359299069688875594e+00
3.377755275886577202e+00
3.388297770773117890e+00
3.390021705525616547e+00
3.382418892123680187e+00
3.366602349263957628e+00
3.344099224781468482e+00
3.316436666345931705e+00
3.285141822645451626e+00
3.251741841401601718e+00
3.217763870236625134e+00
3.184735057987623907e+00
3.154182552274648721e+00
3.127633151226635988e+00
3.106114545686534445e+00
3.089159912487535298e+00
3.076023887533480217e+00
3.065961106624698118e+00
3.058226205895110628e+00
3.052073821113193031e+00
3.046758588122091993e+00
3.041535142943719627e+00
3.035658121415743427e+00
3.028383902954411067e+00
3.019329651144673221e+00
3.008913177097774838e+00
2.997659960104369858e+00
2.986095479861389901e+00
2.974745215666256382e+00
2.964134646826505293e+00
2.954789253023899498e+00
2.947234513554150670e+00
2.941995907797457566e+00
2.939595827847635512e+00
2.940329819462636163e+00
2.944115549889028127e+00
2.950834904011298665e+00
2.960369766831298932e+00
2.972602023483732925e+00
2.987413558653810863e+00
3.004686257445112751e+00
3.024302004832601476e+00
3.046142686061536597e+00
3.070083773142296746e+00
3.095766941455519561e+00
3.122538822675055226e+00
3.149727177544618950e+00
3.176659767756861097e+00
3.202664354992363904e+00
3.227068700012944102e+00
3.249200564514095113e+00
3.268387710084084574e+00
3.283957897645570778e+00
3.295267441337701886e+00
3.302283751730983319e+00
3.305561021559473733e+00
3.305677130976555134e+00
3.303209959986448396e+00
3.298737388699331419e+00
3.292837297146487874e+00
3.286087565291846868e+00
3.279066073346621479e+00
3.272350701281354191e+00
3.266505041390992403e+00
3.261895044184875747e+00
3.258742370778617836e+00
3.257265397480940905e+00
3.257682500617520294e+00
3.260212056489387500e+00
3.265072441398585656e+00
3.272482031757140142e+00
3.282659203701109085e+00
3.295822333611158506e+00
3.312091749843476762e+00
3.330658232249346984e+00
3.350199617807246621e+00
3.369388365313433109e+00
3.386896932879345012e+00
3.401397779313231062e+00
3.411563363281417516e+00
3.416066143108225095e+00
3.413578577518949775e+00
3.402773124909050040e+00
3.382643921763205164e+00
3.354351564721603118e+00
3.319950857495651331e+00
3.281499415769140615e+00
3.241054854020214204e+00
3.200674786632969226e+00
3.162416829432267651e+00
3.128338596789309367e+00
3.100497703556056805e+00
3.080951764410918781e+00
3.071189501432976421e+00
3.069922393464232346e+00
3.075015714255612487e+00
3.084334534228852842e+00
3.095743923973609757e+00
3.107108954178181115e+00
3.116294695116337277e+00
3.121166217489493633e+00
3.119588591795495525e+00
3.109426938601667967e+00
3.089541528244011293e+00
3.062341731303343195e+00
3.031027789102036518e+00
2.998799942005279107e+00
2.968858430335139076e+00
2.944403495478670862e+00
2.928635377712094368e+00
2.924754317721521613e+00
2.935960556279173073e+00
2.965450755451912279e+00
3.014603720301274326e+00
3.080028166456075134e+00
3.157559863789484389e+00
3.243034581707197272e+00
3.332288090673684255e+00
3.421156157947981669e+00
3.505474553974545771e+00
3.581079048983151658e+00
3.643805410554854518e+00
3.689507001831685340e+00
3.716221709788099403e+00
3.726260439190989704e+00
3.722429300371535188e+00
3.707534403006460089e+00
3.684381857381409997e+00
3.655777773287072208e+00
3.624528260256898893e+00
3.593439428962383886e+00
3.565317388951639188e+00
3.542934803614901096e+00
3.527302409755190826e+00
3.516832147519960650e+00
3.509727171787374367e+00
3.504190637656582119e+00
3.498425699976649206e+00
3.490635513585857552e+00
3.479023233599527476e+00
3.461792014890431979e+00
3.437145012407760269e+00
3.403350938801368297e+00
3.360545528364121903e+00
3.310955995584013323e+00
3.256920186439768994e+00
3.200775948862396802e+00
3.144861128869284705e+00
3.091513572488648887e+00
3.043071127635256445e+00
3.001871640293249044e+00
2.970252956788526522e+00
2.950422137973650827e+00
2.942292280669738247e+00
2.943820603627527177e+00
2.952901695077416733e+00
2.967430143271767129e+00
2.985300536719969866e+00
3.004407463266874245e+00
3.022645511394868478e+00
3.037909269545342017e+00
3.048093325624642524e+00
3.051263452954156019e+00
3.047483152794119299e+00
3.038108451377321995e+00
3.024517082297033088e+00
3.008086779152705947e+00
2.990195275329533331e+00
2.972220304862618345e+00
2.955539601146267348e+00
2.941530897635856512e+00
2.931571928274883110e+00
2.926930834005832871e+00
2.927983415910534237e+00
2.934670848695061007e+00
2.946931393829869794e+00
2.964703313048389965e+00
2.987924867422247832e+00
3.016534318620220922e+00
3.050469928565315847e+00
3.089669957947816403e+00
3.134072668628264502e+00
3.183393482052842671e+00
3.236045305836785069e+00
3.289969187061547284e+00
3.343105517837756668e+00
3.393394688388100988e+00
3.438777090844646889e+00
3.477193117107930664e+00
3.506583157747932056e+00
3.524887604759512350e+00
3.530046849639231432e+00
3.520789209169062239e+00
3.499197185425640289e+00
3.468245657499038792e+00
3.430909511534428802e+00
3.390163635053467406e+00
3.348982914259098109e+00
3.310342235333739946e+00
3.277216485829829828e+00
3.252580551882279458e+00
3.239408755527165784e+00
3.239456454539935581e+00
3.250680581035243044e+00
3.270300297268437184e+00
3.295534764734624478e+00
3.323603145606519149e+00
3.351724602190550240e+00
3.377118295781247781e+00
3.397003388700817972e+00
3.408599043011545149e+00
3.409129764629190706e+00
3.397140932752789944e+00
3.374223068269098125e+00
3.342394366195584166e+00
3.303673020779331004e+00
3.260077226477278600e+00
3.213625177189490589e+00
3.166335068488668636e+00
3.120225094296666946e+00
3.077313448591024070e+00
3.039610533206319687e+00
3.008487594040832658e+00
2.984211479765795261e+00
2.966939380911490343e+00
2.956828487106857750e+00
2.954035988318737260e+00
2.958719074570559382e+00
2.971034935741907024e+00
2.991140762072519887e+00
3.019193743045594402e+00
3.055324966849825685e+00
3.098635327967132369e+00
3.146878435581071720e+00
3.197716945529292865e+00
3.248813513771910522e+00
3.297830794445478109e+00
3.342431443520852419e+00
3.380278116760486729e+00
3.409033468613539064e+00
3.426360154935919056e+00
3.430024223322036381e+00
3.420147610540014149e+00
3.399195912860291990e+00
3.369735672401887872e+00
3.334333430882340465e+00
3.295555731322223458e+00
3.255969115494034227e+00
3.218140125132099350e+00
3.184635303314243604e+00
3.158021191738924482e+00
3.140736534702012417e+00
3.133356541078751167e+00
3.135046370271600935e+00
3.144936298364815030e+00
3.162156601039157078e+00
3.185837554287279438e+00
3.215109434406679512e+00
3.249102516620850700e+00
3.286947077166468389e+00
3.327773392461942148e+00
3.370748027457846518e+00
3.415398013138044142e+00
3.461456753777746087e+00
3.508660085782342897e+00
3.556743847182000540e+00
3.605443875471352921e+00
3.654496008724704481e+00
3.703636083276824920e+00
3.752599937199422087e+00
3.801123408555891370e+00
3.848933237968887866e+00
3.895692221143663314e+00
3.941035726355700763e+00
3.984599015250290144e+00
4.026017351090027674e+00
4.064925997036302086e+00
4.100960214886215205e+00
4.133755267832912139e+00
4.162946418916698477e+00
4.188168930163934434e+00
4.209184453794047265e+00
4.226397526299672691e+00
4.240416581730068302e+00
4.251850137214806757e+00
4.261306709761464084e+00
4.269394816058206032e+00
4.276722973132341288e+00
4.283899697889160585e+00
4.291533507329091890e+00
4.300232916113193582e+00
4.310459350129511868e+00
4.322127938238591760e+00
4.335027007699076229e+00
4.348944886176530744e+00
4.363669901384598759e+00
4.378990380509811153e+00
4.394694651257533557e+00
4.410571041351246890e+00
4.426407877950316205e+00
4.441993561594109075e+00
4.457164725382001258e+00
4.471889612894526245e+00
4.486158709547124701e+00
4.499962500733733606e+00
4.513291471362474105e+00
4.526136106832828077e+00
4.538486892521421900e+00
4.550334313370658634e+00
4.561668854763047953e+00
4.572481422569627085e+00
4.582823014089104419e+00
4.592866648310124589e+00
4.602800134831945833e+00
4.612811283373119409e+00
4.623087903298558565e+00
4.633817804324793066e+00
4.645188796189733793e+00
4.657388688226215656e+00
4.670605290163480916e+00
4.685020408921117152e+00
4.700468447153624219e+00
4.716252548083629925e+00
4.731630988256317671e+00
4.745862043670659780e+00
4.758203990880996770e+00
4.767915106352534238e+00
4.774253666217950887e+00
4.776477946977860434e+00
4.773846224938739446e+00
4.765634586883266799e+00
4.751663606229656445e+00
4.732385827177260751e+00
4.708289223729925865e+00
4.679861769234818780e+00
4.647591436834757062e+00
4.611966200840109664e+00
4.573474034436153524e+00
4.532602911167118442e+00
4.489840804063570445e+00
4.445685131309228488e+00
4.400808790384947322e+00
4.356039701571349454e+00
4.312211119050224362e+00
4.270156295408579439e+00
4.230708483317113355e+00
4.194700936832074234e+00
4.162966908588494164e+00
4.136339651423051045e+00
4.115652419089525615e+00
4.101626421974842174e+00
4.093608709499624076e+00
4.090024513745445844e+00
4.089282038022537868e+00
4.089789485775210842e+00
4.089955060413066334e+00
4.088186965375061988e+00
4.082893404008918203e+00
4.072482579861090635e+00
4.055362696330277572e+00
4.030188122266023854e+00
3.997709359140111385e+00
3.959736826196512460e+00
3.918089140817334393e+00
3.874584919867698485e+00
3.831042781773968731e+00
3.789281343412438385e+00
3.751119221743426380e+00
3.718375035067260637e+00
3.692867400291075075e+00
3.676110851579077465e+00
3.667766431381032532e+00
3.666796886361844532e+00
3.672163688342013010e+00
3.682828308908611792e+00
3.697752219813521979e+00
3.715896893009595470e+00
3.736223799782443233e+00
3.757694412053054211e+00
3.779270201796376849e+00
3.799926472770986496e+00
3.818699864001537936e+00
3.834644008509911384e+00
3.846812539385644047e+00
3.854259090310370173e+00
3.856037294742916899e+00
3.851200786107034091e+00
3.838803197933994049e+00
3.817898163698803415e+00
3.787539531635778278e+00
3.747541727354097407e+00
3.700186062856867242e+00
3.648253108228084240e+00
3.594523435432993796e+00
3.541777614593188073e+00
3.492796215876681210e+00
3.450359811179084968e+00
3.417248970607604797e+00
3.396244264709479932e+00
3.390121512720178476e+00
3.400232537067068961e+00
3.424517975334474773e+00
3.460418307889426170e+00
3.505374015904981544e+00
3.556825580981478385e+00
3.612213482845030743e+00
3.668978203034443553e+00
3.724560223153491112e+00
3.776400022830836534e+00
3.821948153427753070e+00
3.859582305198532293e+00
3.889342184362267307e+00
3.911440431121202099e+00
3.926089685186358036e+00
3.933502586314354232e+00
3.933891774043414280e+00
3.927469888214265126e+00
3.914449568346256125e+00
3.895043454459678145e+00
3.869476542378192274e+00
3.838503295290759176e+00
3.803595822264470350e+00
3.766277317366328869e+00
3.728070974549583028e+00
3.690499989133775305e+00
3.655087555073637695e+00
3.623356866425756717e+00
3.596831118356897061e+00
3.577033504871229397e+00
3.565420567753801784e+00
3.561829210783148181e+00
3.564427057142623312e+00
3.571305146580119771e+00
3.580554518563618505e+00
3.590266212801781709e+00
3.598531269025085244e+00
3.603440726668789118e+00
3.603085625491693200e+00
3.595557005142815843e+00
3.579076184717381093e+00
3.553869124214063646e+00
3.521733724531920018e+00
3.484510019095428568e+00
3.444038042687235901e+00
3.402157828780987714e+00
3.360709410783883744e+00
3.321532823578242866e+00
3.286468100555316241e+00
3.257355275300377606e+00
3.235947701841219271e+00
3.223096088762659850e+00
3.219115068430236093e+00
3.224312205161500078e+00
3.238995063077171999e+00
3.263471206745558018e+00
3.298048199812833925e+00
3.343033606729966412e+00
3.398734992439046643e+00
3.465459919849565473e+00
3.543214810953229321e+00
3.629795223566140372e+00
3.722011546099444068e+00
3.816669644901499403e+00
3.910575385345136379e+00
4.000534633828532805e+00
4.083353253570748187e+00
4.155837111035355136e+00
4.214792072198278561e+00
4.257024001010048408e+00
4.280007478708219182e+00
4.284761712528235122e+00
4.273475905848133749e+00
4.248339992869079040e+00
4.211543907138716847e+00
4.165277583588554933e+00
4.111730955890871009e+00
4.053093957374414913e+00
3.991556523485981334e+00
3.929308587238010908e+00
3.868270694240765195e+00
3.809321357895138149e+00
3.753087168850365529e+00
3.700194717883798834e+00
3.651270597628579306e+00
3.606941398818940492e+00
3.567833712405930502e+00
3.534574130697472061e+00
3.507789244579321064e+00
3.488105310185330765e+00
3.475849468994249847e+00
3.470499928663747902e+00
3.471385314845177206e+00
3.477834253484085369e+00
3.489175370261023090e+00
3.504737291059872639e+00
3.523848641963667649e+00
3.545838048354224448e+00
3.570034136276670100e+00
3.595766093548785847e+00
3.622456354213716700e+00
3.649723954991472397e+00
3.677212846231348475e+00
3.704566977306433806e+00
3.731430298565513226e+00
3.757446760334214098e+00
3.782260312020361948e+00
3.805514903961672690e+00
3.826854486422303303e+00
3.845925340510348622e+00
3.862522616907431150e+00
3.876677526002121787e+00
3.888442217857788208e+00
3.897868843052511245e+00
3.905009551983098515e+00
3.909916495091267041e+00
3.912641822658568191e+00
3.913237685152762158e+00
3.911756232941130840e+00
3.908254141453912034e+00
3.902936925284810510e+00
3.896189098858097388e+00
3.888405798441288308e+00
3.879982160066877572e+00
3.871313319737146319e+00
3.862794413764933488e+00
3.854820578153080657e+00
3.847786948930149720e+00
3.842088662370402030e+00
3.838116537661901084e+00
3.836176297568247850e+00
3.836495776804679014e+00
3.839299938397144452e+00
3.844813745488835366e+00
3.853262161013161879e+00
3.864870148080024048e+00
3.879862669948406229e+00
3.898464689328089872e+00
3.920901169436808331e+00
3.947347257642884966e+00
3.977335459499349302e+00
4.009951362145940834e+00
4.044271509142883581e+00
4.079372444130810571e+00
4.114330709498127625e+00
4.148222848881707669e+00
4.180125405868119870e+00
4.209114922921220803e+00
4.234267943656497835e+00
4.254796197459060458e+00
4.271115849954701282e+00
4.284275217143775905e+00
4.295328207946133681e+00
4.305328730909107726e+00
4.315330694971176051e+00
4.326388009070885055e+00
4.339554581755466600e+00
4.355884321944802906e+00
4.376431138708028357e+00
4.401939868110791743e+00
4.431190239507158068e+00
4.462192233348766912e+00
4.492954030981122671e+00
4.521483814860022044e+00
4.545789767081970467e+00
4.563880069912372051e+00
4.573762905001355961e+00
4.573446454699396924e+00
4.560938900875720847e+00
4.534995000019825362e+00
4.497817802917271734e+00
4.452605261090390343e+00
4.402555422701903254e+00
4.350866334324179796e+00
4.300736042452243169e+00
4.255362595364838185e+00
4.217944039519739619e+00
4.191678421750069106e+00
4.179763601883204061e+00
4.184179793525144575e+00
4.202795706056444480e+00
4.232613131731961964e+00
4.270633863416962051e+00
4.313859694363782360e+00
4.359292416246669966e+00
4.403933822274243681e+00
4.444785705617793070e+00
4.478849858007562190e+00
4.503131464891658275e+00
4.515889847276349123e+00
4.518506740788484244e+00
4.512841671356166984e+00
4.500754165037994525e+00
4.484103747589518463e+00
4.464749945393406527e+00
4.444552284248070251e+00
4.425370289912099686e+00
4.409063488827894339e+00
4.397482547623788207e+00
4.391556448602118579e+00
4.390499742198825217e+00
4.393340159736538908e+00
4.399105432721777120e+00
4.406823292434045136e+00
4.415521470351090549e+00
4.424227697996919950e+00
4.431969706581651458e+00
4.437775227634932484e+00
4.440686916930352446e+00
4.440443959366867865e+00
4.437764085701311423e+00
4.433438405620293565e+00
4.428258028977881011e+00
4.423014065475433299e+00
4.418497624857182338e+00
4.415499816844073777e+00
4.414811751258841177e+00
4.417224537799842921e+00
4.423504777908084051e+00
4.433782812329834400e+00
4.447509587685459564e+00
4.464102903942341882e+00
4.482980560460306130e+00
4.503560357176352724e+00
4.525260094107803610e+00
4.547497570494003938e+00
4.569690586342496808e+00
4.591256941658723889e+00
4.611645019361099607e+00
4.630800334045929390e+00
4.649072362496992739e+00
4.666822278859731554e+00
4.684411257927163952e+00
4.702200474484715897e+00
4.720551102689218403e+00
4.739824317321605918e+00
4.760381293206342512e+00
4.782583204434963875e+00
4.806749086687473138e+00
4.832737619116276306e+00
4.860123914971623549e+00
4.888478929058612366e+00
4.917373617148323994e+00
4.946378935037305524e+00
4.975065837492457455e+00
5.003005280311548120e+00
5.029768219257083395e+00
5.054925609148865462e+00
5.078108165229240356e+00
5.099404931859310430e+00
5.119117086231325331e+00
5.137546959416058989e+00
5.154996882423786175e+00
5.171769185654810030e+00
5.188166200129179728e+00
5.204490256849235941e+00
5.221043686241842785e+00
5.238128819308422557e+00
5.255912120217553607e+00
5.273809421473848680e+00
5.290978755974730774e+00
5.306577923270943131e+00
5.319764722365478704e+00
5.329696952832570389e+00
5.335532414051521677e+00
5.336428905379765553e+00
5.331544226167171274e+00
5.320036175834405689e+00
5.301299476075558736e+00
5.275683371181888681e+00
5.243777455478006999e+00
5.206171322995009731e+00
5.163454569131933347e+00
5.116216787983639769e+00
5.065047573431666450e+00
5.010536521195034787e+00
4.953273225198183027e+00
4.893847499199091899e+00
4.833124528737402059e+00
4.772782579244078782e+00
4.714649256826704438e+00
4.660552169647881549e+00
4.612318923778351731e+00
4.571777125565548161e+00
4.540754382757045349e+00
4.521078301598762117e+00
4.514576488872013016e+00
4.523068521978514944e+00
4.546808574033039285e+00
4.582623126593723839e+00
4.626884771734133039e+00
4.675966099890255911e+00
4.726239703057403041e+00
4.774078173287157334e+00
4.815854100931112214e+00
4.847940078090961613e+00
4.866708696411184754e+00
4.868571255673719733e+00
4.852678417557561019e+00
4.822685642084955759e+00
4.782667809008930959e+00
4.736699797056197703e+00
4.688856484672704994e+00
4.643212752032625623e+00
4.603843477579994570e+00
4.574823540054916649e+00
4.560227819187463894e+00
4.564055182143956557e+00
4.587607815026349734e+00
4.628827307591295792e+00
4.685444436570758597e+00
4.755189979423244395e+00
4.835794711048226446e+00
4.924989408762727727e+00
5.020504849134002079e+00
5.120071809918805172e+00
5.221421065313039733e+00
5.322284012321356172e+00
5.420405017322947216e+00
5.513540741959943148e+00
5.599448336420303818e+00
5.675884950550924124e+00
5.740607731536331748e+00
5.791373829348375857e+00
5.825940393300355957e+00
5.842064571564620223e+00
5.837503513658790943e+00
5.810273133202116469e+00
5.761903680067965716e+00
5.696458794941640313e+00
5.618058082373880602e+00
5.530821149790649649e+00
5.438867601871216095e+00
5.346317043072295938e+00
5.257289081153686539e+00
5.175903320554845699e+00
5.106279366075832549e+00
5.052178617072659250e+00
5.014021402440969055e+00
4.990408266978592522e+00
4.979921478823754910e+00
4.981143306400016790e+00
4.992656017699131255e+00
5.013041881198418537e+00
5.040883164593075172e+00
5.074762136264118872e+00
5.113261064877456796e+00
5.155009802161467647e+00
5.198953881801255505e+00
5.244167373632594220e+00
5.289724721115782735e+00
5.334700369314603563e+00
5.378168763265391839e+00
5.419204346469616240e+00
5.456881563986852868e+00
5.490274860718209027e+00
5.518458680402851257e+00
5.540785884103876846e+00
5.557948992363906271e+00
5.571042954903882460e+00
5.581162800222483789e+00
5.589403556678045781e+00
5.596860252354816545e+00
5.604627915626846146e+00
5.613801574762037561e+00
5.625476258185073242e+00
5.640746948074192524e+00
5.660059057851102970e+00
5.681574249356690309e+00
5.702952559178125824e+00
5.721854024678584949e+00
5.735938683104372160e+00
5.742866571217966509e+00
5.740297726336292428e+00
5.725892185328170569e+00
5.697309985628240092e+00
5.652214295275043376e+00
5.589726195870612813e+00
5.512740125065778152e+00
5.424752916935744906e+00
5.329261405036626265e+00
5.229762426368758987e+00
5.129752814556158391e+00
5.032729403198739071e+00
4.942189029332985761e+00
4.861628526502961734e+00
4.794532550087209799e+00
4.742943717510090806e+00
4.706120810891933459e+00
4.683005104154855047e+00
4.672537871167940615e+00
4.673660386089856011e+00
4.685313922646725082e+00
4.706439755061580854e+00
4.735979156747724517e+00
4.772873401822694817e+00
4.816063772769943796e+00
4.864491959525956588e+00
4.917100249206386664e+00
4.972830976134726022e+00
5.030626472637561797e+00
5.089429073007792681e+00
5.148181111585834024e+00
5.205824920626993091e+00
5.261302834478520651e+00
5.313557187385473668e+00
5.361535884420091769e+00
5.404341693180269246e+00
5.441248702947702576e+00
5.471539877183399625e+00
5.494498180697719114e+00
5.509406577955011208e+00
5.515548032935289946e+00
5.512205510202093706e+00
5.498661974094211757e+00
5.474200388594662847e+00
5.438240169593171025e+00
5.392546506612272417e+00
5.340859728127468564e+00
5.286981800530201170e+00
5.234714688373271585e+00
5.187860356285488805e+00
5.150220770544284399e+00
5.125597895692193262e+00
5.117793696885942545e+00
5.130610139481669663e+00
5.167428121584865863e+00
5.226799213022572665e+00
5.304190141447031159e+00
5.395017591227986742e+00
5.494698247369187882e+00
5.598648791267542890e+00
5.702285907849401703e+00
5.801026282026318093e+00
5.890286595217387067e+00
5.965483532418962120e+00
6.022555793166163518e+00
6.061626357297255296e+00
6.084829352330690888e+00
6.094311692118261625e+00
6.092220290427269092e+00
6.080702061179950491e+00
6.061903918267466551e+00
6.037972775237482992e+00
6.011055546527491522e+00
5.983299145733037783e+00
5.956405798868605217e+00
5.929516551225960441e+00
5.900857396770585517e+00
5.868653185344826717e+00
5.831128767941140545e+00
5.786508994454163002e+00
5.733018714443733010e+00
5.668882779404499139e+00
5.592326039011413563e+00
5.501573342353344387e+00
5.395760821463801094e+00
5.277848544367377492e+00
5.151799439936218583e+00
5.021576445463709071e+00
4.891142493783735112e+00
4.764460517720229049e+00
4.645493454581502313e+00
4.538204237123854234e+00
4.446555799627882166e+00
4.374510226685503156e+00
4.324457689533926619e+00
4.293958625028913012e+00
4.279648939461967672e+00
4.278164539515666220e+00
4.286141331310383329e+00
4.300215221412917899e+00
4.317022115836206098e+00
4.333197921094965821e+00
4.345378543674137894e+00
4.350206405819926125e+00
4.345834148150267140e+00
4.333849461712746987e+00
4.316315155514328872e+00
4.295294038158413485e+00
4.272848918083877123e+00
4.251042604544470471e+00
4.231937905983699899e+00
4.217597630972550249e+00
4.210084588573555386e+00
4.211445459986830286e+00
4.222455465518930140e+00
4.241721105126574187e+00
4.267637099938137446e+00
4.298598171007123270e+00
4.332999039806815667e+00
4.369234426563332718e+00
4.405699052718846431e+00
4.440787639726350378e+00
4.472894907795734731e+00
4.500437277600297215e+00
4.522663694087407649e+00
4.539898241087247044e+00
4.552536222506635255e+00
4.560972942035501632e+00
4.565603703092324217e+00
4.566823809414259472e+00
4.565028564577537473e+00
4.560613272242028060e+00
4.553973236017199611e+00
4.545513168596071907e+00
4.535847453540029939e+00
4.525796466790684924e+00
4.516189257812066593e+00
4.507854876410466005e+00
4.501622372039791209e+00
4.498320794253121591e+00
4.498779192707982766e+00
4.503826616917995018e+00
4.514292116454638126e+00
4.530916727517855236e+00
4.553181883671181929e+00
4.579627890425610914e+00
4.608772435686449676e+00
4.639133206302955337e+00
4.669227890157342742e+00
4.697574175119275885e+00
4.722689748056841275e+00
4.743092296869069635e+00
4.757299509232604251e+00
4.764046041440613166e+00
4.764186366622656266e+00
4.759772946939454741e+00
4.752871808207765447e+00
4.745548976090644189e+00
4.739870476231254237e+00
4.737902334476197019e+00
4.741710576437052183e+00
4.753361227997954686e+00
4.774920314596667659e+00
4.807998566383130168e+00
4.851054077316555357e+00
4.901210911343463650e+00
4.955588360137048731e+00
5.011305714915815557e+00
5.065482267516945747e+00
5.115237307852463111e+00
5.157690127794712254e+00
5.189960018871478731e+00
5.209166271511620039e+00
5.213222412697342989e+00
5.204023672061000028e+00
5.184710398782914176e+00
5.158423365482434519e+00
5.128303344449847145e+00
5.097491109082486815e+00
5.069127431697327602e+00
5.046353084726885818e+00
5.032308841395189525e+00
5.030135447719945141e+00
5.041857867267792948e+00
5.065415943374191876e+00
5.097814862606884212e+00
5.136059811950773657e+00
5.177155976985166497e+00
5.218108544643671465e+00
5.255922701853111612e+00
5.287603634202962866e+00
5.310156528674739640e+00
5.320588614044868159e+00
5.317134802314059883e+00
5.301333944124202446e+00
5.275275030533403964e+00
5.241047052115744620e+00
5.200739000717095273e+00
5.156439866995584431e+00
5.110238641421008587e+00
5.064224316121728187e+00
5.020485881577657850e+00
4.981110881850828065e+00
4.947990352346439025e+00
4.922621539017493220e+00
4.906454703362314262e+00
4.900940107405624246e+00
4.907528012528635131e+00
4.927668680683623847e+00
4.962812373038725688e+00
5.014409351377786983e+00
5.083909878261009041e+00
5.172730912060256259e+00
5.280425921533463907e+00
5.403734813002259330e+00
5.539164002961888933e+00
5.683219912220479841e+00
5.832408960216800331e+00
5.983237568164766707e+00
6.132212151910362508e+00
6.275839132668774134e+00
6.410624931402855609e+00
6.533130311896192310e+00
6.641536050841423844e+00
6.735879821799354517e+00
6.816301297322625352e+00
6.882940153383891868e+00
6.935936065305474685e+00
6.975428706615516283e+00
7.001557752796447431e+00
7.014462878700137516e+00
7.014283758800575086e+00
7.001200296901758158e+00
6.976124740399005653e+00
6.940608254706455149e+00
6.896223438606715384e+00
6.844542890463928941e+00
6.787139210523471355e+00
6.725584997226280670e+00
6.661452849582992108e+00
6.596315365836114886e+00
6.531745146548505687e+00
6.469255605417281174e+00
6.409646965993617940e+00
6.353247090544309472e+00
6.300375397811049716e+00
6.251351306702006561e+00
6.206494237839447869e+00
6.166123610084270013e+00
6.130558842509064910e+00
6.100119355418563316e+00
6.075124567826772903e+00
6.055820160519933104e+00
6.041833799774479097e+00
6.032484746182056767e+00
6.027089990360739336e+00
6.024966523092149195e+00
6.025431334951738549e+00
6.027801416637079690e+00
6.031393758746611766e+00
6.035525351959464047e+00
6.039513186980210335e+00
6.042768015349584410e+00
6.045263682219391477e+00
6.047183267966572906e+00
6.048710201049774859e+00
6.050027909876996901e+00
6.051319822910439683e+00
6.052769368611077283e+00
6.054559975388741577e+00
6.056875071701468549e+00
6.059898086032042386e+00
6.063701317983471561e+00
6.067871355105915576e+00
6.071862120710341593e+00
6.075127534833704601e+00
6.077121517661680627e+00
6.077297989319962568e+00
6.075110869935488545e+00
6.070014079658611728e+00
6.061461538502382673e+00
6.048907241449867911e+00
6.032024544155128787e+00
6.011188285325385294e+00
5.986913230168504185e+00
5.959714143172226031e+00
5.930105788686318213e+00
5.898602932125601050e+00
5.865720337865225176e+00
5.831972770616416391e+00
5.797874994688125838e+00
5.763940595596181993e+00
5.730353405818354062e+00
5.696517973304395355e+00
5.661726304943770494e+00
5.625270406438361626e+00
5.586442283411521714e+00
5.544533942870502941e+00
5.498837390470816544e+00
5.448644631689230522e+00
5.393247673801120357e+00
5.331951032915156041e+00
5.265164218297254450e+00
5.195252003654872830e+00
5.124779286841617321e+00
5.056310965684647662e+00
4.992411940437447626e+00
4.935647108888401746e+00
4.888581369162527501e+00
4.853779621008365019e+00
4.833806762421388292e+00
4.831177597046162120e+00
4.846322469412601919e+00
4.876881893799713374e+00
4.920301447656568961e+00
4.974026709116737166e+00
5.035503254336661350e+00
5.102176661343406749e+00
5.171492508409256672e+00
5.240896371322828706e+00
5.307833828340299043e+00
5.369815886363767277e+00
5.425907453711847239e+00
5.476755088560840257e+00
5.523076326954350357e+00
5.565588703327657427e+00
5.605009753773529724e+00
5.642057014238872625e+00
5.677448019377761668e+00
5.711900305160870772e+00
5.746131407514583955e+00
5.780766968667172989e+00
5.815045405386859656e+00
5.847130948214601887e+00
5.875159828611922208e+00
5.897268279210733155e+00
5.911592532363592056e+00
5.916268819951057800e+00
5.909433374428499697e+00
5.889222428032746315e+00
5.853772212485228721e+00
5.801565407956031706e+00
5.734632477324353772e+00
5.657083851666442342e+00
5.573056347358029683e+00
5.486686778044296275e+00
5.402111957259915442e+00
5.323468701546379300e+00
5.254893824392790513e+00
5.200524139763327724e+00
5.164496463486868194e+00
5.150297415097497833e+00
5.156712777194305097e+00
5.180461611655331922e+00
5.218254063154000200e+00
5.266800277026389310e+00
5.322810396807746258e+00
5.382994567726697710e+00
5.444062935208822118e+00
5.502725642493937031e+00
5.555692835016598607e+00
5.600165638135209178e+00
5.635910045163456061e+00
5.663526830099598897e+00
5.683617217216085926e+00
5.696782430902177730e+00
5.703623695125632942e+00
5.704742234353857633e+00
5.700739272784235645e+00
5.692216034789559842e+00
5.679773743935037977e+00
5.663835944853675919e+00
5.644148688645270084e+00
5.620296572826521952e+00
5.591864194717609315e+00
5.558436152669469443e+00
5.519597044058761171e+00
5.474931466006825787e+00
5.424024017247579543e+00
5.366459294973542349e+00
5.301822651660154762e+00
5.230303799997726877e+00
5.153784018857241911e+00
5.074438287010742066e+00
4.994441586067727812e+00
4.915968894820749391e+00
4.841195192134267522e+00
4.772295459509916071e+00
4.711444675755692479e+00
4.660817820587743299e+00
4.622580000945334611e+00
4.597343602744075497e+00
4.582490499218462077e+00
4.574999537744358413e+00
4.571849565901482393e+00
4.570019430996667964e+00
4.566487980399030810e+00
4.558234061594871100e+00
4.542236521991191545e+00
4.515474208629608910e+00
4.474964708756341558e+00
4.420113530443708250e+00
4.354064482164692329e+00
4.280287315428604522e+00
4.202251779432470080e+00
4.123427623172385204e+00
4.047284598459059524e+00
3.977292454277424838e+00
3.916920939902643450e+00
3.869639806710080343e+00
3.838832335175004218e+00
3.825110900105873846e+00
3.825797009495496948e+00
3.838020744851349253e+00
3.858912187939031568e+00
3.885601420861895416e+00
3.915218524727659410e+00
3.944893581588207798e+00
3.971756673498158641e+00
3.992937881561128943e+00
4.005687815560089682e+00
4.009583617386382137e+00
4.006305418992153200e+00
3.997609028644633078e+00
3.985250254355394706e+00
3.970984904605336041e+00
3.956568787438874857e+00
3.943757710893317725e+00
3.934307483460230515e+00
3.929973913147629894e+00
3.932349562934199128e+00
3.940958500726649660e+00
3.953904447199928729e+00
3.969263277539027079e+00
3.985110866359820925e+00
3.999523088830188478e+00
4.010575820050276796e+00
4.016344934737555938e+00
4.014906308043150851e+00
4.004335814964212759e+00
3.983024432752892530e+00
3.952125872707823451e+00
3.914224955977004150e+00
3.871918589708478464e+00
3.827803682588763579e+00
3.784477141802557121e+00
3.744535874571749634e+00
3.710576789527065156e+00
3.685196793835142426e+00
3.670992795067433256e+00
3.670104002108197871e+00
3.681802649731996890e+00
3.704253257964027490e+00
3.735617967031666709e+00
3.774058917915064981e+00
3.817738251928262549e+00
3.864818108797798413e+00
3.913460629786761569e+00
3.961827956231973147e+00
4.008082227749371285e+00
4.050516369232641800e+00
4.088018725212287485e+00
4.119646994597585099e+00
4.144458889612673502e+00
4.161512122008367065e+00
4.169864403578972478e+00
4.168573445868987370e+00
4.156696960780923433e+00
4.133292659717804796e+00
4.097418398117654625e+00
4.048869119118062798e+00
3.989893479811751131e+00
3.923250085095939532e+00
3.851697537809725791e+00
3.777994440560562772e+00
3.704899398593134663e+00
3.635171014523995492e+00
3.571567891128553995e+00
3.516848633413206304e+00
3.473768372691261153e+00
3.443893136289242651e+00
3.425868548087322107e+00
3.417900020502448566e+00
3.418192966426073287e+00
3.424952798679964161e+00
3.436384930068701493e+00
3.450694773617327904e+00
3.466087741816915369e+00
3.480769247669148303e+00
3.492953769828175847e+00
3.501758461168726910e+00
3.507957755530447308e+00
3.512503770137440640e+00
3.516348622135795576e+00
3.520444428545290272e+00
3.525743306514672160e+00
3.533197373249453932e+00
3.543758745684264078e+00
3.558379540993573897e+00
3.577994502110201758e+00
3.602751870702487036e+00
3.631708851130251325e+00
3.663842313403534057e+00
3.698129126370433895e+00
3.733546160009555859e+00
3.769070284352830313e+00
3.803678368168365687e+00
3.836347281492864081e+00
3.866053894271528790e+00
3.891791290758366273e+00
3.912963722411106016e+00
3.929409027992432080e+00
3.940985749299477092e+00
3.947552428740898289e+00
3.948967608503203497e+00
3.945089830695380773e+00
3.935777637594033429e+00
3.920889571371420690e+00
3.900284173936705123e+00
3.873861028326540890e+00
3.842173943901908917e+00
3.806301708828335073e+00
3.767337910167042114e+00
3.726376133721551298e+00
3.684509965201117954e+00
3.642832991808369947e+00
3.602438799256777457e+00
3.564420973320339137e+00
3.529873101110894140e+00
3.499784175365276528e+00
3.474019799378226914e+00
3.451762445891217279e+00
3.432184933678949612e+00
3.414460081642574085e+00
3.397760709294697978e+00
3.381259635519494378e+00
3.364129679210497326e+00
3.345543659866275110e+00
3.324674396392659048e+00
3.300798431031866542e+00
3.273975603218278074e+00
3.244623480113381309e+00
3.213161462856304329e+00
3.180008952486619300e+00
3.145585351229573501e+00
3.110310060142204236e+00
3.074602480241364955e+00
3.038882013812583605e+00
3.003568061875337314e+00
2.969061299979205426e+00
2.935660454370879524e+00
2.903629722085590448e+00
2.873233272642498726e+00
2.844735276628381992e+00
2.818399903541564111e+00
2.794491322982412651e+00
2.773273705384639687e+00
2.755011220318428045e+00
2.739968037492110042e+00
2.728313694967697156e+00
2.719841910734109636e+00
2.714253120488766768e+00
2.711247760108100202e+00
2.710526265257289680e+00
2.711789071683856633e+00
2.714736615178849455e+00
2.719069331417306223e+00
2.724487656172171146e+00
2.730692036914508680e+00
2.737395790217000080e+00
2.744349704195538475e+00
2.751311349419516272e+00
2.758038296210485463e+00
2.764288115139178270e+00
2.769818376753813371e+00
2.774386651409712190e+00
2.777750509665010359e+00
2.779667522021015191e+00
2.779896568430996417e+00
2.778437433826976388e+00
2.775810394710801710e+00
2.772603592228862102e+00
2.769405167434527471e+00
2.766803261381566514e+00
2.765386015215774318e+00
2.765741569980411985e+00
2.768458066802391926e+00
2.774123646702032708e+00
2.783317141440407649e+00
2.795982425455588505e+00
2.811032550379186645e+00
2.827286209979734455e+00
2.843562098558239715e+00
2.858678910416760033e+00
2.871455339322255718e+00
2.880710079597423867e+00
2.885261825398790947e+00
2.883929270742574325e+00
2.875559434468834219e+00
2.859977457552004942e+00
2.838212195308812191e+00
2.811366555446250803e+00
2.780543445431597149e+00
2.746845773852887973e+00
2.711376448217813095e+00
2.675238375950467429e+00
2.639534465764279414e+00
2.605367625084729521e+00
2.573822857927210439e+00
2.545618210348393085e+00
2.521128065960688058e+00
2.500713570906786920e+00
2.484735872029918635e+00
2.473556115422563817e+00
2.467535447442770646e+00
2.467035014476663068e+00
2.472415962897642761e+00
2.484039439024585683e+00
2.502202241274724681e+00
2.526343052463421834e+00
2.555289749504028762e+00
2.587857121957496620e+00
2.622859958203908270e+00
2.659113047768496774e+00
2.695431180235488444e+00
2.730629143896475597e+00
2.763521728341906680e+00
2.792923723053451379e+00
2.817771937599388377e+00
2.838122967226177185e+00
2.854635407015467585e+00
2.867973637834198453e+00
2.878802041148468938e+00
2.887784998305951145e+00
2.895586890351225851e+00
2.902872098649816213e+00
2.910305004542865337e+00
2.918549989111523857e+00
2.928183084167484296e+00
2.939202947150814982e+00
2.951376329898584228e+00
2.964469356545171852e+00
2.978248151651714970e+00
2.992478839811708369e+00
3.006927545110992028e+00
3.021360392139111006e+00
3.035543505484859406e+00
3.049243009235200752e+00
3.062217710601156107e+00
3.074191712773946872e+00
3.084878840745928663e+00
3.093992918356569977e+00
3.101247769371117791e+00
3.106357217307355256e+00
3.109035085954146016e+00
3.108995198985622377e+00
3.105951380091669822e+00
3.099617491377253398e+00
3.090109623447060638e+00
3.078937978390351216e+00
3.067914590425356636e+00
3.058851493777307695e+00
3.053560722991289111e+00
3.053854312258720505e+00
3.061544295893052325e+00
3.078442708468514866e+00
3.106361583917696123e+00
3.147109751073502437e+00
3.201123657545669854e+00
3.265336168655920801e+00
3.336129108197950721e+00
3.409884300275953795e+00
3.482983566345196014e+00
3.551808730496267330e+00
3.612741616618084795e+00
3.662164046468425305e+00
3.696457844050645924e+00
3.712025131219132579e+00
3.707562249437982516e+00
3.686136726510153228e+00
3.651306711131088623e+00
3.606630353328885707e+00
3.555665801936125359e+00
3.501971205488683125e+00
3.449104714459713339e+00
3.400624477396311462e+00
3.360088643052534962e+00
3.331016894381707782e+00
3.315028153912472852e+00
3.311008159424926767e+00
3.317630780517409672e+00
3.333569886483300326e+00
3.357499346803217044e+00
3.388093031334803662e+00
3.424024808805898878e+00
3.463968549003355157e+00
3.506598121903330423e+00
3.550588042736878336e+00
3.594630371398307211e+00
3.637436334525631754e+00
3.677718129543757097e+00
3.714187955414928854e+00
3.745558010921525405e+00
3.770540493758257394e+00
3.787847602775257450e+00
3.796191536460490568e+00
3.794284493051916840e+00
3.780919981388584095e+00
3.756261786789839352e+00
3.721613086789804292e+00
3.678311697786145196e+00
3.627695435768246046e+00
3.571102118567783812e+00
3.509869562252542430e+00
3.445335583446874406e+00
3.378837997984388775e+00
3.311714624071441015e+00
3.245286673010555845e+00
3.180688171984857870e+00
3.118935104616705534e+00
3.061041603380300735e+00
3.008021800931962364e+00
2.960889831781555070e+00
2.920659828521925405e+00
2.888345924071587412e+00
2.864962252451900504e+00
2.851522946482018650e+00
2.848824461279094500e+00
2.855945478966945394e+00
2.871149951129898348e+00
2.892696922254695213e+00
2.918845436017878381e+00
2.947854536841644446e+00
2.977983269283163814e+00
3.007490676816515052e+00
3.034635803995929582e+00
3.057677695264175544e+00
3.075162257741799188e+00
3.087263462784494372e+00
3.094728915358498700e+00
3.098306863376688369e+00
3.098745554652658996e+00
3.096793237140731847e+00
3.093198158682405996e+00
3.088708567260510129e+00
3.084072710731508238e+00
3.080038836944963609e+00
3.077232428454678370e+00
3.075771165522440675e+00
3.075641451150884720e+00
3.076829688162190823e+00
3.079322279366256243e+00
3.083105627634522783e+00
3.088166135696850834e+00
3.094490206409537425e+00
3.102064242688499895e+00
3.110874613684316170e+00
3.120854055580041475e+00
3.131772817089729433e+00
3.143370492289908391e+00
3.155386675641041361e+00
3.167560961623336002e+00
3.179632944283699025e+00
3.191342218102010797e+00
3.202428377414961336e+00
3.212631016673357376e+00
3.221690869967971160e+00
3.229596861603218905e+00
3.236894892028292947e+00
3.244206727406756752e+00
3.252154134156694631e+00
3.261358878726180688e+00
3.272442727233794368e+00
3.286027446109109906e+00
3.302734801899706252e+00
3.323186560547157775e+00
3.347996777289118597e+00
3.377194653246687217e+00
3.409824612362242213e+00
3.444836511955312375e+00
3.481180209457814367e+00
3.517805561001457360e+00
3.553662424008642517e+00
3.587700655865514676e+00
3.618870112758171498e+00
3.646120652100401482e+00
3.668427012956722688e+00
3.685692254079671493e+00
3.699003288658364141e+00
3.709523967126710176e+00
3.718418140018524554e+00
3.726849657569321295e+00
3.735982370325235724e+00
3.746980128865489590e+00
3.761006783375967721e+00
3.779226184407028288e+00
3.802744126253706725e+00
3.831400957489130121e+00
3.863809214974514461e+00
3.898530907914108390e+00
3.934128044261274937e+00
3.969162633201454682e+00
4.002196683893545881e+00
4.031792204330729490e+00
4.056511203703979440e+00
4.074915690974178162e+00
4.085681887712572902e+00
4.089090455664368129e+00
4.086605787893417663e+00
4.079719902432707990e+00
4.069924817244448434e+00
4.058712550153585674e+00
4.047575119399007271e+00
4.038004542813573572e+00
4.031492838356980357e+00
4.029532023998505075e+00
4.033396822822349570e+00
4.042273583950581894e+00
4.054183678917000933e+00
4.067135825892535195e+00
4.079138743475195561e+00
4.088201150218207403e+00
4.092331764359682822e+00
4.089539304499279382e+00
4.077832488909982622e+00
4.055220036319908239e+00
4.020167065750402280e+00
3.974251457372726115e+00
3.920350512283026223e+00
3.861345866259169757e+00
3.800119154838208946e+00
3.739552015754039616e+00
3.682526084552928403e+00
3.631922996948233173e+00
3.590624390423212464e+00
3.561511900598462788e+00
3.546757730825198518e+00
3.545028703995484864e+00
3.553910883951112432e+00
3.570990029033602742e+00
3.593851897878781898e+00
3.620082248265071190e+00
3.647266838774320785e+00
3.672991428033405281e+00
3.694841773753207548e+00
3.710403659787606223e+00
3.717952585296642187e+00
3.718253347874365566e+00
3.712632148261549414e+00
3.702415186919527201e+00
3.688928664706136118e+00
3.673498782129103635e+00
3.657451739604461238e+00
3.642113738127589428e+00
3.628810978113975683e+00
3.618868745351409455e+00
3.613111423397177724e+00
3.611033844396768888e+00
3.611912715140396912e+00
3.615024742365476662e+00
3.619646632831614141e+00
3.625055093369664583e+00
3.630526830610172340e+00
3.635338551378979322e+00
3.638766962441341679e+00
3.640091745466033313e+00
3.638977212118992277e+00
3.635848331768330333e+00
3.631219403891537301e+00
3.625604728141800237e+00
3.619518604011272345e+00
3.613475330969861066e+00
3.607989208704120543e+00
3.603574536680419715e+00
3.600745614415684415e+00
3.600008546512300622e+00
3.601425809676324086e+00
3.604398561020528025e+00
3.608274036768555959e+00
3.612399473247773329e+00
3.616122106797343250e+00
3.618789173623214506e+00
3.619747910073152219e+00
3.618345552414312216e+00
3.613929336973553230e+00
3.605864098630298109e+00
3.594026304108585368e+00
3.578871571376625926e+00
3.560886685417519182e+00
3.540558431332534450e+00
3.518373593952200284e+00
3.494818958905967499e+00
3.470381311043393868e+00
3.445547435172377604e+00
3.420804116984863086e+00
3.396626072860860379e+00
3.373272746993527527e+00
3.350818112524323045e+00
3.329330074909743864e+00
3.308876539651893989e+00
3.289525412971006535e+00
3.271344600356583143e+00
3.254402007353344839e+00
3.238765540098692775e+00
3.224503104122342201e+00
3.211657664752652241e+00
3.199976873727582660e+00
3.189015269321120893e+00
3.178324053003636518e+00
3.167454426619604302e+00
3.155957591638850257e+00
3.143384749501603626e+00
3.129287102096735218e+00
3.113215850879811786e+00
3.094722197447489886e+00
3.073571510872001422e+00
3.051296011368009875e+00
3.030298038837861085e+00
3.012986022206053160e+00
3.001768391002199277e+00
2.999053574093113461e+00
3.007250000746810592e+00
3.028766099891098573e+00
3.066010300651076381e+00
3.121391032893979123e+00
3.196606677411858666e+00
3.289153972613177324e+00
3.394989846596848437e+00
3.510068898962594997e+00
3.630345733024895161e+00
3.751774952343488234e+00
3.870311156150206600e+00
3.981908948015056016e+00
4.082522931180649906e+00
4.168107705369909155e+00
4.235381411710489097e+00
4.284351737540906591e+00
4.315912070333737915e+00
4.330955811857261750e+00
4.330376363195886036e+00
4.315067125170060081e+00
4.285921499234158105e+00
4.243832886377120417e+00
4.189694686977167848e+00
4.124400519500166062e+00
4.049378364329773383e+00
3.967741033691807306e+00
3.882932575673409659e+00
3.798397035471054561e+00
3.717578458294094723e+00
3.643920892210355866e+00
3.580868382365028690e+00
3.531864974403708946e+00
3.500354715643618775e+00
3.489773017102041575e+00
3.501300542405628491e+00
3.530861033149149453e+00
3.573630490491708223e+00
3.624784916215676667e+00
3.679500310215218395e+00
3.732952674202248744e+00
3.780318009325216444e+00
3.816772317079275556e+00
3.837491597705404711e+00
3.837691647410117479e+00
3.815962668185731044e+00
3.776788816697627560e+00
3.725247626411531066e+00
3.666416630209610172e+00
3.605373363128938191e+00
3.547195358107730012e+00
3.496960148219395936e+00
3.459745268298212828e+00
3.440628251293949003e+00
3.444589139837245018e+00
3.472667249542715329e+00
3.520693788265668367e+00
3.584142802749878065e+00
3.658488337376073041e+00
3.739204438732795843e+00
3.821765153709184570e+00
3.901644526235070298e+00
3.974316603204528953e+00
4.035255431171556495e+00
4.080063103598557284e+00
4.107314620666102201e+00
4.118573400195388423e+00
4.115534011742624010e+00
4.099891025065897310e+00
4.073339009880085904e+00
4.037572535385316463e+00
3.994286172111801481e+00
3.945174489358372227e+00
3.891932056148989183e+00
3.836244999689756519e+00
3.779674371087776485e+00
3.723685584000916204e+00
3.669741630915066111e+00
3.619305502314047462e+00
3.573840188847197563e+00
3.534808682752129894e+00
3.503673974610917785e+00
3.481899055378243180e+00
3.470946916732805310e+00
3.472030618612820696e+00
3.483846116983623453e+00
3.503632628842080265e+00
3.528611608545491496e+00
3.556004510696160636e+00
3.583032788896364451e+00
3.606917897736319656e+00
3.624881291491884650e+00
3.634144424485947322e+00
3.631928750748512069e+00
3.616017111475280377e+00
3.588189563701147833e+00
3.551960013749362766e+00
3.510849382110830863e+00
3.468378589046146931e+00
3.428068556347688034e+00
3.393440204271325200e+00
3.368014453341022563e+00
3.355312224947019750e+00
3.358854439483954124e+00
3.381158510085562341e+00
3.419575268480214092e+00
3.469797523345591106e+00
3.527517316089844979e+00
3.588426686008855615e+00
3.648217674447741921e+00
3.702582322698846351e+00
3.747212670137209045e+00
3.777800758144593374e+00
3.790038641086101112e+00
3.781242722755323360e+00
3.754834862618871671e+00
3.715671141246275067e+00
3.668607638624389100e+00
3.618500436480831084e+00
3.570205614867002275e+00
3.528579253919821301e+00
3.498477435238627642e+00
3.484756238853035981e+00
3.492268628347788173e+00
3.523622027722410621e+00
3.575225353459093647e+00
3.642427049479960210e+00
3.720575557209506279e+00
3.805019320413289385e+00
3.891106783153910786e+00
3.974186386410299754e+00
4.049606574253101776e+00
4.112715790391554549e+00
4.158878789879820737e+00
4.185894146306116781e+00
4.196557349874657561e+00
4.194277585399720287e+00
4.182464038129173112e+00
4.164525892861028034e+00
4.143872335084343383e+00
4.123912549649272563e+00
4.108055721588151243e+00
4.099711035892593891e+00
4.102250568590616098e+00
4.116836805400162724e+00
4.141217087069137825e+00
4.172846110448479529e+00
4.209178573224172659e+00
4.247669173304132073e+00
4.285772607206395968e+00
4.320943572828438661e+00
4.350636767929359827e+00
4.372306889234752525e+00
4.383463159158208278e+00
4.383317542306211401e+00
4.373079074344241590e+00
4.354070650729304326e+00
4.327615166504583222e+00
4.295035517701225380e+00
4.257654599442463272e+00
4.216795306624981698e+00
4.173780535619749266e+00
4.129933181356680194e+00
4.086543474738873805e+00
4.044284139373646170e+00
4.003276660473186865e+00
3.963623167753320686e+00
3.925425790488279887e+00
3.888786659296066706e+00
3.853807903433131621e+00
3.820591652234270441e+00
3.789240036199968742e+00
3.759855184643628778e+00
3.732557173061472611e+00
3.707689456544347895e+00
3.685746935086090303e+00
3.667227383684074749e+00
3.652628577973808799e+00
3.642448292909358454e+00
3.637184303653271833e+00
3.637334385528328440e+00
3.643396313636147799e+00
3.655867863357302738e+00
3.675128721037039803e+00
3.700539611408690810e+00
3.730940328552607266e+00
3.765166470187423009e+00
3.802053635091929173e+00
3.840437422170473791e+00
3.879153428953352911e+00
3.917037254334129415e+00
3.952924496760114259e+00
3.985650755041452609e+00
4.014278984599843447e+00
4.039275234129620529e+00
4.061640263929016115e+00
4.082375886108382979e+00
4.102483913573249374e+00
4.122966159199531688e+00
4.144824435142004937e+00
4.169060554266260432e+00
4.196676329550090401e+00
4.228673572979970707e+00
4.265805445589478495e+00
4.307709260356351599e+00
4.353709450563632899e+00
4.403130435240671936e+00
4.455296633578229581e+00
4.509532462900785355e+00
4.565162342370700621e+00
4.621510691216113464e+00
4.677901926662837440e+00
4.733660466051999194e+00
4.788102883219601758e+00
4.840520007829301363e+00
4.890197398418298036e+00
4.936420612872447933e+00
4.978475209546290969e+00
5.015646745326474587e+00
5.047220778620932435e+00
5.072482867573477883e+00
5.090718569466936572e+00
5.101214810092455920e+00
5.103693597641584923e+00
5.098931046461065542e+00
5.087859785495106202e+00
5.071412443390243219e+00
5.050521649412272218e+00
5.026120032265641413e+00
4.999140220489143971e+00
4.970514843597062971e+00
4.941176530153102320e+00
4.912056235036295071e+00
4.883925291272169567e+00
4.857265764799334029e+00
4.832529210013749577e+00
4.810167182178100909e+00
4.790631235663003196e+00
4.774372924972420051e+00
4.761843805169011290e+00
4.753495430715412695e+00
4.749779356286272680e+00
4.751121379824759572e+00
4.756815927005805911e+00
4.764607711667802725e+00
4.772129417896569414e+00
4.777013729499371308e+00
4.776893330579175867e+00
4.769400905002805224e+00
4.752169136931745363e+00
4.722830710333742132e+00
4.679018308605285448e+00
4.618477089656788159e+00
4.541738408596524224e+00
4.452235268918834699e+00
4.353536252294721187e+00
4.249209937260957304e+00
4.142824902088792172e+00
4.037949728847515019e+00
3.938152995811611934e+00
3.847003281495198213e+00
3.768069167608119496e+00
3.704735944934430147e+00
3.657523088917926657e+00
3.624679158328617756e+00
3.604390424871081411e+00
3.594843160898710366e+00
3.594223638803119236e+00
3.600718130934489558e+00
3.612512909589817411e+00
3.627794247316193488e+00
3.644748416088656739e+00
3.661657472877385633e+00
3.677815008076234182e+00
3.693121849940822266e+00
3.707487092047683674e+00
3.720819827928917967e+00
3.733029150650352790e+00
3.744024153756807749e+00
3.753713930735804727e+00
3.762007574739115068e+00
3.768814179270191023e+00
3.774161563075386194e+00
3.778960415607746981e+00
3.784519261380898669e+00
3.792148547614999643e+00
3.803158721255731400e+00
3.818860229491097602e+00
3.840563519730463504e+00
3.869579038587468212e+00
3.907217233392949574e+00
3.954788551259702967e+00
4.013160605279307624e+00
4.080824976682066563e+00
4.155479748822267894e+00
4.234822449564935809e+00
4.316550603926009977e+00
4.398361739728788855e+00
4.477953384800487768e+00
4.553023064151174637e+00
4.621268305647825869e+00
4.680386637067759814e+00
4.728716197684771139e+00
4.767102960683790691e+00
4.797006490982408167e+00
4.819886352498599535e+00
4.837202110241415554e+00
4.850413328957361436e+00
4.860979572958231465e+00
4.870360407030340788e+00
4.880015395904070630e+00
4.891403504093146282e+00
4.905395167331395356e+00
4.921170972305733748e+00
4.937610088524518659e+00
4.953591686057090548e+00
4.967994934795010309e+00
4.979699004747580204e+00
4.987583065519216596e+00
4.990526287157669216e+00
4.987407839477560501e+00
4.977111479480432976e+00
4.959318409453130627e+00
4.935409927737579139e+00
4.906985586366714003e+00
4.875644936544580865e+00
4.842987529337615449e+00
4.810612916985166798e+00
4.780120650559769757e+00
4.753110281222780564e+00
4.731181361080317949e+00
4.715913654221835394e+00
4.707585382828470166e+00
4.704388745153468498e+00
4.704328227603589596e+00
4.705408316733575624e+00
4.705633499041439016e+00
4.703008261080237062e+00
4.695537089268525754e+00
4.681224470306069918e+00
4.658074890680357960e+00
4.624156624396743354e+00
4.579682722244856841e+00
4.527472745853888370e+00
4.470503491025254128e+00
4.411751753335805937e+00
4.354194330469621121e+00
4.300808018007017175e+00
4.254569611725130152e+00
4.218455909012813976e+00
4.195443705545326196e+00
4.188352926603911008e+00
4.196856087433774363e+00
4.217714733214700473e+00
4.247580917215570295e+00
4.283106691575460978e+00
4.320944109476745787e+00
4.357745224210871626e+00
4.390162087753303410e+00
4.414846753427461579e+00
4.428451274191919751e+00
4.427870904986030531e+00
4.413185822330594199e+00
4.386714666216338543e+00
4.350822578720669576e+00
4.307874701025824038e+00
4.260236174561434552e+00
4.210272140163326959e+00
4.160347740463164357e+00
4.112828116310257798e+00
4.070078408667383130e+00
4.034251689608936431e+00
4.005586070228766005e+00
3.983303556397774781e+00
3.966616815949472130e+00
3.954738515900456886e+00
3.946881323494207727e+00
3.942257906223906705e+00
3.940080931290244948e+00
3.939563066009350134e+00
3.939916977701249934e+00
3.940481588987411410e+00
3.941408635109003633e+00
3.943171890716477002e+00
3.946245935479907097e+00
3.951105349131224465e+00
3.958224711222653180e+00
3.968078601462262878e+00
3.981141599687151089e+00
3.997888285255999818e+00
4.018793237965254228e+00
4.044123398170333061e+00
4.073175056972185182e+00
4.104961105579218561e+00
4.138494402208135803e+00
4.172787805158079344e+00
4.206854171504286199e+00
4.239706359542754655e+00
4.270357227512193710e+00
4.297819632573776083e+00
4.321106455688696890e+00
4.339411600227785826e+00
4.352547506275017852e+00
4.360458612874299256e+00
4.363089358822997532e+00
4.360384182856201996e+00
4.352287523833898497e+00
4.338743820361675496e+00
4.319697511556218394e+00
4.295093036087699545e+00
4.264876694535916002e+00
4.229729888786005532e+00
4.192185153373485740e+00
4.155061844948247263e+00
4.121179321488076752e+00
4.093356939621263457e+00
4.074414056422043018e+00
4.067170028959288253e+00
4.074444214505857254e+00
4.099055969975987423e+00
4.143800076680904887e+00
4.208817339366460075e+00
4.289257769276852983e+00
4.379720161766666564e+00
4.474803308898159138e+00
4.569106005939552517e+00
4.657227048122241087e+00
4.733765227563718980e+00
4.793319339600160767e+00
4.830488178766341179e+00
4.839962159272484854e+00
4.820819306885168132e+00
4.778367220199507770e+00
4.718387761070539810e+00
4.646662789920250169e+00
4.568974166616405874e+00
4.491103753845371749e+00
4.418833411511164044e+00
4.357944999782037421e+00
4.314220380947995537e+00
4.293287726929208681e+00
4.296705496071406394e+00
4.321641033033858825e+00
4.365043596981082352e+00
4.423862447869106873e+00
4.495046846381383965e+00
4.575546050591298375e+00
4.662309321054428857e+00
4.752285918621923066e+00
4.842425100923808401e+00
4.929758642303840865e+00
5.012681667532538299e+00
5.090708792820478834e+00
5.163387785104560201e+00
5.230266411069323773e+00
5.290892435064099786e+00
5.344813623844521189e+00
5.391577743849853555e+00
5.430732559903977297e+00
5.461825838533252764e+00
5.484437090867054110e+00
5.498497601565839332e+00
5.504157671113262928e+00
5.501570909302776258e+00
5.490890926068914268e+00
5.472271331301506336e+00
5.445865734872548991e+00
5.411827746208109247e+00
5.370310975984737389e+00
5.321469033717631802e+00
5.265554691406520327e+00
5.203591160154694251e+00
5.136962227306081985e+00
5.067053734832366985e+00
4.995251527206731268e+00
4.922941446431371659e+00
4.851509334484520153e+00
4.782341035875303348e+00
4.716822392563423172e+00
4.656339246680790467e+00
4.602107853278279315e+00
4.554396009936377610e+00
4.513141960098062455e+00
4.478283619179720176e+00
4.449758901100439701e+00
4.427505720078173113e+00
4.411461991081022660e+00
4.401565628253321982e+00
4.397754546029467804e+00
4.399966658942467745e+00
4.407852693774581887e+00
4.419892411264657817e+00
4.434267169858892466e+00
4.449158327394070689e+00
4.462747242223370492e+00
4.473215272638524809e+00
4.478743776568491874e+00
4.477514112352545261e+00
4.467707638011069626e+00
4.447506530547894243e+00
4.416235758949419221e+00
4.376634240744917470e+00
4.332075626214509256e+00
4.285933564246203531e+00
4.241581703653288571e+00
4.202393694827959436e+00
4.171743186542496318e+00
4.153003827972015394e+00
4.149549268904447530e+00
4.164743010453073602e+00
4.199869736745961646e+00
4.251611139651932270e+00
4.316031505176701089e+00
4.389195119924250044e+00
4.467166267834596027e+00
4.546009235431795581e+00
4.621788308420673452e+00
4.690567773260639228e+00
4.748411913995146172e+00
4.791416246726389438e+00
4.817956424047296515e+00
4.830198182256822292e+00
4.830665142888489250e+00
4.821880926920220745e+00
4.806369155710256358e+00
4.786653450330766724e+00
4.765257431655559373e+00
4.744704721340416320e+00
4.727518940264080705e+00
4.716183912748190821e+00
4.711739103643977522e+00
4.713405064509395892e+00
4.720286389224774837e+00
4.731487671390875782e+00
4.746113504831786400e+00
4.763268483533180664e+00
4.782057200853440548e+00
4.801584250753685446e+00
4.820954227229877098e+00
4.839281025049614549e+00
4.855876892529958688e+00
4.870244142361988438e+00
4.881892730221459864e+00
4.890332611385043826e+00
4.895073741563459535e+00
4.895626076292893814e+00
4.891499571111808997e+00
4.882204181608698512e+00
4.867249863128161103e+00
4.846235581915783186e+00
4.819987811130665101e+00
4.790227282341688486e+00
4.758694985545461442e+00
4.727131909685572175e+00
4.697279043704166490e+00
4.670877377600021418e+00
4.649667900284836897e+00
4.635391600915305332e+00
4.629789469122719048e+00
4.634355571862758261e+00
4.648249391337690994e+00
4.669344932273850723e+00
4.695502817162072517e+00
4.724583668732057262e+00
4.754448108654512950e+00
4.782956759637277067e+00
4.807970244058185294e+00
4.827349184482014444e+00
4.838954202808368521e+00
4.841027328379779782e+00
4.834372865246670870e+00
4.820850303832237671e+00
4.802322410981614276e+00
4.780651953303758361e+00
4.757701698204049201e+00
4.735334412317523167e+00
4.715412862306734176e+00
4.699799815535794956e+00
4.690358038627414849e+00
4.688454445821163219e+00
4.693041113038398215e+00
4.702336070558700953e+00
4.714557178619517508e+00
4.727922296998028351e+00
4.740649285907670318e+00
4.750956005531772774e+00
4.757060315692678287e+00
4.757180076612780084e+00
4.749533175894934622e+00
4.732856359894681120e+00
4.707732426544004589e+00
4.675154555520600219e+00
4.636115926007455812e+00
4.591609718613053559e+00
4.542629112590735652e+00
4.490167286982716277e+00
4.435217422714169189e+00
4.378772698862515078e+00
4.321826434694025387e+00
4.265442161072034111e+00
4.210867215822911902e+00
4.159378647603555024e+00
4.112253506882307619e+00
4.070768842272125099e+00
4.036201702652111756e+00
4.009829138091393297e+00
3.992928197379938204e+00
3.986775929754635683e+00
3.992638944712284310e+00
4.010497832994286860e+00
4.037823194078843159e+00
4.071795512898968461e+00
4.109595275332114106e+00
4.148402967436338074e+00
4.185399073873754539e+00
4.217764080707157248e+00
4.242678473541953821e+00
4.257322738084638125e+00
4.258915431953955277e+00
4.246669924470758417e+00
4.222735643377764525e+00
4.189497200309545200e+00
4.149339206094476928e+00
4.104646271234439148e+00
4.057803007853754806e+00
4.011194026493729581e+00
3.967203937706727412e+00
3.928217353600487627e+00
3.896575441796237715e+00
3.873387233044025102e+00
3.858384364314856096e+00
3.851225864201317073e+00
3.851570761666130771e+00
3.859078085613547149e+00
3.873406864919790138e+00
3.894216128782953756e+00
3.921164905624479058e+00
3.953912224568027600e+00
3.992076886056902030e+00
4.034574446818621318e+00
4.079722117557462724e+00
4.125818030342872866e+00
4.171160317768035419e+00
4.214047110815927866e+00
4.252776542098656520e+00
4.285646744032168165e+00
4.310955847893687576e+00
4.327001986178313331e+00
4.332247995299956855e+00
4.327073249311425229e+00
4.313094477348416333e+00
4.291949070233862074e+00
4.265274419590930677e+00
4.234707916317437260e+00
4.201886951127556280e+00
4.168448915919913844e+00
4.136031201425622861e+00
4.106271198423939950e+00
4.080623143388199203e+00
4.059053856487620848e+00
4.040807291583815797e+00
4.025122599924349842e+00
4.011238932100435584e+00
3.998395438788271417e+00
3.985831271107946883e+00
3.972785579727875938e+00
3.958497515472618300e+00
3.942206228959747705e+00
3.923372445700375355e+00
3.902748820262592400e+00
3.881554955007437080e+00
3.861011090252909117e+00
3.842337465555943243e+00
3.826754320561727596e+00
3.815481895455886452e+00
3.809740429839951759e+00
3.810750163576434701e+00
3.819731336459492699e+00
3.837348079712131543e+00
3.861902845957993602e+00
3.891071265185336969e+00
3.922528963545604874e+00
3.953951567298255920e+00
3.983014701577236583e+00
4.007393992656130166e+00
4.024765066587511875e+00
4.032803548836840335e+00
4.029185571533894894e+00
4.012651531199512789e+00
3.985250405101461890e+00
3.949672241880967771e+00
3.908607090299621056e+00
3.864744998595685654e+00
3.820776016592017488e+00
3.779390192544005878e+00
3.743277574828929755e+00
3.715128213086812625e+00
3.697627638861492816e+00
3.692357070051624834e+00
3.698357554172533757e+00
3.714314292003208173e+00
3.738912484792419999e+00
3.770837332859718671e+00
3.808774037359697218e+00
3.851407799730616865e+00
3.897423819866520311e+00
3.945507299158018011e+00
3.994349380025124407e+00
4.043125201352903986e+00
4.091844403538306807e+00
4.140599257576447201e+00
4.189482032737392281e+00
4.238585000015291371e+00
4.288000430414686370e+00
4.337820593190054197e+00
4.388137759341706357e+00
4.439044199289059911e+00
4.490619005553512899e+00
4.542423599309729276e+00
4.593343818138599488e+00
4.642220034417001706e+00
4.687892618797364186e+00
4.729201943687516341e+00
4.764988381289409602e+00
4.794092302564289199e+00
4.815354079786092534e+00
4.827614084858733889e+00
4.829792899783831750e+00
4.822631974075480166e+00
4.808680403649111312e+00
4.790564851367517640e+00
4.770911979608825959e+00
4.752348450678625547e+00
4.737500927548516927e+00
4.728996072495746716e+00
4.729460548096839467e+00
4.741521016874478356e+00
4.767567464429188107e+00
4.806549457247960788e+00
4.854818826414660116e+00
4.908663446028209698e+00
4.964371189797058825e+00
5.018229932039484531e+00
5.066527545156784385e+00
5.105551903510943568e+00
5.131590881026389717e+00
5.140932350760752279e+00
5.130327087561036947e+00
5.101111139454678423e+00
5.057240049036440865e+00
5.002700042139370140e+00
4.941477344093105906e+00
4.877558182456808389e+00
4.814928782615435665e+00
4.757575370014797578e+00
4.709484172122772705e+00
4.674641414299422593e+00
4.656393451727148580e+00
4.653599482142847243e+00
4.663198444654899966e+00
4.682122007039425604e+00
4.707301836329764733e+00
4.735669600210136387e+00
4.764156966515185054e+00
4.789695602052614909e+00
4.809217174673755757e+00
4.819653351888566917e+00
4.818728992558435564e+00
4.808193809055482326e+00
4.791071040538233738e+00
4.770384426656635313e+00
4.749157707831561659e+00
4.730414623737159374e+00
4.717178914164769310e+00
4.712474319359481356e+00
4.719324579029829714e+00
4.740753416134866782e+00
4.778664739496588432e+00
4.830813332743341348e+00
4.893993230894755797e+00
4.964998466650623499e+00
5.040623074919357016e+00
5.117661090827335002e+00
5.192906546747397378e+00
5.263153477808161007e+00
5.325195918902383418e+00
5.375830062040820145e+00
5.413259051883695605e+00
5.439516296232721260e+00
5.457280896609949750e+00
5.469231953974651006e+00
5.478048569933257284e+00
5.486409845944298702e+00
5.496994883188893510e+00
5.512482783115145502e+00
5.535552647402497861e+00
5.568874437459829352e+00
5.613823152711170827e+00
5.669150059096589978e+00
5.733289220867927583e+00
5.804674704192250623e+00
5.881740575578536578e+00
5.962920898765757372e+00
6.046649740205118917e+00
6.131361166468085599e+00
6.215489241113247409e+00
6.297469713473556219e+00
6.375835171317947747e+00
6.449265973097179305e+00
6.516454923711084035e+00
6.576094827764975115e+00
6.626878487790390793e+00
6.667498708489405068e+00
6.696648293813461272e+00
6.713020047826631753e+00
6.715306774081257757e+00
6.702269662811623618e+00
6.674751726666734442e+00
6.636007255996887899e+00
6.589425263073006356e+00
6.538394759796201328e+00
6.486304759919728546e+00
6.436544275377183766e+00
6.392502318212085477e+00
6.357567902012806194e+00
6.335130038735419689e+00
6.328445840768925024e+00
6.338329858307112374e+00
6.363443335352438446e+00
6.402373756033605368e+00
6.453708603011786060e+00
6.516035360261024145e+00
6.587941512274021250e+00
6.668014540933964618e+00
6.754841930628886715e+00
6.847011166065521515e+00
6.943104921352986736e+00
7.041647087468608568e+00
7.141122202792173468e+00
7.240014083909901643e+00
7.336806543902827826e+00
7.429983399372996011e+00
7.518028466751836447e+00
7.599425559376294714e+00
7.672658493747286812e+00
7.736211085980499114e+00
7.788850693189434793e+00
7.831752697613872272e+00
7.867307435590117137e+00
7.897914562799255300e+00
7.925973736195642161e+00
7.953884612613404848e+00
7.984046847913970346e+00
8.018860098919061485e+00
8.060724022669859323e+00
8.112038274698603502e+00
8.174685193515584203e+00
8.247401672914744353e+00
8.327742291600984004e+00
8.413259504519803755e+00
8.501505766860946167e+00
8.590033530660708294e+00
8.676395251091083338e+00
8.758143382294372614e+00
8.832830379242636809e+00
8.898008694292062870e+00
8.951797984164752364e+00
8.994826889732104647e+00
9.028417564203328638e+00
9.053892186020318533e+00
9.072572933242012638e+00
9.085781983314140220e+00
9.094841514367981716e+00
9.101073704339029291e+00
9.105800730966693735e+00
9.110344652993825676e+00
9.115619282004553625e+00
9.121217424996276080e+00
9.126465183912346291e+00
9.130688660679574298e+00
9.133213957077385814e+00
9.133367175048643816e+00
9.130474416424299022e+00
9.123861783151658855e+00
9.112855377101578114e+00
9.096783146856393998e+00
9.075520008911682979e+00
9.050248180869882475e+00
9.022341077314806057e+00
8.993172112484129954e+00
8.964114701663341123e+00
8.936542259096901475e+00
8.911828199099346648e+00
8.891345936851056564e+00
8.876468886624747867e+00
8.868560250579065496e+00
8.868049498080960547e+00
8.873695885484204737e+00
8.884085358818515132e+00
8.897803863709627947e+00
8.913437346139659212e+00
8.929571752181068689e+00
8.944793027324056567e+00
8.957687117643523322e+00
8.966839969104558605e+00
8.970869250774583747e+00
8.969745314220986643e+00
8.965268089920137129e+00
8.959367346564466317e+00
8.953972852684961126e+00
8.951014376836500475e+00
8.952421687675686357e+00
8.960124553717268014e+00
8.976052743529074007e+00
9.002136026054101237e+00
9.040197843594183880e+00
9.089487837317575369e+00
9.146608477723383146e+00
9.208041230087083306e+00
9.270267561700904935e+00
9.329768939894528046e+00
9.383026829887265663e+00
9.426522699061681720e+00
9.456738014339741483e+00
9.470154241631675518e+00
9.463501191255332401e+00
9.437317803362464730e+00
9.395123695259316676e+00
9.340518005318255490e+00
9.277099871326001335e+00
9.208468433386777008e+00
9.138222829370032940e+00
9.069962197069044052e+00
9.007285676702291966e+00
8.953792406018406425e+00
8.912895967968482935e+00
8.886083073595035131e+00
8.873698530323128608e+00
8.876072186388611840e+00
8.893533890323608304e+00
8.926413489955246305e+00
8.975040833635709703e+00
9.039745770460262619e+00
9.120858147141435168e+00
9.218707812582877636e+00
9.333081112671154145e+00
9.459784406573144011e+00
9.592854535738206678e+00
9.726320297407257343e+00
9.854210484060450526e+00
9.970553892969249432e+00
1.006937932086028020e+01
1.014471556103096184e+01
1.019059141044978034e+01
1.020103566469514789e+01
1.017172599545654421e+01
1.010705898383785772e+01
1.001430237926573064e+01
9.900725685635480389e+00
9.773598403639802257e+00
9.640190033331995423e+00
9.507770079566471466e+00
9.383608042427741935e+00
9.274973423551312379e+00
9.189135720667866991e+00
9.131518865609246305e+00
9.100424888829575565e+00
9.092438161611568148e+00
9.104143055364161796e+00
9.132123941117630039e+00
9.172965190670250735e+00
9.223251174278969344e+00
9.279566263610490751e+00
9.338494830616024700e+00
9.396622100700177782e+00
9.451282631834894588e+00
9.501932770780433302e+00
9.548401805193789116e+00
9.590519024550088645e+00
9.628113718119100994e+00
9.661015173865841632e+00
9.689052681114445065e+00
9.712055528959533390e+00
9.729853005710385361e+00
9.742277627881261282e+00
9.749692856281926723e+00
9.753579112023583519e+00
9.755557991384478100e+00
9.757251090528196613e+00
9.760280005668304781e+00
9.766266332912868720e+00
9.776831668450135737e+00
9.793597608684411426e+00
9.818185749399676254e+00
9.852186979981498283e+00
9.895243136495185610e+00
9.943912053960138664e+00
9.994478780354713265e+00
1.004322836374682026e+01
1.008644585046797815e+01
1.012041628862944265e+01
1.014142472590613941e+01
1.014575620928407318e+01
1.012969578661299153e+01
1.008962362017352810e+01
1.002503482535324331e+01
9.939162855681008324e+00
9.835462258793056023e+00
9.717387586120995735e+00
9.588393385491000842e+00
9.451934204213999990e+00
9.311464594494465175e+00
9.170439103711016671e+00
9.032312280814737804e+00
8.900472483000875457e+00
8.777007857864498774e+00
8.662818950865684542e+00
8.558762698984912376e+00
8.465696042830380463e+00
8.384475919257978305e+00
8.315959265682581147e+00
8.261003021873918328e+00
8.220464125091952567e+00
8.195199513276936187e+00
8.185834303343705542e+00
8.190011966646830288e+00
8.203306812561589112e+00
8.221251494438606144e+00
8.239378666097927351e+00
8.253220981368196263e+00
8.258311093587128227e+00
8.250181656660259932e+00
8.224365323869379907e+00
8.176394749487844393e+00
8.102596298000607433e+00
8.006348976727958089e+00
7.894725297646840723e+00
7.774830198091851052e+00
7.653768616414327042e+00
7.538645489670532385e+00
7.436565758997698339e+00
7.354634361340134596e+00
7.299956234592855253e+00
7.279636318467034073e+00
7.299370822682872628e+00
7.355921426453588374e+00
7.442558061878494335e+00
7.552542618623143689e+00
7.679136987454767471e+00
7.815603054522847870e+00
7.955202710438414648e+00
8.091197845960367729e+00
8.216850347016404044e+00
8.325422104447675054e+00
8.411517557142156321e+00
8.475927251323190248e+00
8.521222312753877759e+00
8.549974028279807570e+00
8.564753683841823673e+00
8.568132566465504141e+00
8.562681962638471589e+00
8.550973159108496091e+00
8.535577442452192187e+00
8.519065976280289831e+00
8.503243944596501791e+00
8.487336249346041583e+00
8.470025044210602871e+00
8.449992482805642524e+00
8.425920719463828590e+00
8.396491907840497149e+00
8.360388201338212255e+00
8.316291754668799996e+00
8.262884721321334780e+00
8.198852233660518962e+00
8.123966799414267470e+00
8.040701997901457787e+00
7.951943691755682941e+00
7.860577746801033605e+00
7.769490025718887694e+00
7.681566391203760169e+00
7.599692709060040130e+00
7.526754841927891349e+00
7.465638652869120762e+00
7.419219111186492022e+00
7.389245932278156737e+00
7.375380298630069831e+00
7.377056422838363048e+00
7.393708516920143303e+00
7.424770793149980896e+00
7.469677464411597079e+00
7.527862741914534084e+00
7.598760838382545124e+00
7.681805967139239577e+00
7.776398095421495071e+00
7.880347201375668575e+00
7.989234215118683480e+00
8.098473417768175864e+00
8.203479094320149656e+00
8.299665529570850353e+00
8.382447004937565893e+00
8.447237805347613815e+00
8.489452214879426251e+00
8.504504516223631683e+00
8.488009377064642536e+00
8.440763130326290664e+00
8.369083543594303620e+00
8.279556805370591022e+00
8.178769103314943223e+00
8.073306628759169712e+00
7.969755569457054101e+00
7.874702113252561197e+00
7.794732451342223811e+00
7.736432771430925115e+00
7.706051100088565420e+00
7.704356589954193701e+00
7.727675640592658546e+00
7.772206571999191738e+00
7.834147705169906217e+00
7.909697358783781773e+00
7.995053853653981690e+00
8.086415511056404881e+00
8.179980648975924140e+00
8.271947588640024662e+00
8.358864604737608062e+00
8.441092260477777387e+00
8.521334358052586211e+00
8.602328845559213732e+00
8.686813668240226605e+00
8.777526774167785817e+00
8.877206111707909741e+00
8.988589625662367411e+00
9.114415264275262274e+00
9.257420976472166885e+00
9.419676411352719825e+00
9.598138911688858244e+00
9.787404896415775823e+00
9.982058066348550085e+00
1.017668212900033886e+01
1.036586078970473856e+01
1.054417775581346284e+01
1.070621672839990879e+01
1.084656141497585402e+01
1.095979552202944163e+01
1.104144714693502749e+01
1.109224921895899385e+01
1.111471807706575454e+01
1.111137164105262976e+01
1.108472783164950393e+01
1.103730456848695773e+01
1.097161977301125901e+01
1.089019136508326113e+01
1.079553726382096102e+01
1.069017539178491383e+01
1.057659445376769902e+01
1.045716573538769012e+01
1.033423103094031781e+01
1.021013213050130730e+01
1.008721082409145708e+01
9.967808906088471588e+00
9.854268166485450564e+00
9.748930395552040551e+00
9.654137387251115143e+00
9.572229977244132826e+00
9.504379194099481509e+00
9.448310030961327044e+00
9.401116082735747170e+00
9.359890942309396777e+00
9.321728202850566802e+00
9.283721458842871144e+00
9.242964303435627471e+00
9.196550329648355060e+00
9.141573132159347637e+00
9.075137171923664425e+00
8.996445048374122067e+00
8.909283324655969949e+00
8.818044001599837145e+00
8.727119079843939531e+00
8.640900563268285595e+00
8.563780452481484673e+00
8.500150748521456023e+00
8.454403454624234371e+00
8.430930571642702986e+00
8.434069628743969815e+00
8.464326984584650049e+00
8.515922251618704308e+00
8.582491368828158329e+00
8.657670272713385629e+00
8.735094902117307214e+00
8.808401195173383158e+00
8.871225090669321744e+00
8.917202525193840046e+00
8.939969437695840071e+00
8.933302759184323705e+00
8.895958916913537351e+00
8.832886783825680155e+00
8.749422434596072051e+00
8.650901947005495529e+00
8.542661395938358382e+00
8.430036855820418396e+00
8.318364405120423299e+00
8.212980118284379571e+00
8.119220070054993244e+00
8.042214231212282627e+00
7.982791661414378126e+00
7.937711404689826722e+00
7.903572621657817265e+00
7.876974471297733871e+00
7.854516112944759598e+00
7.832796706684378663e+00
7.808415411823004249e+00
7.777971387541445125e+00
7.738063794113582361e+00
7.685533051270637905e+00
7.620486199967191787e+00
7.545380137383166819e+00
7.462723411784667249e+00
7.375024568809627645e+00
7.284792153858062669e+00
7.194534715552947546e+00
7.106760799309393306e+00
7.023978950659694576e+00
6.948697718051044525e+00
6.883149809110843620e+00
6.827002108555195292e+00
6.778527008659665398e+00
6.735982995649067107e+00
6.697628556028066171e+00
6.661722177623676799e+00
6.626522346901419169e+00
6.590287550360150348e+00
6.551276275776876545e+00
6.507747009672933736e+00
6.458301123779912167e+00
6.403809032415284541e+00
6.346062940401311359e+00
6.286857709856199072e+00
6.227988205012558787e+00
6.171249287995222765e+00
6.118435821622353998e+00
6.071342668197381442e+00
6.031764691667159006e+00
6.001496754257056310e+00
5.982035995153577090e+00
5.973450440717116727e+00
5.975379830788451585e+00
5.987463825550630503e+00
6.009342084697037123e+00
6.040654268293057072e+00
6.081040036849215902e+00
6.130139049391188699e+00
6.187590966324586716e+00
6.253035418869417050e+00
6.325714294940068427e+00
6.403474433719460457e+00
6.483856987822764317e+00
6.564403106990529757e+00
6.642653943821495766e+00
6.716150650806097744e+00
6.782434377847342155e+00
6.839046277506247051e+00
6.883527501887464872e+00
6.913421813228327828e+00
6.927471896825377229e+00
6.927516375595896392e+00
6.915886897708732661e+00
6.894915111826890985e+00
6.866932666243174666e+00
6.834271208919584950e+00
6.799262389015328978e+00
6.764237854533849514e+00
6.731529253477854802e+00
6.703461288937096363e+00
6.681542606597421496e+00
6.665709916430540005e+00
6.655721120107343403e+00
6.651334118705385379e+00
6.652306813566544186e+00
6.658397105965229379e+00
6.669362897181518868e+00
6.684962088725548313e+00
6.704952581526646860e+00
6.729084208016930191e+00
6.756697404826160103e+00
6.786537653536639070e+00
6.817303622820364950e+00
6.847693981393012663e+00
6.876407396889314683e+00
6.902142538037058017e+00
6.923598073200752268e+00
6.939472670894143214e+00
6.948464999094426275e+00
6.949306299924573160e+00
6.941629345003319074e+00
6.926062189459634588e+00
6.903284269946428076e+00
6.873975022776370736e+00
6.838813885341884280e+00
6.798480294028673931e+00
6.753653684978385030e+00
6.705013495949536662e+00
6.653239163132761647e+00
6.599010410448961750e+00
6.543011896318801313e+00
6.485932421791298808e+00
6.428460916639940237e+00
6.371286312678433816e+00
6.315097539680828653e+00
6.260583527467684206e+00
6.208433207782936059e+00
6.159335510423330717e+00
6.113979365329644367e+00
6.072998778287971078e+00
6.036399608474344980e+00
6.003787329646129045e+00
5.974760957512589954e+00
5.948919508786687516e+00
5.925861999137748803e+00
5.905187444366460703e+00
5.886494860988745081e+00
5.869383264779544973e+00
5.853451671588404182e+00
5.838295496097528847e+00
5.823481357552833693e+00
5.808562065776515126e+00
5.793090344094480315e+00
5.776618915310549163e+00
5.758700502181375747e+00
5.738887828103626632e+00
5.716733615853656580e+00
5.691790588097342507e+00
5.663611468397070858e+00
5.632020662208158335e+00
5.598403498829132907e+00
5.564701700113398708e+00
5.532857670010396411e+00
5.504813812557229902e+00
5.482512532772473079e+00
5.467896234636947739e+00
5.462907322488516293e+00
5.469488200818545920e+00
5.489581273828735064e+00
5.524344060194267492e+00
5.571648397821910237e+00
5.628506483145062411e+00
5.691930511367461420e+00
5.758932678002653738e+00
5.826525176154334851e+00
5.891720201311470007e+00
5.951529948849898943e+00
6.002966612043000083e+00
6.043042820373167423e+00
6.069555170918712328e+00
6.082703368549428724e+00
6.083146019158049533e+00
6.071541728037787244e+00
6.048549100967459680e+00
6.014826743378510976e+00
5.971033260196096037e+00
5.917827257958455434e+00
5.855867341705672580e+00
5.785814379690618736e+00
5.708848366512754069e+00
5.627327416083948819e+00
5.543772179217905105e+00
5.460703305761193782e+00
5.380641448512104574e+00
5.306107257296605262e+00
5.239621382201486988e+00
5.183704475633802211e+00
5.140877187570539242e+00
5.113636519529626945e+00
5.102627087818341955e+00
5.105340709715965986e+00
5.118962183619911954e+00
5.140676307364618225e+00
5.167667879235440687e+00
5.197121697766746706e+00
5.226222560419445884e+00
5.252155265715467536e+00
5.272104612027252557e+00
5.283314590865593630e+00
5.285289651151991563e+00
5.280447321678455985e+00
5.271397488047083080e+00
5.260750035698034566e+00
5.251114849996086242e+00
5.245101816656412730e+00
5.245320821016454360e+00
5.254381748538413888e+00
5.274894485004272049e+00
5.309345727178480523e+00
5.357487220862440225e+00
5.416389323854201798e+00
5.483009917462284832e+00
5.554306885052112008e+00
5.627238110209755284e+00
5.698761473912753672e+00
5.765834859745844199e+00
5.825416151083794958e+00
5.874463229219101024e+00
5.910167126344274990e+00
5.933045214512035592e+00
5.946094960473597091e+00
5.952373145628935269e+00
5.954936551058503724e+00
5.956841957791986886e+00
5.961146146935631940e+00
5.970905899708874642e+00
5.989177996971611684e+00
6.019019219860900272e+00
6.063065811886691137e+00
6.119856569561272330e+00
6.185619675520598548e+00
6.256557330636035807e+00
6.328871736625179878e+00
6.398765092615973593e+00
6.462439600332173129e+00
6.516097461204092056e+00
6.555940874799834894e+00
6.578172042690277443e+00
6.579566444912537726e+00
6.560859136566505434e+00
6.524456876600647881e+00
6.472772336895605605e+00
6.408218191265436126e+00
6.333207111756818719e+00
6.250151769923014911e+00
6.161464840318204850e+00
6.069558994576318867e+00
5.976846904179395459e+00
5.885663585503212225e+00
5.797955670287655572e+00
5.715548625682612460e+00
5.640267881715034903e+00
5.573938865442785939e+00
5.518387004346116953e+00
5.475437727818398770e+00
5.446916463201986858e+00
5.434648638561691669e+00
5.440459650663426849e+00
5.464940553570503567e+00
5.504173985733686436e+00
5.553213551487561794e+00
5.607112853344248471e+00
5.660925495551833109e+00
5.709705082354308736e+00
5.748505216269934159e+00
5.772379501631246690e+00
5.776381542066508779e+00
5.755569446623582053e+00
5.707667281558473249e+00
5.637557230159386812e+00
5.551310440799157142e+00
5.454998059428872281e+00
5.354691231524674855e+00
5.256461106171824049e+00
5.166378828857773442e+00
5.090515545454430857e+00
5.034942404470372779e+00
5.005706281309342032e+00
5.005584273100473602e+00
5.030815548191091224e+00
5.076861257135711014e+00
5.139182550657681148e+00
5.213240580405329894e+00
5.294496495310165862e+00
5.378411446908839544e+00
5.460446586863470841e+00
5.536063063917365135e+00
5.600754561539215359e+00
5.651825083607305622e+00
5.689306111870063631e+00
5.713454808982583621e+00
5.724528336970870157e+00
5.722783857547680597e+00
5.708478532891747115e+00
5.681869524589106213e+00
5.643213995241550762e+00
5.592769106578740157e+00
5.530838146966700286e+00
5.459093636851839015e+00
5.380774271429349831e+00
5.299204485334045422e+00
5.217708716126171709e+00
5.139611398459279279e+00
5.068236967147265126e+00
5.006909859509846683e+00
4.958954510262009840e+00
4.927695355006886047e+00
4.916284691828802345e+00
4.924751795389762599e+00
4.950407008939731845e+00
4.990469844321107296e+00
5.042159811857125362e+00
5.102696423236626977e+00
5.169299190565880942e+00
5.239187623541976535e+00
5.309581234216025791e+00
5.377699534662975012e+00
5.440922960152478005e+00
5.498565474984824064e+00
5.551218945272919036e+00
5.599497945207904337e+00
5.644017050866450447e+00
5.685390838147819537e+00
5.724233881509266375e+00
5.761160756883533018e+00
5.796786040112938743e+00
5.831724305790371155e+00
5.866550276803653929e+00
5.901505540405546313e+00
5.936665807165462994e+00
5.972105575532739685e+00
6.007899345198906005e+00
6.044121615872192876e+00
6.080846885976881389e+00
6.118149655215708194e+00
6.156104423318663699e+00
6.194785688669151469e+00
6.234295227754410362e+00
6.274898227331400236e+00
6.316920453302885541e+00
6.360687772184791200e+00
6.406526050575384268e+00
6.454761153440474963e+00
6.505718947351974535e+00
6.559725299010271904e+00
6.617106073188469217e+00
6.678187136549071035e+00
6.742958515494226646e+00
6.809945886783129509e+00
6.877275920964520672e+00
6.943075279910320141e+00
7.005470623161864197e+00
7.062588612620177564e+00
7.112555909397392462e+00
7.153499175028020574e+00
7.183545069639818870e+00
7.200820502286307878e+00
7.204158199559795861e+00
7.194642673549838108e+00
7.173806518328426307e+00
7.143182327433387435e+00
7.104302695553077918e+00
7.058700216331743604e+00
7.007907483096419199e+00
6.953457091011284952e+00
6.896881633455560490e+00
6.839712159569067751e+00
6.783053118657718983e+00
6.727003065656715464e+00
6.671515654184585031e+00
6.616544539819886772e+00
6.562043376174779397e+00
6.507965816883594101e+00
6.454265517491633908e+00
6.400896131628507568e+00
6.347811312939436235e+00
6.294973069351506467e+00
6.243076095638125267e+00
6.194108761080196146e+00
6.150191482202147064e+00
6.113444677065301036e+00
6.085988762122008566e+00
6.069944154263007263e+00
6.067431270892036821e+00
6.080570528752718751e+00
6.111482345327224230e+00
6.162209422348545296e+00
6.231576421557944556e+00
6.314110047726290809e+00
6.404037619517624513e+00
6.495586458507188077e+00
6.582983886346728042e+00
6.660457221585530441e+00
6.722233785958359853e+00
6.762540900459328874e+00
6.775605884748700625e+00
6.755876147982271540e+00
6.703006284670307124e+00
6.621940025834308408e+00
6.517857579416594938e+00
6.395939152273450112e+00
6.261364955711473002e+00
6.119315196766796028e+00
5.974970083818721633e+00
5.833509823615231404e+00
5.700114627923965394e+00
5.579734395448640250e+00
5.473853253166272914e+00
5.381277270827064640e+00
5.300743039265262802e+00
5.230987149883314480e+00
5.170746196481224466e+00
5.118756770341741813e+00
5.073755463136972566e+00
5.034478868082894465e+00
4.999663576776626428e+00
4.968065405721703520e+00
4.938636495306295338e+00
4.910443835708862004e+00
4.882555864472930551e+00
4.854041020121660388e+00
4.823967740200481025e+00
4.791404462181281687e+00
4.755419624697528214e+00
4.715081665255977939e+00
4.669459021157987166e+00
4.617851889534629883e+00
4.561231786275293132e+00
4.501303375466346957e+00
4.439774450467795397e+00
4.378352806836596223e+00
4.318746237941564203e+00
4.262662537237156712e+00
4.211809500151864505e+00
4.167894920088516031e+00
4.132626590777332076e+00
4.107298247018720261e+00
4.091045823492428291e+00
4.082304610013427038e+00
4.079509527587600104e+00
4.081095496885642326e+00
4.085497438784977398e+00
4.091150273981402741e+00
4.096488923328355014e+00
4.099948307664440073e+00
4.099963349641134513e+00
4.095400663471948199e+00
4.086768982164271868e+00
4.074967434759440010e+00
4.060895150006717635e+00
4.045451256548222574e+00
4.029534883586014082e+00
4.014045159773083071e+00
3.999881213938286884e+00
3.987942174786301752e+00
3.979126704830202588e+00
3.973966822959424938e+00
3.971970705307650285e+00
3.972469198227206455e+00
3.974793147989015285e+00
3.978273400950129712e+00
3.982240803333676027e+00
3.986026201487016696e+00
3.988960441748925057e+00
3.990374370355408651e+00
3.989600321358063084e+00
3.986202542277910599e+00
3.980226720946387076e+00
3.971778451174688751e+00
3.960963326657354067e+00
3.947886941486233869e+00
3.932654889383161212e+00
3.915372763968253622e+00
3.896146159485938121e+00
3.875080669579889836e+00
3.852283108819995583e+00
3.827935120969378602e+00
3.802335243437638734e+00
3.775792176499524810e+00
3.748614620106660578e+00
3.721111275178016875e+00
3.693590841670883584e+00
3.666362019541743233e+00
3.639733509710775916e+00
3.614014012129203923e+00
3.589515087157280071e+00
3.566639561819612059e+00
3.545898427831760014e+00
3.527808947939181206e+00
3.512888385514909118e+00
3.501654003270068038e+00
3.494623064089716902e+00
3.492312831085988556e+00
3.495240567091306705e+00
3.503923535185248461e+00
3.518822677391940434e+00
3.539315565080376924e+00
3.563802532842408333e+00
3.590648891195146852e+00
3.618219951518005573e+00
3.644881025224584903e+00
3.668997422780709616e+00
3.688934455620358044e+00
3.703057434854429619e+00
3.709731671622187310e+00
3.707536548963874079e+00
3.697755908922601531e+00
3.683526698859199922e+00
3.668022003012881616e+00
3.654414905108112510e+00
3.645878488958896213e+00
3.645585838670136969e+00
3.656710037977310535e+00
3.682424171154593306e+00
3.725901321498833241e+00
3.789774163181131694e+00
3.871949823079731345e+00
3.967892921812042228e+00
4.073047616213520961e+00
4.182858063554279582e+00
4.292768417164025685e+00
4.398222834284820415e+00
4.494665471948468216e+00
4.577540483800062177e+00
4.642292027004582877e+00
4.685195002650099916e+00
4.707715086234466106e+00
4.713318933592820059e+00
4.705477436232730959e+00
4.687661485406423800e+00
4.663341973075917579e+00
4.635989790590622661e+00
4.609075829156861204e+00
4.586070980951293841e+00
4.570446137154600130e+00
4.564949777305894685e+00
4.569049337353154883e+00
4.581281242421252564e+00
4.600181855778870066e+00
4.624287539977856021e+00
4.652134658216861673e+00
4.682259573871076164e+00
4.713198649227539505e+00
4.743488247643203870e+00
4.771664809947997909e+00
4.796649564818191713e+00
4.818641646729937555e+00
4.838105132538561115e+00
4.855504098428244930e+00
4.871302621281404122e+00
4.885964777904934664e+00
4.899954644596298259e+00
4.913736298173057904e+00
4.927773815274029801e+00
4.942529987445689166e+00
4.958032801731891759e+00
4.973244801925662983e+00
4.986968333528463582e+00
4.998005741557811632e+00
5.005159371539795288e+00
5.007231568817240408e+00
5.003024678682551851e+00
4.991341046545564097e+00
4.970983017463320053e+00
4.940760404025484220e+00
4.900221119289765781e+00
4.850265262311508785e+00
4.791937513981213037e+00
4.726282553464712599e+00
4.654345059582103872e+00
4.577169713742494039e+00
4.495801194833923375e+00
4.411284181546585970e+00
4.324663355586368496e+00
4.236987773662584722e+00
4.149503676336150804e+00
4.063730265384161378e+00
3.981206776442129502e+00
3.903472446181587507e+00
3.832066510475121923e+00
3.768528207694051169e+00
3.714396773627230974e+00
3.671211444507384680e+00
3.640511458040029069e+00
3.623764906632112925e+00
3.620642947362886499e+00
3.628925754677503779e+00
3.646303534481335706e+00
3.670466493108902384e+00
3.699104835985980611e+00
3.729908769380673395e+00
3.760568499663266895e+00
3.788774232106263629e+00
3.812216173095272609e+00
3.828672649862379540e+00
3.837322196652464434e+00
3.838464582000000735e+00
3.832431035472971370e+00
3.819552786897159713e+00
3.800161065923248760e+00
3.774587101894578467e+00
3.743162125097944770e+00
3.706217364947659298e+00
3.664084051123907226e+00
3.617213720500183083e+00
3.567346443237183085e+00
3.517004162326940797e+00
3.468719800712557699e+00
3.425026283048660414e+00
3.388456532239135122e+00
3.361543471524000015e+00
3.346820025053680592e+00
3.346819115939343448e+00
3.364073667986841265e+00
3.400533285573776876e+00
3.453753783884736528e+00
3.519288836647631147e+00
3.592681945761840634e+00
3.669476615425891541e+00
3.745216349998819361e+00
3.815444651139245469e+00
3.875705023244934821e+00
3.921540970243306390e+00
3.948495994498495421e+00
3.953011917298035360e+00
3.936409522557846152e+00
3.901658120422169418e+00
3.851728309456377897e+00
3.789590688302966193e+00
3.718215854719667313e+00
3.640574409062090844e+00
3.559636949179417087e+00
3.478374072765298752e+00
3.399756380394566069e+00
3.326317926624485999e+00
3.258863236863704493e+00
3.197768577726499029e+00
3.143410213400261721e+00
3.096164408390242428e+00
3.056407428833936901e+00
3.024515539150472776e+00
3.000865004130093272e+00
2.985832089353617658e+00
2.979792538624252973e+00
2.982558056251171763e+00
2.992301864416682555e+00
3.006901337694205534e+00
3.024233850886275388e+00
3.042176778153411920e+00
3.058607494278428263e+00
3.071403373972786177e+00
3.078441791504036296e+00
3.077600121639036956e+00
3.066761596000223022e+00
3.044876719595759340e+00
3.013196789509483331e+00
2.973272317672182474e+00
2.926653815625623878e+00
2.874891796609980066e+00
2.819536772236835187e+00
2.762139253948241446e+00
2.704249755238672392e+00
2.647418787565129161e+00
2.593194262688640617e+00
2.542947850483575856e+00
2.497765707698627491e+00
2.458707930945836839e+00
2.426834618189587900e+00
2.403205865963429222e+00
2.388881771189923509e+00
2.384922431249925090e+00
2.392387942949987689e+00
2.412338403635748030e+00
2.445778588504202489e+00
2.491811397756730884e+00
2.547204107578215915e+00
2.608580771612145188e+00
2.672565445446911880e+00
2.735782184066047673e+00
2.794855043112213000e+00
2.846408076142068921e+00
2.887065338867068398e+00
2.913450886484544977e+00
2.922353142017462435e+00
2.913917509134736683e+00
2.891426697782625066e+00
2.858283789896249427e+00
2.817891866657562971e+00
2.773654008906473845e+00
2.728973299091173477e+00
2.687252818076864891e+00
2.651895646868430045e+00
2.626304867704543078e+00
2.613637144048937877e+00
2.613772987950413018e+00
2.624265865942501996e+00
2.642619638637416557e+00
2.666338167018279748e+00
2.692925311182486681e+00
2.719884932064599692e+00
2.744720890616760389e+00
2.764937046909996976e+00
2.778037261936224134e+00
2.781814737213884392e+00
2.776710790993529798e+00
2.764587279396252484e+00
2.747319611694782893e+00
2.726783196919127406e+00
2.704853444856392120e+00
2.683405764564079199e+00
2.664315565122437057e+00
2.649458256284452418e+00
2.640709247091502565e+00
2.639576729836948132e+00
2.645175088026928023e+00
2.655659403491578363e+00
2.669182196971807919e+00
2.683895988701149538e+00
2.697953299395566162e+00
2.709506649740042405e+00
2.716708560014577500e+00
2.717711550944590382e+00
2.710668142963004179e+00
2.694233672306919569e+00
2.669442432994133529e+00
2.638031591202591564e+00
2.601738418442506973e+00
2.562300185131045627e+00
2.521454162020281053e+00
2.480937619393112747e+00
2.442487828974580388e+00
2.407842061033454328e+00
2.378737549766646531e+00
2.356549331749568932e+00
2.341400054886140225e+00
2.333141869875510199e+00
2.331626927667560079e+00
2.336707378881023978e+00
2.348235374445839962e+00
2.366063064845081776e+00
2.390042600933502737e+00
2.420026133856132411e+00
2.455864843877257009e+00
2.497000387510890818e+00
2.541831322674974025e+00
2.588592555224453307e+00
2.635518992599817256e+00
2.680845542249349123e+00
2.722807110016302268e+00
2.759638603378244071e+00
2.789574929570677764e+00
2.810850994799952929e+00
2.821712475014708232e+00
2.821612867223458831e+00
2.812301910338789845e+00
2.795786384071396125e+00
2.774073067833123130e+00
2.749168740790560950e+00
2.723080183022292378e+00
2.697814173720709086e+00
2.675377492117019251e+00
2.657776918231586905e+00
2.646997367815898450e+00
2.643949089521061779e+00
2.648000286946844639e+00
2.658399986895564115e+00
2.674397216469092786e+00
2.695241002165737143e+00
2.720180371025769706e+00
2.748464350282714186e+00
2.779341966144998732e+00
2.812062245811123518e+00
2.845880760358889372e+00
2.880229858865170467e+00
2.914734629310183234e+00
2.949029902649836110e+00
2.982750508625444219e+00
3.015531278197538523e+00
3.047007041920139603e+00
3.076812630687575378e+00
3.104582874347086907e+00
3.129952603814857959e+00
3.152569386230779980e+00
3.172294718604636632e+00
3.189167611457297102e+00
3.203232448317312908e+00
3.214533612232317594e+00
3.223115486763722615e+00
3.229022455344634501e+00
3.232298901215149733e+00
3.232989207839664036e+00
3.231137758560545414e+00
3.226837752887418365e+00
3.220731121947866704e+00
3.213805110278090904e+00
3.207052339060652901e+00
3.201465429226137527e+00
3.198037001760139386e+00
3.197759677762704644e+00
3.201626078188111180e+00
3.210628824186161800e+00
3.225760536563617276e+00
3.247823094451663284e+00
3.276117073902454990e+00
3.309232569543149705e+00
3.345755434188074418e+00
3.384271521811721861e+00
3.423366686482635757e+00
3.461626780874068388e+00
3.497637659056074266e+00
3.529985174992576802e+00
3.557255181516021381e+00
3.578306566340489603e+00
3.593544000146589479e+00
3.603915533649497682e+00
3.610369815862305209e+00
3.613855495613263358e+00
3.615321221630373394e+00
3.615715642771312410e+00
3.615987407843203272e+00
3.617085165649875922e+00
3.619957564994305876e+00
3.625195540007522421e+00
3.631913926491072253e+00
3.638846870817559864e+00
3.644728518957518038e+00
3.648293016672068401e+00
3.648274509951613620e+00
3.643407144708481482e+00
3.632425066684410897e+00
3.614062422038385236e+00
3.587053786653803478e+00
3.550806539981592014e+00
3.506761626456704306e+00
3.456742701874307766e+00
3.402573421747687732e+00
3.346077443542353702e+00
3.289078422809793345e+00
3.233400015077753764e+00
3.180865877847352863e+00
3.133299666620002366e+00
3.092521002817636866e+00
3.059480161110733842e+00
3.033180826694826582e+00
3.012362217308952594e+00
2.995763551389138524e+00
2.982124046617206758e+00
2.970182920814610217e+00
2.958679392207930636e+00
2.946352678606021236e+00
2.931941997778893860e+00
2.914194442095805915e+00
2.892450503214193169e+00
2.867047690811458605e+00
2.838418989720228325e+00
2.806997385807852741e+00
2.773215863942459780e+00
2.737507408880825110e+00
2.700305006657324647e+00
2.662041642048911694e+00
2.623150299782477379e+00
2.584062145001348121e+00
2.545140716178584839e+00
2.506663492383529590e+00
2.468902378969042744e+00
2.432129279920494547e+00
2.396616099269870848e+00
2.362634742300105728e+00
2.330457113026719984e+00
2.300355115550344998e+00
2.272600655026249417e+00
2.247451826129084118e+00
2.224866823067269017e+00
2.204513464079648433e+00
2.186047662582663698e+00
2.169125332081819124e+00
2.153402386670348445e+00
2.138534739837578691e+00
2.124178305280882473e+00
2.109988996529887917e+00
2.095622727613349223e+00
2.080755748980429143e+00
2.065349118423737362e+00
2.049573578795138129e+00
2.033604741745935307e+00
2.017618218918312500e+00
2.001789622521340295e+00
1.986294564196374512e+00
1.971308655600511717e+00
1.957007508919211602e+00
1.943566735802529255e+00
1.931132402553742189e+00
1.919567396778572466e+00
1.908576979281176200e+00
1.897864710846763892e+00
1.887134152636252171e+00
1.876088865433319874e+00
1.864432410006793939e+00
1.851868347539868065e+00
1.838100238810326914e+00
1.822831644539143703e+00
1.805848141423425313e+00
1.787493261960129809e+00
1.768342930790703260e+00
1.748973838708695494e+00
1.729962677197802723e+00
1.711886137050754542e+00
1.695320909104383045e+00
1.680843684776232694e+00
1.669031154881904122e+00
1.660460010362734495e+00
1.655475923733382260e+00
1.653285832578333059e+00
1.652746414874037839e+00
1.652714252635364200e+00
1.652045927861844232e+00
1.649598022522992258e+00
1.644227118678702748e+00
1.634789798326226284e+00
1.620142643270939153e+00
1.599142259551922018e+00
1.571251967076338296e+00
1.538119602582022072e+00
1.501884489921271992e+00
1.464685951779552076e+00
1.428663310796867369e+00
1.395955890893705531e+00
1.368703014683582131e+00
1.349044005216088138e+00
1.339118185489546420e+00
1.341062706054739317e+00
1.355842867130651053e+00
1.381320653576798785e+00
1.414850179102279615e+00
1.453785558285938251e+00
1.495480905961694251e+00
1.537290335456030332e+00
1.576567961585916500e+00
1.610667899048856988e+00
1.636944261350530283e+00
1.652763654225485546e+00
1.657094566457672613e+00
1.652066473933117452e+00
1.640179091170943737e+00
1.623932132366616932e+00
1.605825312331022880e+00
1.588358345296310592e+00
1.574030945524820702e+00
1.565342827782151947e+00
1.564793706278865049e+00
1.574851285380417742e+00
1.596259891603933223e+00
1.627200247213483886e+00
1.665644666171544053e+00
1.709565462983017703e+00
1.756934950554241759e+00
1.805725443337478309e+00
1.853909255852040694e+00
1.899458700903690067e+00
1.940346093030855590e+00
1.974591199584081469e+00
2.001587657865604886e+00
2.022281043248232546e+00
2.037700162873531173e+00
2.048873823374576908e+00
2.056830831949085781e+00
2.062599995642995232e+00
2.067210121317048177e+00
2.071690016036923154e+00
2.077068486862152064e+00
2.084323586330920630e+00
2.093531082312598990e+00
2.103990983467705522e+00
2.114978030075164384e+00
2.125766962785232472e+00
2.135632522238822162e+00
2.143849448728878393e+00
2.149692482911483626e+00
2.152436365319467804e+00
2.151355836447506942e+00
2.145818470288054503e+00
2.136287871469943145e+00
2.123942841211658994e+00
2.109974469476964209e+00
2.095573845795291934e+00
2.081932059675679625e+00
2.070240201112481415e+00
2.061689359598758653e+00
2.057470624775782575e+00
2.058775086415592259e+00
2.066633369621354799e+00
2.080755765243818889e+00
2.100203771724767243e+00
2.124034386479336511e+00
2.151304607129463253e+00
2.181071430306167347e+00
2.212391853596369806e+00
2.244322874660298339e+00
2.275921490019014115e+00
2.306244697331104376e+00
2.334485500959412541e+00
2.360639733105351024e+00
2.384996768056559802e+00
2.407846415637393100e+00
2.429478485921340081e+00
2.450182788225246711e+00
2.470249132635256917e+00
2.489967329207412483e+00
2.509627187303712148e+00
2.529518516982595777e+00
2.549804718153736438e+00
2.570105881275285054e+00
2.589896162223144227e+00
2.608649714983302115e+00
2.625840692881092675e+00
2.640943249917834912e+00
2.653431539996307542e+00
2.662779716589657397e+00
2.668461933634601380e+00
2.669952592341580111e+00
2.667321278692608377e+00
2.662509766736540051e+00
2.657827006945380877e+00
2.655581949969708866e+00
2.658083546266391650e+00
2.667640746516267924e+00
2.686562501033959105e+00
2.717157760403456024e+00
2.761735475142162333e+00
2.822598638612447530e+00
2.900511594457462206e+00
2.992659418044814945e+00
3.095719362638842842e+00
3.206368677772745812e+00
3.321284616601734019e+00
3.437144432482340584e+00
3.550625374645780319e+00
3.658404696457052019e+00
3.757159651012119461e+00
3.843587816956444136e+00
3.916099039164520068e+00
3.976087453439570485e+00
4.025246810497197458e+00
4.065270863229809351e+00
4.097853364098763329e+00
4.124688064466238480e+00
4.147468716871386185e+00
4.167889073662067290e+00
4.187642886487394911e+00
4.208389057079693352e+00
4.230384513621259224e+00
4.252037212275330269e+00
4.271628706077341242e+00
4.287440548851289002e+00
4.297754294242830397e+00
4.300851495554921300e+00
4.295013706508204798e+00
4.278522480401732331e+00
4.249659371170855238e+00
4.206806354480581156e+00
4.150668152272875666e+00
4.084279500606952773e+00
4.010777008863044557e+00
3.933297286085704947e+00
3.854976944103376990e+00
3.778952591989034104e+00
3.708360838923989711e+00
3.646338296574179516e+00
3.596021574038328783e+00
3.560353428807665477e+00
3.539414175934499696e+00
3.531099969072966527e+00
3.533251884947047117e+00
3.543711000130106203e+00
3.560318391235397062e+00
3.580915134908276620e+00
3.603342308060964339e+00
3.625440986788480036e+00
3.645052247994180927e+00
3.660191700019434169e+00
3.670627830691847393e+00
3.677141395472983021e+00
3.680525411217594023e+00
3.681572894683809771e+00
3.681076862758621449e+00
3.679830332256189607e+00
3.678626320043889564e+00
3.678257842940060307e+00
3.679517917802460847e+00
3.683115611220797891e+00
3.689163760673516368e+00
3.697517162033578497e+00
3.708029578145140004e+00
3.720554772136098087e+00
3.734946507229326862e+00
3.751058546126518234e+00
3.768744652029391240e+00
3.787858588213935285e+00
3.808254117270433170e+00
3.829625855414838131e+00
3.850851029948880289e+00
3.870545173450213206e+00
3.887323699785050213e+00
3.899802023541925511e+00
3.906595559106468052e+00
3.906319720649251259e+00
3.897589922631129689e+00
3.879021579114053875e+00
3.849230111285844025e+00
3.807514823728455955e+00
3.755739402418102113e+00
3.696368487861918073e+00
3.631866718765023094e+00
3.564698733590438096e+00
3.497329173208451270e+00
3.432222676098994896e+00
3.371843880848791830e+00
3.318657428167948620e+00
3.275126453234648682e+00
3.242649408200410477e+00
3.219692615187482954e+00
3.204221982994766904e+00
3.194203420774397006e+00
3.187602837988898319e+00
3.182386143738091366e+00
3.176519247268131174e+00
3.167968057700475626e+00
3.154698484463029917e+00
3.134684470581479587e+00
3.107088171945470823e+00
3.073505906704432356e+00
3.035832160648730849e+00
2.995961419375673174e+00
2.955788169917677788e+00
2.917206897886796213e+00
2.882112088970194108e+00
2.852398230087615616e+00
2.829959806873927342e+00
2.816669879735478776e+00
2.813133044383346437e+00
2.817997527520260004e+00
2.829744401178293067e+00
2.846854736924257612e+00
2.867809606717997006e+00
2.891090082700761954e+00
2.915177236167255437e+00
2.938552139240252714e+00
2.959695864008921262e+00
2.977117612198572516e+00
2.990201322193807965e+00
2.999354730306038164e+00
3.005043747323457026e+00
3.007734283856113411e+00
3.007892250730321404e+00
3.005983558652894683e+00
3.002474118413131610e+00
2.997829840739478335e+00
2.992516636306830513e+00
2.986983622871107968e+00
2.981363541316067511e+00
2.975507298216647722e+00
2.969255944679401349e+00
2.962450531606903414e+00
2.954932109875586299e+00
2.946541730631217160e+00
2.937120444759575122e+00
2.926509303097796888e+00
2.914549356864615692e+00
2.901105085014964668e+00
2.886331718699540971e+00
2.870581195595671264e+00
2.854209166704333445e+00
2.837571282997182642e+00
2.821023196038335623e+00
2.804920556800486242e+00
2.789619016451722278e+00
2.775474226001498401e+00
2.762841836955113095e+00
2.752050355530483827e+00
2.743194682538635298e+00
2.736250553149072395e+00
2.731192750187529938e+00
2.727996056568747552e+00
2.726635255309466377e+00
2.727085129302623034e+00
2.729320461526587582e+00
2.733316034869948119e+00
2.739046632290161654e+00
2.746469392348448668e+00
2.755432833579918306e+00
2.765744175159120744e+00
2.777210556222189375e+00
2.789639115491524546e+00
2.802836992090774526e+00
2.816611325179884329e+00
2.830769253426804966e+00
2.845117915985820645e+00
2.859464452020214598e+00
2.873634221567473723e+00
2.887534159275268131e+00
2.901094018135504271e+00
2.914243552371038604e+00
2.926912515741386667e+00
2.939030662474661604e+00
2.950527746772982685e+00
2.961333522434850263e+00
2.971377743670129412e+00
2.980590167098979393e+00
2.988910403266038962e+00
2.996310328261367673e+00
3.002768411445386310e+00
3.008263121955398134e+00
3.012772929163061608e+00
3.016276302393562148e+00
3.018751710853913028e+00
3.020177623881297180e+00
3.020532510763379364e+00
3.019794677743667499e+00
3.017891185184844893e+00
3.014625217229244480e+00
3.009781611146684188e+00
3.003145204101979271e+00
2.994500833175352650e+00
2.983633335763515859e+00
2.970327548971644305e+00
2.954368309994622521e+00
2.935540455787467806e+00
2.913636369101598067e+00
2.889162954284238971e+00
2.863919153267880713e+00
2.839839821393997266e+00
2.818859813092435385e+00
2.802913982939281734e+00
2.793937186056647981e+00
2.793864276949824976e+00
2.804630110544234611e+00
2.828169541331792214e+00
2.866366318145029624e+00
2.918870496520369340e+00
2.982278940569811798e+00
3.052968476270936371e+00
3.127315929944880502e+00
3.201698125238766846e+00
3.272491888451953379e+00
3.336074045714480185e+00
3.388821420927447203e+00
3.427110840327335595e+00
3.447446841613592827e+00
3.449485469361891710e+00
3.436158036607718902e+00
3.410548331710355541e+00
3.375740142576343583e+00
3.334817258416491903e+00
3.290863467227666206e+00
3.246962556863713267e+00
3.206198316749962807e+00
3.171654534721452201e+00
3.146278448222924240e+00
3.130889084772413344e+00
3.124622574446803469e+00
3.126569101518463789e+00
3.135818850137071401e+00
3.151462004483477575e+00
3.172588749040210487e+00
3.198289267504434097e+00
3.227653744299355143e+00
3.259772364021065627e+00
3.293734147692859882e+00
3.328615876209245261e+00
3.363486997674140611e+00
3.397416859777585785e+00
3.429474811454712668e+00
3.458730201552326911e+00
3.484252377892957941e+00
3.505110689361961018e+00
3.520374484481225696e+00
3.529113111833579897e+00
3.530542411507366030e+00
3.524964782379282902e+00
3.513171149084331812e+00
3.495954774006422738e+00
3.474108919139404339e+00
3.448426846258685785e+00
3.419701818075839839e+00
3.388727096406848105e+00
3.356295942961542877e+00
3.323201620610722884e+00
3.290153499674681736e+00
3.257411925072553505e+00
3.225087636429160742e+00
3.193291269752255968e+00
3.162133461074502883e+00
3.131724847528091882e+00
3.102176065137502103e+00
3.073597749967781567e+00
3.046100539090265791e+00
3.019795068585473530e+00
2.994847524883799128e+00
2.971641039987267696e+00
2.950611697999369287e+00
2.932195583326441035e+00
2.916828780213243100e+00
2.904947373432938740e+00
2.896987447191750498e+00
2.893385085880933350e+00
2.894576373996096130e+00
2.900996984116498645e+00
2.912686336857712277e+00
2.928548730985892412e+00
2.947286489950613486e+00
2.967601937337126738e+00
2.988197395994783179e+00
3.007775189497875701e+00
3.025037641372677832e+00
3.038687074540570077e+00
3.047425812562792657e+00
3.049959740836281519e+00
3.045608272741297640e+00
3.034995917121005249e+00
3.018914292516199804e+00
2.998155018073714650e+00
2.973509712394193372e+00
2.945769993894917338e+00
2.915727481997764770e+00
2.884173795151850239e+00
2.851900552116817700e+00
2.819698010161113544e+00
2.788267431144809017e+00
2.758167742882699169e+00
2.729945101913665351e+00
2.704145665767507367e+00
2.681315590957745076e+00
2.662001034138005373e+00
2.646748152627924178e+00
2.636103103036437467e+00
2.630612042189905964e+00
2.630801248099885470e+00
2.636531535488959133e+00
2.646856684091150935e+00
2.660781949193307572e+00
2.677312586432301078e+00
2.695453851567941150e+00
2.714210999702668659e+00
2.732589286583159360e+00
2.749593967938213979e+00
2.764230298897088822e+00
2.775553679345345248e+00
2.783622030525854107e+00
2.789418553321011629e+00
2.793961113585360145e+00
2.798267577060867595e+00
2.803355809558134570e+00
2.810243676709087701e+00
2.819949044309104202e+00
2.833489778286502503e+00
2.851883744073794080e+00
2.876061161084405793e+00
2.905807904089155347e+00
2.940107263613403799e+00
2.977925945132455343e+00
3.018230654287675563e+00
3.059988095273336040e+00
3.102164973707568496e+00
3.143727995228299488e+00
3.183643864000111012e+00
3.220879285674265624e+00
3.254471999047099828e+00
3.284099438715414543e+00
3.309777732866939548e+00
3.331526098912175993e+00
3.349363753515266939e+00
3.363309914132959211e+00
3.373383798038378067e+00
3.379604622171100470e+00
3.381991603849814787e+00
3.380563960251575573e+00
3.375478433917348475e+00
3.367774928827034664e+00
3.358842463529267519e+00
3.350070917567810724e+00
3.342850170804087195e+00
3.338570102771763359e+00
3.338620593143262205e+00
3.344391521571871362e+00
3.357272767670734126e+00
3.378654211388490314e+00
3.409338972411586788e+00
3.447393841384926105e+00
3.490088583338382566e+00
3.534692870240433660e+00
3.578476375575313728e+00
3.618708772788530315e+00
3.652659733906649997e+00
3.677598932433177481e+00
3.690796041446388287e+00
3.689520893003991553e+00
3.672261580354497568e+00
3.641659007723690777e+00
3.601238177085199332e+00
3.554524089366778661e+00
3.505041745785409724e+00
3.456316147001618155e+00
3.411872295416600309e+00
3.375235191661162482e+00
3.349929836734473643e+00
3.339476853190243233e+00
3.345690881435937847e+00
3.366100330177882238e+00
3.397571137616042680e+00
3.436969242625891319e+00
3.481160584456953533e+00
3.527011100748114636e+00
3.571386730710843338e+00
3.611153413487015573e+00
3.643177086819902488e+00
3.664340529859956064e+00
3.673331447520496340e+00
3.672224307660876708e+00
3.663466629895659743e+00
3.649505933478414565e+00
3.632789738201890994e+00
3.615765563366598379e+00
3.600880928258514579e+00
3.590583352692189312e+00
3.587320355913923731e+00
3.593499619217542129e+00
3.609630876282751810e+00
3.633534824384048623e+00
3.662828060301334343e+00
3.695127181068802891e+00
3.728048782545835937e+00
3.759209461745224967e+00
3.786225815596678146e+00
3.806714440084204565e+00
3.818291932200458483e+00
3.818666858299589517e+00
3.807973513575001689e+00
3.788958043129170949e+00
3.764495849448888265e+00
3.737462335935721747e+00
3.710732905123755643e+00
3.687182959561422724e+00
3.669687902628766540e+00
3.661123136819755874e+00
3.664364065049733554e+00
3.682130720162704929e+00
3.714584398768260964e+00
3.759789722663349210e+00
3.815749504789609503e+00
3.880466559636800206e+00
3.951943701232704331e+00
4.028183744524699073e+00
4.107189501722235292e+00
4.186963787728282149e+00
4.265509417482072685e+00
4.340864467518410486e+00
4.411456678197801295e+00
4.475955874317626204e+00
4.533035514799645505e+00
4.581369060899760370e+00
4.619629973461187866e+00
4.646491712024719334e+00
4.660627737560211870e+00
4.660711510437065996e+00
4.645416491096764133e+00
4.613847832053250109e+00
4.568456003481624172e+00
4.513253668859689149e+00
4.452262309624573255e+00
4.389503406940255203e+00
4.328998444225823583e+00
4.274768902642385626e+00
4.230836263647156592e+00
4.201222010215063030e+00
4.189947623658135001e+00
4.200159748643286228e+00
4.230124307192459909e+00
4.276415282148820829e+00
4.335604998746422467e+00
4.404265782827952336e+00
4.478969957730181584e+00
4.556289849204291365e+00
4.632797783124877888e+00
4.705066082643586611e+00
4.769667073664806800e+00
4.823820844224003146e+00
4.867382322583035048e+00
4.900876281949340552e+00
4.924827495170180924e+00
4.939760734304588397e+00
4.946200772309298443e+00
4.944672381740291556e+00
4.935700335257729776e+00
4.919809405508497768e+00
4.897524484652564070e+00
4.869534097011690932e+00
4.837014453237378220e+00
4.801232215497928557e+00
4.763454047254656487e+00
4.724946610706884265e+00
4.686976568459276571e+00
4.650810582705495300e+00
4.617715316915909085e+00
4.588957433255430374e+00
4.565801092855624965e+00
4.549003167354511490e+00
4.538199774556609611e+00
4.532877089585736208e+00
4.532521287718717318e+00
4.536618544017747112e+00
4.544655033755143236e+00
4.556116931892550070e+00
4.570490413658842677e+00
4.587261654420285772e+00
4.605920158073665505e+00
4.626196975752322693e+00
4.648223800349703616e+00
4.672170048825998734e+00
4.698205138908585710e+00
4.726498488423397148e+00
4.757219514182782660e+00
4.790537633985040067e+00
4.826622265751010943e+00
4.865642826109228380e+00
4.907747432304891078e+00
4.952314650289395992e+00
4.997755963843610871e+00
5.042421400509499385e+00
5.084660989451456281e+00
5.122824759719405208e+00
5.155262739027013374e+00
5.180324956482022181e+00
5.196361440844140311e+00
5.201722220349073389e+00
5.194813700098364073e+00
5.175240148186550648e+00
5.143751256079450052e+00
5.101142596063661827e+00
5.048209739901099447e+00
4.985748261292498817e+00
4.914553732116863749e+00
4.835421723841129449e+00
4.749147810784139168e+00
4.656527564501766747e+00
4.558392283276262447e+00
4.456064457642470167e+00
4.351223659801116028e+00
4.245557510418962899e+00
4.140753633917009680e+00
4.038499650961802523e+00
3.940483183464807748e+00
3.848391852292739390e+00
3.763913281546328538e+00
3.688735092012437988e+00
3.624374444293032571e+00
3.570741219016417389e+00
3.526862207900332002e+00
3.491755074983128537e+00
3.464437485488027324e+00
3.443927103355698627e+00
3.429241592848009557e+00
3.419398618706381399e+00
3.413415845129766701e+00
3.410310936499257650e+00
3.409107868883767711e+00
3.408872912846338643e+00
3.408689717154406384e+00
3.407641983884487136e+00
3.404813415117112996e+00
3.399287712848791720e+00
3.390148579282079577e+00
3.376479716450703883e+00
3.357364826174654038e+00
3.331887610977092073e+00
3.299544352108889633e+00
3.261835782223440283e+00
3.220870492799420060e+00
3.178757212997671111e+00
3.137604670523655326e+00
3.099521593128165886e+00
3.066616709904048665e+00
3.040998748553450870e+00
3.024776437122354444e+00
3.020058457316529221e+00
3.028124150782726787e+00
3.047309166061798358e+00
3.075296329954890329e+00
3.109768469903837929e+00
3.148408413656471616e+00
3.188898987554945830e+00
3.228923019311590981e+00
3.266163336616726642e+00
3.298302765845529727e+00
3.323025785020065737e+00
3.338830944864484174e+00
3.346343162039363772e+00
3.346530206584624079e+00
3.340359848194544679e+00
3.328799856824974590e+00
3.312818002239480197e+00
3.293382054238820800e+00
3.271459782354294354e+00
3.248018956913377941e+00
3.224026435536288648e+00
3.200337632118050113e+00
3.177590927203159499e+00
3.156399681551235403e+00
3.137377255995289271e+00
3.121137012032340508e+00
3.108292310466200359e+00
3.099456512260898577e+00
3.095242978673126810e+00
3.096265070616005310e+00
3.103121027181698466e+00
3.115621025268013877e+00
3.132417791640972560e+00
3.152071614308245451e+00
3.173142780556636122e+00
3.194191578368606343e+00
3.213778295725559175e+00
3.230463219915883144e+00
3.242806638946720721e+00
3.249368840620363130e+00
3.248774946134065811e+00
3.241481386653678243e+00
3.229987532684127860e+00
3.216900072874165240e+00
3.204825696360467102e+00
3.196371091795206620e+00
3.194142948001358562e+00
3.200747953859397477e+00
3.218792798103475405e+00
3.250884170007532603e+00
3.299457373850352315e+00
3.363961776105551582e+00
3.441311486515091556e+00
3.528340121593429135e+00
3.621881300553931204e+00
3.718768642917260170e+00
3.815835764736927871e+00
3.909916285512800904e+00
3.997843824603820817e+00
4.076451998274885469e+00
4.142824481728067276e+00
4.196946242151437190e+00
4.240671388175911716e+00
4.275885063570911804e+00
4.304472411704237444e+00
4.328318574982222167e+00
4.349308696839714550e+00
4.369327920338963445e+00
4.390261388801959264e+00
4.413994244815608425e+00
4.442169301939254744e+00
4.474466542607496322e+00
4.509614141277818788e+00
4.546334004149616526e+00
4.583348037496469907e+00
4.619378146272799412e+00
4.653146236756255938e+00
4.683374215117755313e+00
4.708783986471815730e+00
4.728097457038654028e+00
4.740194579235999406e+00
4.744874561720624939e+00
4.742268097193013787e+00
4.732506322613403427e+00
4.715720375330467284e+00
4.692041392388075494e+00
4.661600510504853467e+00
4.624528867517348374e+00
4.580957600223174886e+00
4.531017845113258780e+00
4.475250262461868189e+00
4.415930504852831007e+00
4.355793616662111845e+00
4.297574644650659081e+00
4.244008637644542503e+00
4.197830642365954823e+00
4.161775705885695231e+00
4.138578876506925575e+00
4.130975201164896582e+00
4.141699065805364732e+00
4.172128741870880120e+00
4.219436514633853719e+00
4.279981689555860669e+00
4.350123569856301664e+00
4.426221460862076462e+00
4.504634668181112467e+00
4.581722494611258689e+00
4.653844245754610753e+00
4.717359226978932618e+00
4.768634365930782160e+00
4.805880714664113817e+00
4.831541697227753396e+00
4.848652132940499904e+00
4.860246842061791916e+00
4.869360644590813081e+00
4.879028360236753237e+00
4.892284809010157609e+00
4.912164810805401238e+00
4.941703185934195552e+00
4.983902001413109240e+00
5.039112609836730705e+00
5.103125904316588191e+00
5.171282458645572788e+00
5.238922848884973504e+00
5.301387651071734375e+00
5.354017439035271941e+00
5.392152788901063865e+00
5.411134276110656671e+00
5.406302475519357387e+00
5.373117459033036170e+00
5.311711106709925190e+00
5.228299460337572313e+00
5.129506718324210013e+00
5.021957078352311754e+00
4.912274742001136119e+00
4.807083907017384306e+00
4.713008771359691096e+00
4.636673536289416475e+00
4.584702399594998923e+00
4.563463021986668977e+00
4.573521010431427669e+00
4.609694021422177990e+00
4.666553994939350858e+00
4.738672871882760873e+00
4.820622590478008895e+00
4.906975091476931006e+00
4.992302315839108218e+00
5.071176201478521328e+00
5.138168689398860955e+00
5.188124043229804805e+00
5.219832758251436111e+00
5.235058727613312257e+00
5.235638699497112469e+00
5.223409422161214621e+00
5.200207643949230629e+00
5.167870112687037221e+00
5.128233577409620381e+00
5.083134786039790853e+00
5.034410486242618887e+00
4.983779179421176764e+00
4.931791281517128311e+00
4.878331342080212352e+00
4.823276165320667275e+00
4.766502553566984268e+00
4.707887309066564718e+00
4.647307236151274168e+00
4.584639137090970706e+00
4.519759814835846434e+00
4.452546071528968419e+00
4.383050942697161112e+00
4.312560170464092124e+00
4.242885841343847275e+00
4.175842015332177581e+00
4.113242749932923381e+00
4.056902102859647030e+00
4.008634133793520959e+00
3.970252900363577364e+00
3.943572460665354829e+00
3.930406873680267754e+00
3.931951910267576622e+00
3.946273579929250097e+00
3.970449914875851860e+00
4.001558570105222756e+00
4.036677200942305532e+00
4.072883461428344454e+00
4.107255006858217428e+00
4.136869492440227170e+00
4.158804572345478512e+00
4.170137914614286068e+00
4.168702204200204875e+00
4.155120936794471476e+00
4.130662286643830505e+00
4.096594427571075947e+00
4.054185532945585813e+00
4.004703777694222033e+00
3.949417335277279228e+00
3.889594378881155112e+00
3.826503083843554087e+00
3.761411178938378175e+00
3.695301482819755012e+00
3.628382967730381825e+00
3.560734471792525557e+00
3.492434833094011815e+00
3.423562892144020431e+00
3.354197487037592573e+00
3.284417455846484479e+00
3.214301639114800935e+00
3.143928874918724858e+00
3.073380580974057086e+00
3.003100600495435479e+00
2.934265464951587798e+00
2.868140052824346142e+00
2.805989244927128645e+00
2.749077919702344719e+00
2.698670956390907705e+00
2.656033233781560199e+00
2.622429632133585820e+00
2.599125030136618442e+00
2.587361429335204299e+00
2.587071676974857404e+00
2.596195125806717741e+00
2.612503750868214958e+00
2.633769526564110564e+00
2.657764427860215939e+00
2.682260429851113237e+00
2.705029506748406476e+00
2.723843633653908913e+00
2.736474785482820860e+00
2.740747952544650978e+00
2.736095242089139568e+00
2.723806325579666510e+00
2.705274309984632808e+00
2.681892301866153350e+00
2.655053407557497636e+00
2.626150734370336970e+00
2.596577388670503694e+00
2.567726476792179024e+00
2.540991106094505181e+00
2.517713970006503210e+00
2.498307397056827472e+00
2.482365236676060238e+00
2.469453418437627779e+00
2.459137871335466574e+00
2.450984524486016891e+00
2.444559307278948435e+00
2.439428148807755381e+00
2.435156978226995061e+00
2.431311724834744670e+00
2.427500256576017534e+00
2.423841785904087054e+00
2.420797092594745958e+00
2.418833196990362033e+00
2.418417119484300493e+00
2.420015880478278092e+00
2.424096500344646632e+00
2.431125999572864682e+00
2.441571398388987291e+00
2.455899717244933722e+00
2.474466876350084998e+00
2.496687754799286285e+00
2.521503478340625382e+00
2.547851568114126497e+00
2.574669544312083058e+00
2.600894928062712719e+00
2.625465240190373084e+00
2.647318001756995276e+00
2.665390733060929218e+00
2.678620955202430043e+00
2.686140027208161918e+00
2.688254988795945710e+00
2.685713781060103056e+00
2.679265125689218152e+00
2.669657744627548013e+00
2.657640359605353719e+00
2.643961692239181094e+00
2.629370464643863148e+00
2.614615398451124229e+00
2.600445215284960199e+00
2.587512448592382164e+00
2.576045165534142090e+00
2.566154385426957063e+00
2.557951124205285698e+00
2.551546397442952863e+00
2.547051220798651094e+00
2.544576610079541279e+00
2.544233580921134052e+00
2.546133149059518264e+00
2.550386238152036800e+00
2.556798448414393299e+00
2.564189744986975494e+00
2.571181577572072108e+00
2.576395395618768180e+00
2.578452648842196826e+00
2.575974786808548966e+00
2.567583259190322043e+00
2.551899515615336789e+00
2.527545005367325182e+00
2.493145285203935302e+00
2.448527898462687702e+00
2.396386759955230428e+00
2.339833945351745381e+00
2.281981528484861688e+00
2.225941583125885970e+00
2.174826185036982551e+00
2.131747407949722284e+00
2.099817325974886018e+00
2.082148014305824191e+00
2.081825914315543091e+00
2.099610091872662121e+00
2.132105536665853673e+00
2.175487367253432947e+00
2.225930702707390019e+00
2.279610660250373400e+00
2.332702358893633310e+00
2.381380917087506877e+00
2.421821453695749859e+00
2.450199086177001551e+00
2.462748394504680860e+00
2.458226945599227609e+00
2.438797612067478582e+00
2.406864180930035069e+00
2.364830438617486319e+00
2.315100173121703353e+00
2.260077170978245675e+00
2.202165218472932118e+00
2.143768103972241157e+00
2.087289613781896147e+00
2.035084560901504247e+00
1.988326799226761032e+00
1.946978081602943389e+00
1.910944958765273816e+00
1.880133982692242967e+00
1.854451704056921502e+00
1.833804673774376282e+00
1.818099443460100995e+00
1.807242563970317573e+00
1.801140586390018283e+00
1.799662590565755727e+00
1.802104742299752926e+00
1.807315837273164139e+00
1.814132791086281893e+00
1.821392519081825423e+00
1.827931936848004701e+00
1.832587959939043110e+00
1.834197503748640878e+00
1.831597483860097908e+00
1.823624815658084763e+00
1.809248395024352307e+00
1.788803822495910190e+00
1.763434892551962507e+00
1.734295920719901796e+00
1.702541221644771063e+00
1.669325109848189825e+00
1.635801901042686302e+00
1.603125909760310552e+00
1.572451450573089327e+00
1.544932839133586810e+00
1.521598904579684719e+00
1.502561915299067685e+00
1.487527544347857056e+00
1.476199634680518624e+00
1.468282029426410507e+00
1.463478571973224174e+00
1.461493105411834748e+00
1.462029472946047681e+00
1.464791517824213907e+00
1.469483083182063332e+00
1.475841043521767260e+00
1.483776512028411210e+00
1.493257844765257358e+00
1.504253432154729175e+00
1.516731664690699644e+00
1.530660932416519904e+00
1.546009625808759447e+00
1.562746135410964410e+00
1.580838851166021852e+00
1.600256163758911221e+00
1.621045101300411462e+00
1.643555420976233528e+00
1.668209718467090985e+00
1.695430589554860701e+00
1.725640629045456897e+00
1.759262432687987987e+00
1.796718596392547163e+00
1.838431714723572252e+00
1.884824383543431514e+00
1.936318455486142120e+00
1.992696535884681541e+00
2.051935351104625216e+00
2.111694987810898372e+00
2.169635533331977673e+00
2.223417072942816652e+00
2.270699694007153546e+00
2.309143483582071887e+00
2.336408527402504820e+00
2.350154912643605432e+00
2.348053333944399856e+00
2.329503911398389526e+00
2.297536940446381237e+00
2.255640348676558826e+00
2.207302065238918143e+00
2.156010017818201341e+00
2.105252133959779837e+00
2.058516343022709805e+00
2.019290572525486382e+00
1.991062750340967913e+00
1.977288555046170515e+00
1.979388670277773210e+00
1.995570668122107039e+00
2.023758726098910277e+00
2.061877022242015300e+00
2.107849735053812346e+00
2.159601041351201012e+00
2.215055119556162300e+00
2.272136147590617661e+00
2.328768304033724146e+00
2.382904090223795901e+00
2.433419584536471891e+00
2.480296958217262482e+00
2.523583581797795183e+00
2.563326827489537330e+00
2.599574067336759775e+00
2.632372672121884083e+00
2.661770013930141676e+00
2.687813464686276799e+00
2.710550395413442004e+00
2.730034039277684066e+00
2.746432361033487535e+00
2.760017901048985589e+00
2.771067024905840892e+00
2.779856098066037173e+00
2.786661485695482998e+00
2.791759553281189632e+00
2.795426666229610113e+00
2.797939189827494566e+00
2.799573489496544276e+00
2.800646305658792024e+00
2.801992121814725234e+00
2.804803958251984586e+00
2.810282015160632696e+00
2.819626492868483769e+00
2.834037591356934449e+00
2.854715510901110420e+00
2.882860452071836832e+00
2.919672614406962019e+00
2.966352198382148586e+00
3.023795292558943970e+00
3.090202966234766535e+00
3.162367981612802303e+00
3.237070831321612996e+00
3.311092005312151088e+00
3.381211996202027059e+00
3.444211296424775526e+00
3.496870396207465870e+00
3.535969788086619214e+00
3.558289963958938262e+00
3.561190147755298074e+00
3.545690917929528840e+00
3.514240495722057211e+00
3.469290347278871867e+00
3.413291937698131218e+00
3.348696731556680017e+00
3.277956195782477877e+00
3.203521795039320885e+00
3.127844994707102533e+00
3.053377259304044244e+00
2.982203406355026676e+00
2.914722881391521359e+00
2.850851174902778951e+00
2.790503737695631425e+00
2.733596018296271968e+00
2.680043465393199043e+00
2.629761529549787813e+00
2.582665659415458226e+00
2.538671303789962419e+00
2.497693909414372193e+00
2.459627379328459096e+00
2.424293221619443717e+00
2.391497754341115556e+00
2.361047294282996312e+00
2.332748158345254730e+00
2.306406664415705077e+00
2.281829129370283482e+00
2.258821870168156387e+00
2.237191204572289038e+00
2.216743806038173226e+00
2.197414808639826411e+00
2.179457722910598694e+00
2.163174533063793703e+00
2.148867223547631156e+00
2.136837778683048139e+00
2.127388183205036754e+00
2.120820421405885003e+00
2.117436477713858789e+00
2.117538336659980480e+00
2.121423198520604458e+00
2.128897813025309560e+00
2.138860604494992934e+00
2.150111552195911990e+00
2.161450635455101299e+00
2.171677833190722495e+00
2.179593124735851983e+00
2.183996489314476097e+00
2.183687906008388246e+00
2.177467354090081741e+00
2.164158182512828876e+00
2.143663341432713754e+00
2.117396106453808713e+00
2.086882323357678981e+00
2.053647839039786316e+00
2.019218499322789739e+00
1.985120149972970705e+00
1.952878637970359765e+00
1.924019809068331366e+00
1.900069509427449566e+00
1.882505778481906589e+00
1.871575292640423660e+00
1.866215352768296087e+00
1.865299832717618900e+00
1.867702606340029936e+00
1.872297547441838628e+00
1.877958529932792331e+00
1.883559427509373885e+00
1.887974114075396059e+00
1.890076463478702617e+00
1.888795586812187288e+00
1.883952637463912394e+00
1.876090602065969337e+00
1.865773184045817823e+00
1.853564086563849633e+00
1.840027012691193953e+00
1.825725665989201163e+00
1.811223749541342132e+00
1.797084966421624186e+00
1.783873020205592796e+00
1.772090659379516930e+00
1.761578491696757620e+00
1.751771009846897487e+00
1.742096824275430000e+00
1.731984545558256539e+00
1.720862784131881540e+00
1.708160150828980761e+00
1.693305256101337530e+00
1.675726710299179523e+00
1.654853124407514864e+00
1.630245632591481142e+00
1.602476534257911478e+00
1.572584058716685940e+00
1.541608918895676306e+00
1.510591827671666332e+00
1.480573499025487738e+00
1.452594645828281239e+00
1.427695981047421681e+00
1.406918218519390917e+00
1.391302071169089549e+00
1.381653193736768870e+00
1.377484925319912845e+00
1.377868828971506643e+00
1.381876084180674535e+00
1.388577870267878378e+00
1.397045366684978029e+00
1.406349752967149813e+00
1.415562208309882886e+00
1.423753912243957975e+00
1.429996044193510230e+00
1.433557382148472392e+00
1.434498992835879561e+00
1.433080490140183239e+00
1.429561487834571931e+00
1.424201599830689169e+00
1.417260439924970639e+00
1.408997621839240155e+00
1.399672759597059502e+00
1.389545466934311468e+00
1.378875346448189099e+00
1.367908679819699103e+00
1.356852597746899924e+00
1.345907075019673771e+00
1.335272086815782133e+00
1.325147607922624760e+00
1.315733613151689019e+00
1.307230077644602417e+00
1.299836976203293304e+00
1.293754283682083672e+00
1.289180917419997741e+00
1.286113568976974930e+00
1.284108096748284744e+00
1.282662284642736017e+00
1.281273916497828180e+00
1.279440776179993966e+00
1.276660647515309721e+00
1.272431314430860549e+00
1.266250560766857269e+00
1.257616170271431244e+00
1.246035509290729593e+00
1.231685737279669901e+00
1.215840754136636281e+00
1.199875996361324804e+00
1.185166899885291336e+00
1.173088900699337467e+00
1.165017435214287467e+00
1.162327939381795350e+00
1.166395849407462659e+00
1.178596601321189485e+00
1.200260638113971545e+00
1.231136521363867864e+00
1.269009716571697144e+00
1.311543338690723814e+00
1.356400502894116844e+00
1.401244322740111681e+00
1.443737913388249972e+00
1.481544389887178514e+00
1.512326865961477473e+00
1.533748456728865728e+00
1.543565438088005060e+00
1.541471133449095365e+00
1.528988111000198158e+00
1.507710517406797290e+00
1.479232498919404115e+00
1.445148202848205665e+00
1.407051775519248649e+00
1.366537363069266320e+00
1.325199113092415670e+00
1.284631171744551104e+00
1.246369359888361839e+00
1.211162188836761855e+00
1.179193007246078118e+00
1.150632804855288294e+00
1.125652572394985951e+00
1.104423299562927285e+00
1.087115976233857806e+00
1.073901592872886779e+00
1.064951139307486416e+00
1.060435605566324213e+00
1.060451181684500144e+00
1.064400154383636554e+00
1.071308502251470118e+00
1.080198478785417970e+00
1.090092337721455085e+00
1.100012332729594089e+00
1.108980717576187214e+00
1.116019745710049138e+00
1.120151670914522724e+00
1.120398746835778336e+00
1.115946933659580864e+00
1.107062804947036794e+00
1.094450934376048901e+00
1.078817142985433408e+00
1.060867251381349741e+00
1.041307080060669410e+00
1.020842450226138842e+00
1.000179182389462795e+00
9.800230970529733021e-01
9.610800154334752099e-01
9.439511088853257403e-01
9.287364274443105083e-01
9.153861978156260237e-01
9.038506191478850038e-01
8.940798906753262276e-01
8.860242119672597783e-01
8.796337822373982984e-01
8.748588007780301323e-01
8.716494670406030876e-01
8.699559808723281717e-01
8.697358669388943753e-01
8.709722799680614802e-01
8.736539772726368280e-01
8.777697162007255249e-01
8.833082541680967736e-01
8.902583483860601055e-01
8.986087562536680950e-01
9.083482352360475742e-01
9.194655424453963555e-01
9.319492882301807501e-01
9.457215012456452463e-01
9.605326705051399072e-01
9.761060358811094462e-01
9.921648372819639183e-01
1.008432314043314459e+00
1.024631706069475845e+00
1.040486253261552196e+00
1.055719194959973350e+00
1.070053771071541870e+00
1.083213816825071119e+00
1.094992569924161385e+00
1.105316664273614302e+00
1.114127867102641112e+00
1.121367945337213623e+00
1.126978666224733638e+00
1.130901796899624889e+00
1.133079104511469426e+00
1.133452356142749640e+00
1.131963318963986165e+00
1.128559065179366439e+00
1.123454404803685858e+00
1.117252413794734611e+00
1.110586627677129901e+00
1.104090582217853944e+00
1.098397812943257668e+00
1.094141855417594345e+00
1.091956245350993449e+00
1.092474518287022134e+00
1.096330209896831720e+00
1.104127974656009092e+00
1.115676366198637082e+00
1.129906878115756630e+00
1.145705882954562105e+00
1.161959753763166736e+00
1.177554863611145919e+00
1.191377585013500440e+00
1.202314291054144224e+00
1.209251354680816348e+00
1.211075148612782204e+00
1.206741229656191683e+00
1.196386629348647590e+00
1.181139029961478348e+00
1.162156761731460763e+00
1.140598154370973560e+00
1.117621537470830262e+00
1.094385241450156032e+00
1.072047595909659590e+00
1.051766930492452179e+00
1.034701575554054731e+00
1.021932987235413037e+00
1.013666005056886421e+00
1.009547895822298758e+00
1.009216985440611447e+00
1.012311599999487388e+00
1.018470065454736728e+00
1.027330707855745873e+00
1.038531853379405234e+00
1.051711827790270171e+00
1.066508957239754363e+00
1.082559140720180668e+00
1.099478922025270533e+00
1.116875583963943486e+00
1.134356351525062756e+00
1.151528449076054672e+00
1.167999101607106960e+00
1.183375533901923626e+00
1.197264970897737424e+00
1.209274637046703571e+00
1.219011757305912047e+00
1.226165132241008093e+00
1.230891098289085717e+00
1.233512259678563927e+00
1.234351421083866196e+00
1.233731387162132265e+00
1.231974962606902313e+00
1.229404952058094969e+00
1.226344160253282078e+00
1.223115391840075894e+00
1.220041451458162562e+00
1.217388595759536729e+00
1.215186926452959337e+00
1.213404907224791662e+00
1.212011001646718489e+00
1.210973673225258507e+00
1.210261385483754282e+00
1.209842601968653675e+00
1.209685786199652391e+00
1.209759401708805804e+00
1.210031997813648230e+00
1.210623329133592163e+00
1.212115556446803133e+00
1.215178928016460658e+00
1.220483691992021225e+00
1.228700096614177006e+00
1.240498390261008943e+00
1.256548820875892813e+00
1.277521636790702075e+00
1.304087086569572174e+00
1.336912322850822399e+00
1.375962135041806533e+00
1.419610908432440644e+00
1.466014170663812344e+00
1.513327450916322592e+00
1.559706278413311331e+00
1.603306180731456143e+00
1.642282687115999451e+00
1.674791326594027741e+00
1.698987627069452389e+00
1.713043470872018803e+00
1.716403377706740896e+00
1.710673261571170389e+00
1.697668927188204613e+00
1.679206178937502125e+00
1.657100821895003850e+00
1.633168660494049407e+00
1.609225499357145095e+00
1.587087142863432554e+00
1.568569396175569342e+00
1.555460310797061485e+00
1.548493070873567135e+00
1.547044289073800982e+00
1.550401284719937989e+00
1.557851377360914169e+00
1.568681886253668667e+00
1.582180130903057869e+00
1.597633430939815913e+00
1.614329105432064981e+00
1.631554473991681409e+00
1.648606650077881319e+00
1.664999382319872989e+00
1.680458371243242599e+00
1.694718174113653664e+00
1.707513347697637407e+00
1.718578449276569664e+00
1.727648036050189573e+00
1.734456664907481294e+00
1.738738893073290326e+00
1.740229277653254192e+00
1.738688380943582468e+00
1.734246632656627263e+00
1.727309653077748752e+00
1.718289611785629001e+00
1.707598678692876737e+00
1.695649023400315425e+00
1.682852815449374706e+00
1.669622224841752267e+00
1.656369421126434371e+00
1.643506573851357455e+00
1.631426814838986328e+00
1.620338288310664510e+00
1.610345046968909122e+00
1.601549981462586869e+00
1.594055982079238598e+00
1.587965939167797824e+00
1.583382743285044469e+00
1.580409284762741340e+00
1.579148454008610702e+00
1.579703141465496952e+00
1.582130581051166551e+00
1.586173458671449099e+00
1.591441959733186362e+00
1.597545806435561655e+00
1.604094721017175873e+00
1.610698425479942797e+00
1.616966642059515236e+00
1.622509092916149420e+00
1.626935500254200750e+00
1.629855586125658062e+00
1.630943537417917755e+00
1.630195160181308278e+00
1.627706360862422708e+00
1.623573077967693346e+00
1.617891249925955899e+00
1.610756815376819029e+00
1.602265712766818062e+00
1.592513880478476196e+00
1.581597257247423283e+00
1.569611781954711738e+00
1.556670996646282834e+00
1.542952586011648863e+00
1.528648839512358304e+00
1.513952046582342170e+00
1.499054497179085566e+00
1.484148480740021148e+00
1.469426286702181672e+00
1.455080205023651985e+00
1.441302525138162816e+00
1.428285431447027687e+00
1.416159911822570505e+00
1.404893016935754080e+00
1.394424634926043627e+00
1.384694653822246213e+00
1.375642961992793678e+00
1.367209447458136884e+00
1.359333998267895360e+00
1.351956502746747280e+00
1.345016848938084264e+00
1.338453601319590902e+00
1.332028478738530586e+00
1.325150373575248564e+00
1.317186302339045323e+00
1.307503281823732433e+00
1.295468328555154480e+00
1.280448458948179935e+00
1.261810689963084542e+00
1.238922038053681174e+00
1.211149519473203595e+00
1.177873297756704796e+00
1.139201051954613186e+00
1.096334230220680661e+00
1.050564518477838050e+00
1.003183601141510950e+00
9.554831625510994408e-01
9.087548887435721312e-01
8.642904640544804007e-01
8.233815733827181127e-01
7.873199012354543669e-01
7.573699115250132063e-01
7.339913881254862549e-01
7.167256118248105379e-01
7.050637522152214398e-01
6.984969782478865907e-01
6.965164591143863104e-01
6.986133640463378924e-01
7.042788621842213104e-01
7.130041228369021766e-01
7.242803149834207144e-01
7.375884839210418153e-01
7.522266230186444025e-01
7.673336907451336897e-01
7.820433554495000994e-01
7.954892854619833864e-01
8.068051486393306160e-01
8.151246133317981979e-01
8.195813477482570830e-01
8.193090199575329136e-01
8.134412982191717711e-01
8.012272396546380460e-01
7.832982550878214711e-01
7.611974358169792954e-01
7.364839846837006876e-01
7.107171042255395754e-01
6.854559979073203690e-01
6.622598682698261907e-01
6.426879179512774432e-01
6.282993502703435595e-01
6.206533678132967191e-01
6.210849860514171539e-01
6.290601449267528844e-01
6.431161685151133289e-01
6.617836590485051129e-01
6.835932180624469945e-01
7.070754477432140694e-01
7.307609503560071884e-01
7.531803273179568103e-01
7.728641809005326602e-01
7.883431132461277135e-01
7.983799775264991405e-01
8.031255761475497579e-01
8.032440772915027116e-01
7.994004763365496480e-01
7.922597686845230802e-01
7.824869497098743132e-01
7.707470146395780652e-01
7.577049591315974109e-01
7.440257784321908652e-01
7.303744677575525479e-01
7.173120674317414736e-01
7.049474315874955099e-01
6.932664957241646553e-01
6.822551932837004340e-01
6.718994572908114637e-01
6.621852208011403951e-01
6.530984172102385354e-01
6.446249795662641890e-01
6.367508409463168428e-01
6.294619458262240563e-01
6.227750592385732364e-01
6.168050431227627417e-01
6.116862327308156821e-01
6.075529630976697071e-01
6.045395693047656005e-01
6.027803865343718259e-01
6.024097498539261464e-01
6.035619943963854706e-01
6.063714552457397655e-01
6.109719385558936011e-01
6.173527674356537043e-01
6.251633535795652064e-01
6.340042670518947210e-01
6.434760781895962900e-01
6.531793573593932534e-01
6.627146745808988326e-01
6.716826002204618895e-01
6.796837046176580355e-01
6.863185578322601454e-01
6.911899166241930459e-01
6.940910283550405513e-01
6.951507537205346976e-01
6.945321161336084348e-01
6.923981389280006171e-01
6.889118455228686599e-01
6.842362592688655543e-01
6.785344034605269581e-01
6.719693016011857312e-01
6.647039769965223943e-01
6.569046960842603866e-01
6.488713707950040099e-01
6.410820318123725547e-01
6.340270784884308730e-01
6.281969104234720325e-01
6.240819269580065720e-01
6.221725275210618911e-01
6.229591115687744818e-01
6.269320785164351761e-01
6.345818277854853307e-01
6.463622114692713083e-01
6.618656531529076847e-01
6.798114119424938373e-01
6.988798520606019915e-01
7.177513370405876891e-01
7.351062310995628568e-01
7.496248983830789969e-01
7.599877025318327872e-01
7.648750077326158525e-01
7.629671779138573751e-01
7.530504299059854745e-01
7.354988639599089328e-01
7.119109909290705085e-01
6.839169375832609976e-01
6.531468298738974942e-01
6.212307936214080950e-01
5.897989557920673143e-01
5.604814422102061267e-01
5.349083787999200368e-01
5.147098923778369306e-01
5.013853873929727811e-01
4.951030479483045643e-01
4.952539569336141256e-01
5.012194683143437191e-01
5.123809360306288418e-01
5.281197142677779288e-01
5.478171566234741885e-01
5.708546172326794954e-01
5.966134503879544360e-01
6.244750094505838733e-01
6.538186211235174072e-01
6.840090276769712485e-01
7.144045869578011798e-01
7.443636309201495660e-01
7.732444914975624695e-01
8.004054996040977921e-01
8.252049871898050615e-01
8.470012860933039400e-01
8.651527273957958508e-01
8.790176429751124232e-01
8.881256194235899182e-01
8.928965444081059522e-01
8.940387123841562200e-01
8.922605657665185763e-01
8.882705470543003079e-01
8.827770986925500551e-01
8.764886631314595666e-01
8.701136827482955916e-01
8.643606001506166647e-01
8.599378571068909682e-01
8.574360076069915682e-01
8.569982412635211988e-01
8.586616460834136655e-01
8.624633101727481321e-01
8.684403214906727397e-01
8.766297681178240042e-01
8.870687382392317133e-01
8.997943196574540448e-01
9.148436005307656327e-01
9.322534354680910296e-01
9.518802853933164831e-01
9.730780329935136974e-01
9.951137277449774166e-01
1.017254418334918808e+00
1.038767154234070178e+00
1.058918984883534975e+00
1.076976959014968482e+00
1.092208126089851516e+00
1.103879535436278925e+00
1.111260829790510885e+00
1.114022430445527290e+00
1.112664913526727251e+00
1.107791882672431116e+00
1.100006941717706965e+00
1.089913694338785932e+00
1.078115744102980500e+00
1.065216695008735615e+00
1.051820150639913187e+00
1.038529714556900574e+00
1.025945277794949373e+00
1.014440498782195998e+00
1.004036376622341908e+00
9.947233395780313847e-01
9.864918155373396669e-01
9.793322324393729517e-01
9.732350184702287521e-01
9.681906015564243351e-01
9.641894096741546738e-01
9.612218709350023316e-01
9.592827043343984394e-01
9.585029537972419300e-01
9.591748943012962103e-01
9.616001170554252520e-01
9.660802133512195189e-01
9.729167743113845690e-01
9.824113912014934558e-01
9.948656552469836711e-01
1.010581157879098191e+00
1.029859489955469609e+00
1.052969364257434703e+00
1.079549246054196443e+00
1.108670279035129713e+00
1.139383358292807236e+00
1.170739378994922530e+00
1.201789235190124483e+00
1.231583822044119980e+00
1.259174034663385955e+00
1.283610767185416446e+00
1.303944914748290884e+00
1.319312516589759676e+00
1.329922077426884952e+00
1.336715404622589087e+00
1.340648528696771979e+00
1.342677480052652639e+00
1.343758289238230041e+00
1.344846986756767615e+00
1.346899603078590912e+00
1.350872168701230613e+00
1.357720714212810043e+00
1.368245474074326617e+00
1.381887970649684494e+00
1.397388983053314826e+00
1.413483464888439789e+00
1.428906369177755709e+00
1.442392649524946169e+00
1.452677259442314073e+00
1.458495152089625879e+00
1.458581281024413645e+00
1.451670599533757100e+00
1.436791822902939497e+00
1.414804636792187598e+00
1.387272928014123829e+00
1.355762053990745120e+00
1.321837371183969267e+00
1.287064235941816293e+00
1.253008005857128238e+00
1.221234037278700502e+00
1.193307686663020561e+00
1.170794311441395230e+00
1.154868775034601835e+00
1.144936658008295582e+00
1.139902693377411236e+00
1.138671582087712686e+00
1.140148025264404064e+00
1.143236723958009016e+00
1.146842379268251833e+00
1.149869692291256573e+00
1.151223364124937643e+00
1.149808166079687055e+00
1.144865348783133951e+00
1.136750986394166274e+00
1.126051728517442729e+00
1.113354224482252519e+00
1.099245123523595380e+00
1.084311075387562884e+00
1.069138729322347103e+00
1.054314734564895106e+00
1.040425740878165639e+00
1.028057829941797952e+00
1.017607451902606597e+00
1.009007437291238096e+00
1.002121081972515926e+00
9.968116818921238798e-01
9.929425331735304283e-01
9.903769317446227127e-01
9.889781735947958952e-01
9.886095547552571361e-01
9.891343712024430745e-01
9.904164523988526758e-01
9.923719806858688486e-01
9.950128396665050001e-01
9.983611178642988193e-01
1.002438903855279451e+00
1.007268286066995699e+00
1.012871353066741476e+00
1.019270193458316820e+00
1.026486895614511452e+00
1.034543548129607249e+00
1.043456957065644675e+00
1.053007196832317360e+00
1.062647329785918249e+00
1.071806486643769984e+00
1.079913797798533581e+00
1.086398393976572008e+00
1.090689405827681924e+00
1.092215963859374472e+00
1.090407198750689366e+00
1.084692241023287540e+00
1.074527527397327820e+00
1.060056502624403763e+00
1.042144071499715663e+00
1.021689341031455589e+00
9.995914176036060361e-01
9.767494075226151873e-01
9.540624179129766347e-01
9.324295550846133374e-01
9.127499256142777018e-01
8.959226359005821871e-01
8.828024368793664367e-01
8.735415525288783289e-01
8.677308276501127793e-01
8.649454264807612258e-01
8.647605130375422000e-01
8.667512514598779694e-01
8.704928058014037573e-01
8.755603401783828010e-01
8.815290187696457336e-01
8.879740055349778505e-01
8.945002901777948656e-01
9.010314026216661443e-01
9.076837467445132424e-01
9.145764184061343505e-01
9.218285134776686984e-01
9.295591275721936109e-01
9.378873565559058267e-01
9.469322963231994184e-01
9.568130424448546556e-01
9.676486908061092684e-01
9.795233191757615199e-01
9.922579117414572769e-01
1.005553835292972265e+00
1.019111854876743273e+00
1.032632735697306847e+00
1.045817242479164300e+00
1.058366140429056523e+00
1.069980194723731071e+00
1.080360170132677489e+00
1.089206831845436874e+00
1.096275306004344641e+00
1.101615247055877322e+00
1.105375594220086910e+00
1.107705362609946009e+00
1.108753567265296835e+00
1.108669223315109198e+00
1.107601345834912765e+00
1.105698949944709852e+00
1.103111050730753995e+00
1.099986663248788243e+00
1.096504046434931601e+00
1.092957042213377417e+00
1.089668044420250892e+00
1.086959447008452040e+00
1.085153643809161350e+00
1.084573028696158348e+00
1.085539995558444382e+00
1.088376938253444948e+00
1.093406250653293998e+00
1.100950162587539305e+00
1.111156686403653504e+00
1.123668927183400834e+00
1.138039045390716542e+00
1.153819200967394876e+00
1.170561554358097389e+00
1.187818266052885985e+00
1.205141495925453388e+00
1.222083404462435130e+00
1.238196152132475802e+00
1.253032992776182963e+00
1.266344637252714955e+00
1.278306519859509383e+00
1.289149166719707473e+00
1.299103104385009422e+00
1.308398859365181632e+00
1.317266957846267239e+00
1.325937926344435525e+00
1.334642291366556766e+00
1.343610579112624936e+00
1.353071866793263522e+00
1.363157574493123469e+00
1.373841257893544388e+00
1.385082104716599094e+00
1.396839302569075070e+00
1.409072039204704252e+00
1.421739501941269079e+00
1.434800878527134227e+00
1.448215356729248837e+00
1.461942123837516316e+00
1.475934599380634538e+00
1.489948780710677267e+00
1.503498724549781063e+00
1.516083700729438100e+00
1.527202979035609198e+00
1.536355828866447837e+00
1.543041520028157754e+00
1.546759322210528476e+00
1.547008504986335131e+00
1.543288338083330213e+00
1.535138951634513305e+00
1.522932021509467493e+00
1.507814737180367404e+00
1.490963925165704307e+00
1.473556412597464060e+00
1.456769026007645351e+00
1.441778591957506128e+00
1.429761937535142913e+00
1.421895889273675495e+00
1.419357273895967886e+00
1.423214029473509168e+00
1.433090781194645391e+00
1.447589135310077602e+00
1.465289002298765020e+00
1.484770291986027058e+00
1.504612914821432668e+00
1.523396781271600053e+00
1.539701801136275083e+00
1.552107884902941048e+00
1.559194942875108847e+00
1.559742976990361463e+00
1.554358346044215411e+00
1.544624993406508606e+00
1.532136120900088105e+00
1.518484930010204792e+00
1.505264622167265420e+00
1.494068399276383241e+00
1.486489462753485036e+00
1.484121014185179721e+00
1.488556255220557567e+00
1.501102261146483707e+00
1.521205571062476114e+00
1.547568822217392892e+00
1.578892692061724778e+00
1.613877857850849251e+00
1.651224997289522767e+00
1.689634786739235173e+00
1.727807903884544416e+00
1.764445026398841598e+00
1.798246830660366502e+00
1.828115895979678607e+00
1.853907756825530218e+00
1.875758833996242547e+00
1.893805589185918903e+00
1.908184483909153517e+00
1.919031979194127713e+00
1.926484536597898645e+00
1.930678617517333384e+00
1.931750683220897269e+00
1.929837200099810746e+00
1.925121907548461575e+00
1.917951615201094917e+00
1.908708268723230406e+00
1.897773813682570143e+00
1.885530196046001583e+00
1.872359361398922672e+00
1.858643255282980356e+00
1.844763823730690033e+00
1.831103012287876641e+00
1.818042500971219111e+00
1.805853293171672425e+00
1.794525131946706598e+00
1.784003743119570107e+00
1.774234852551578090e+00
1.765164186444998284e+00
1.756737470652589339e+00
1.748900431057494931e+00
1.741598793816405921e+00
1.734778284805830628e+00
1.728386095622260088e+00
1.722532562148617830e+00
1.717637503343461214e+00
1.714155288873303373e+00
1.712540288522234277e+00
1.713246871937421423e+00
1.716729408875574459e+00
1.723442268956467238e+00
1.733839821901385303e+00
1.748376437605475564e+00
1.767492247262405947e+00
1.790931181826243446e+00
1.817440302263188423e+00
1.845689856676899998e+00
1.874350094106745690e+00
1.902091263294876988e+00
1.927583613265668516e+00
1.949497392146768426e+00
1.966502848996921626e+00
1.977270232643274506e+00
1.980524724392153768e+00
1.976469566027330815e+00
1.966916134247267856e+00
1.953756812028570655e+00
1.938883982019862451e+00
1.924190026788916930e+00
1.911567329433614848e+00
1.902908272508458953e+00
1.900105238754975279e+00
1.905050610990507653e+00
1.919514309683093334e+00
1.943216048736163382e+00
1.974177900073333269e+00
2.010370775435994517e+00
2.049765586812365203e+00
2.090333244765671505e+00
2.130044661258327476e+00
2.166870748212347486e+00
2.198782416251560790e+00
2.223750577343984070e+00
2.239887804492427303e+00
2.246894504488114119e+00
2.245468164438385816e+00
2.236321703997165233e+00
2.220168042454101265e+00
2.197720099716033548e+00
2.169690795151065998e+00
2.136793047863941197e+00
2.099739778156537895e+00
2.059243905186824541e+00
2.016063647499186207e+00
1.971312846594751367e+00
1.926273264873217039e+00
1.882227657831004430e+00
1.840458782524964754e+00
1.802249394432228202e+00
1.768882249197880174e+00
1.741640103626838965e+00
1.721805713299503271e+00
1.710661834145809523e+00
1.709117475705081768e+00
1.715970850584066953e+00
1.729279896098667058e+00
1.747101749915923596e+00
1.767493550158712567e+00
1.788512434827169040e+00
1.808215542138451593e+00
1.824660009608751299e+00
1.835902975482205823e+00
1.840001577757521600e+00
1.835666332859540839e+00
1.824297453780658218e+00
1.807987174738411751e+00
1.788827731159762902e+00
1.768911357898934389e+00
1.750330289774432835e+00
1.735176762266793959e+00
1.725543010166432412e+00
1.723521268524215166e+00
1.731203139750396858e+00
1.749713128556046104e+00
1.777259501998426749e+00
1.811503028644953162e+00
1.850104478012174702e+00
1.890724619822268471e+00
1.931024222334205787e+00
1.968664055260147983e+00
2.001304888186755448e+00
2.026607489561251807e+00
2.042238702863108379e+00
2.047160908443693916e+00
2.043230884448933971e+00
2.032697642746140065e+00
2.017810195089228209e+00
2.000817553026660978e+00
1.983968728733930487e+00
1.969512733771067614e+00
1.959698579811008701e+00
1.956775278859888223e+00
1.962972163883255128e+00
1.979044980474519599e+00
2.003278901240354237e+00
2.033723176683059020e+00
2.068427057597965746e+00
2.105439793515648805e+00
2.142810635192701874e+00
2.178588833402614000e+00
2.210823637650612739e+00
2.237564298740481572e+00
2.256893299638361494e+00
2.268121594457344070e+00
2.272120206384932395e+00
2.269860899374526397e+00
2.262315437502122606e+00
2.250455584789208707e+00
2.235253105248927064e+00
2.217679762676953548e+00
2.198707321510583235e+00
2.179307545567728432e+00
2.160435513456431700e+00
2.142685272359682980e+00
2.126302028979093706e+00
2.111516744251311195e+00
2.098560379628152450e+00
2.087663896026051624e+00
2.079058254458639343e+00
2.072974416231939454e+00
2.069643342331195512e+00
2.069295993871541395e+00
2.072135740078833166e+00
2.077980730880388816e+00
2.086366102151985036e+00
2.096820449646579654e+00
2.108872369404454883e+00
2.122050457541277080e+00
2.135883309696930521e+00
2.149899521976575301e+00
2.163627690494024591e+00
2.176596410876185050e+00
2.188393907988056775e+00
2.199178362187146796e+00
2.209424521641544015e+00
2.219610524537111829e+00
2.230214509419842450e+00
2.241714614855456755e+00
2.254588979000228477e+00
2.269315740406487425e+00
2.286373037713964163e+00
2.306239008947827962e+00
2.329222652565526630e+00
2.354485191748463269e+00
2.380710874441348768e+00
2.406582395142717434e+00
2.430782448334389834e+00
2.451993727643864140e+00
2.468898927580450042e+00
2.480180742450272646e+00
2.484521866185604555e+00
2.480604993166675598e+00
2.467526762244026450e+00
2.446419305093244123e+00
2.419039366152436976e+00
2.387143855226674383e+00
2.352489683286767441e+00
2.316833760180686319e+00
2.281932996109474310e+00
2.249544300913831840e+00
2.221424585576203370e+00
2.199330740014392660e+00
2.184542571276516298e+00
2.176626207132081436e+00
2.174763144753667721e+00
2.178134881599474770e+00
2.185922914972683095e+00
2.197308742274571181e+00
2.211473861076179048e+00
2.227599768426042459e+00
2.244867961867246020e+00
2.262459902345113960e+00
2.279537578893918948e+00
2.295211535236422851e+00
2.308583916510568379e+00
2.318756867389347054e+00
2.324832533043145855e+00
2.325913058449021964e+00
2.321100588569963818e+00
2.309497268447245677e+00
2.290205242801719443e+00
2.262334052072992208e+00
2.225933935014676734e+00
2.182907333285573070e+00
2.135373057546530617e+00
2.085449920179667238e+00
2.035256731886507353e+00
1.986912303355836240e+00
1.942535446988884917e+00
1.904244973440129218e+00
1.874159693651236358e+00
1.854368184769206396e+00
1.845340095599545371e+00
1.845141952079740078e+00
1.851645494005982773e+00
1.862722461140479790e+00
1.876244593461235066e+00
1.890083630440742679e+00
1.902111312040717150e+00
1.910199378137401593e+00
1.912219568331494646e+00
1.906095455688793905e+00
1.891245108780728046e+00
1.868771274709317698e+00
1.839866740807150736e+00
1.805724294103380423e+00
1.767536722873353394e+00
1.726496814200976893e+00
1.683797355544362162e+00
1.640631133854357326e+00
1.598190937619202945e+00
1.557655259575941420e+00
1.519949332849098944e+00
1.485781100471111449e+00
1.455851456510668385e+00
1.430861295236458330e+00
1.411511511776543326e+00
1.398503000337209645e+00
1.392536655423959102e+00
1.394313371716031646e+00
1.404534043631723073e+00
1.423776562373815446e+00
1.451170805143493725e+00
1.484903782440343267e+00
1.523146396672211855e+00
1.564069548856197089e+00
1.605844141357737120e+00
1.646641076582446184e+00
1.684631255487158308e+00
1.717985580499808096e+00
1.744874953829588016e+00
1.763677530536599258e+00
1.774472322848295924e+00
1.778172274376877748e+00
1.775696065293598913e+00
1.767962375899191363e+00
1.755889886432345337e+00
1.740397276927027725e+00
1.722403227991058161e+00
1.702826419693328930e+00
1.682585532028047837e+00
1.662540048393298164e+00
1.643200877311788322e+00
1.624951770852273158e+00
1.608176296029611541e+00
1.593258019201893472e+00
1.580580506814839747e+00
1.570527325751861047e+00
1.563482042429983565e+00
1.559828223408162406e+00
1.559949435356915215e+00
1.564000208007042314e+00
1.571153031345342121e+00
1.580317244125325926e+00
1.590402182302027567e+00
1.600317181873928130e+00
1.608971578483193943e+00
1.615274708136743120e+00
1.618135906721385631e+00
1.616464510073193139e+00
1.609170042688842672e+00
1.595603369796281701e+00
1.576500356819134474e+00
1.552867841488889233e+00
1.525712660881776150e+00
1.496041651907810799e+00
1.464861652547806870e+00
1.433179499735517615e+00
1.402002030381002129e+00
1.372336082500615229e+00
1.345186921225014043e+00
1.321158364803557195e+00
1.299922468428846178e+00
1.281019423996496709e+00
1.263989423512204224e+00
1.248372659570573306e+00
1.233709324157915566e+00
1.219539609305529071e+00
1.205403707540538605e+00
1.190841810891132280e+00
1.175398379263036475e+00
1.158974946463435796e+00
1.142094043640997203e+00
1.125340377018662963e+00
1.109298652636641958e+00
1.094553577102090225e+00
1.081689856443369013e+00
1.071292196777611450e+00
1.063945304578816753e+00
1.060233885931578079e+00
1.060728147569143021e+00
1.065417792091483573e+00
1.073528540165577194e+00
1.084234047636946308e+00
1.096707969952079420e+00
1.110123962930764652e+00
1.123655682437241232e+00
1.136476783851320116e+00
1.147760923040749725e+00
1.156681755800756495e+00
1.162433891873338343e+00
1.164694793420246066e+00
1.163625277428433913e+00
1.159407215776296241e+00
1.152222480321875464e+00
1.142252942916545333e+00
1.129680475248732829e+00
1.114686949468216781e+00
1.097454237293056245e+00
1.078164210335654349e+00
1.057018447585546417e+00
1.034508605195586739e+00
1.011347215738963135e+00
9.882523559484367448e-01
9.659421017324847369e-01
9.451345290366062191e-01
9.265477145380299762e-01
9.108997341602933506e-01
8.989086639656038713e-01
8.912925804231853766e-01
8.886853649972572544e-01
8.908776420270069218e-01
8.971741150680840882e-01
9.068736408603249588e-01
9.192750763041407369e-01
9.336772778409969664e-01
9.493791023435671494e-01
9.656794067458471797e-01
9.818770473973190693e-01
9.972708812290543845e-01
1.011209826371141318e+00
1.023397443523989203e+00
1.033690433587884705e+00
1.041946104123199657e+00
1.048021762594174344e+00
1.051774716262054987e+00
1.053062272617639961e+00
1.051741739035396694e+00
1.047670422951067382e+00
1.040705631770726836e+00
1.030831095644594519e+00
1.018678289480879018e+00
1.005085582477525996e+00
9.908914345975916582e-01
9.769343063149386053e-01
9.640526575947724330e-01
9.530849484530441451e-01
9.448696392874972316e-01
9.402451900865604895e-01
9.400500576224547489e-01
9.447985113087585818e-01
9.537921069983865685e-01
9.660488863733267539e-01
9.805868906567767329e-01
9.964241614980227091e-01
1.012578740419082468e+00
1.028068669116918299e+00
1.041911988738447370e+00
1.053126740994263288e+00
1.060731826787289833e+00
1.064344528327614947e+00
1.065226264358567265e+00
1.064918360426890143e+00
1.064962142106329779e+00
1.066898934948572464e+00
1.072270064594624817e+00
1.082616856484250656e+00
1.099480636208854278e+00
1.124402729667344225e+00
1.158916452391880680e+00
1.203380716994665978e+00
1.255753872461023546e+00
1.313700982547965079e+00
1.374887112846825188e+00
1.436977329101771561e+00
1.497636694840565275e+00
1.554530275810481754e+00
1.605323137581106341e+00
1.647680343946734016e+00
1.679291484367848142e+00
1.699289781058488824e+00
1.709030250641935034e+00
1.710057192441306162e+00
1.703914906166712262e+00
1.692147691189981318e+00
1.676299847341654825e+00
1.657915674050806976e+00
1.638539470626832806e+00
1.619715537079789547e+00
1.602961710418239871e+00
1.588976463280655338e+00
1.577501278447762223e+00
1.568223442536061496e+00
1.560830242265735635e+00
1.555008964605644195e+00
1.550446896255582407e+00
1.546831323974762418e+00
1.543849534642919519e+00
1.541188815009943758e+00
1.538533628941245235e+00
1.535515441112196067e+00
1.531718601714250116e+00
1.526725820093651986e+00
1.520119805777926381e+00
1.511483268129885538e+00
1.500398916563363327e+00
1.486449460309102522e+00
1.469217609105940126e+00
1.448286072220876797e+00
1.423299086770701383e+00
1.394662223296733394e+00
1.363295032813409469e+00
1.330126717673352665e+00
1.296086481419078451e+00
1.262103526418975052e+00
1.229107055044134977e+00
1.198026270833018270e+00
1.169790376139600463e+00
1.145328573452090826e+00
1.125471377051710853e+00
1.110202242320683652e+00
1.099073474324335553e+00
1.091633961646457873e+00
1.087432592457908909e+00
1.086018255082338513e+00
1.086939837874350001e+00
1.089746229127377175e+00
1.093986317223790472e+00
1.099208990384789253e+00
1.104985487008825817e+00
1.111024292222339005e+00
1.117085955831202293e+00
1.122931126911026034e+00
1.128320454754624835e+00
1.133014588633302955e+00
1.136774177654936047e+00
1.139359871100440014e+00
1.140532318195342842e+00
1.140052168130604615e+00
1.137833314123447126e+00
1.134474052586958326e+00
1.130763670623927242e+00
1.127491463698398144e+00
1.125446727295090099e+00
1.125418756968498801e+00
1.128196848184209733e+00
1.134570296540210688e+00
1.145328397392391118e+00
1.161260333955224322e+00
1.182717579447223999e+00
1.208621819448988610e+00
1.237603271196910715e+00
1.268292152072582057e+00
1.299318678353398981e+00
1.329313067408890880e+00
1.356905536253950384e+00
1.380726302156832785e+00
1.399405581556972367e+00
1.411575804820526470e+00
1.416556686455689551e+00
1.415325547968614872e+00
1.409104597866574604e+00
1.399116044421394367e+00
1.386582096287815258e+00
1.372724961774898444e+00
1.358766849129270371e+00
1.345929967099324109e+00
1.335436523925668251e+00
1.328501150791211227e+00
1.325625976594447364e+00
1.326027537796534927e+00
1.328787504823307541e+00
1.332987547983598420e+00
1.337709337680837551e+00
1.342034544343071900e+00
1.345044838242207552e+00
1.345821889816386951e+00
1.343447369398376834e+00
1.337019800624196453e+00
1.326370662840627324e+00
1.312331188199029164e+00
1.295804438324502428e+00
1.277693475447007732e+00
1.258901361215658987e+00
1.240331157247430260e+00
1.222885925820492492e+00
1.207468728543874992e+00
1.194982627122301633e+00
1.186299770173666390e+00
1.181532400896296409e+00
1.180004658933073269e+00
1.181004128339573578e+00
1.183818393106604638e+00
1.187735037310606590e+00
1.192041644878708784e+00
1.196025799878548401e+00
1.198975086362547682e+00
1.200177088280659277e+00
1.198963908366065478e+00
1.195359273384216658e+00
1.189932671068533176e+00
1.183268421009948224e+00
1.175950842740995483e+00
1.168564256060470097e+00
1.161692980505167894e+00
1.155921335695498486e+00
1.151833641215883164e+00
1.150014216788915578e+00
1.150982638033714700e+00
1.154578580504554974e+00
1.160235316186331467e+00
1.167380655395177325e+00
1.175442408517467063e+00
1.183848385645496881e+00
1.192026397158205242e+00
1.199404253423774103e+00
1.205409764550635199e+00
1.209470740919784015e+00
1.211103479052637599e+00
1.210478914721880184e+00
1.208061657712174775e+00
1.204317708616594373e+00
1.199713068171280428e+00
1.194713736982206953e+00
1.189785715636725527e+00
1.185395004898912363e+00
1.182007605352529245e+00
1.180089517628678530e+00
1.180050374534692414e+00
1.181998834945245269e+00
1.185943513483198597e+00
1.191892957882624504e+00
1.199855715655276711e+00
1.209840334511528503e+00
1.221855362257153077e+00
1.235909346260802399e+00
1.252010834304248865e+00
1.270168374173596515e+00
1.290250498203436180e+00
1.311580236452148274e+00
1.333347788278577362e+00
1.354743352263878098e+00
1.374957127766506693e+00
1.393179314089155074e+00
1.408600109896623875e+00
1.420409714519875521e+00
1.427798327119477850e+00
1.429956570977508168e+00
1.426475712717651056e+00
1.418092054851295858e+00
1.405745142142581727e+00
1.390374519076795101e+00
1.372919729996546989e+00
1.354320319879988466e+00
1.335515833088775084e+00
1.317445814180017383e+00
1.301049807530983538e+00
1.287265779676494581e+00
1.276762334969036683e+00
1.269636363669021106e+00
1.265911741215000275e+00
1.265612342773146271e+00
1.268762043671246786e+00
1.275384719105426612e+00
1.285504244362648096e+00
1.299144494894873381e+00
1.316329345650727012e+00
1.337078486014883660e+00
1.361139530928116681e+00
1.387825892915678372e+00
1.416412136251127496e+00
1.446172825297672215e+00
1.476382523354114573e+00
1.506315794774085948e+00
1.535247203898173707e+00
1.562451314044746020e+00
1.587202689570487602e+00
1.608785688353243648e+00
1.626811075290472974e+00
1.641284637467089524e+00
1.652235834837705752e+00
1.659694127424429233e+00
1.663688975006201609e+00
1.664249837646159191e+00
1.661406175245405015e+00
1.655187447825931635e+00
1.645623115328828545e+00
1.632749358097996595e+00
1.616736245718117138e+00
1.597877163108965215e+00
1.576470096531674026e+00
1.552813033021734235e+00
1.527203958868577072e+00
1.499940860269529663e+00
1.471321724398240605e+00
1.441644537469789711e+00
1.411207285649332288e+00
1.380343712226368202e+00
1.349853000865569141e+00
1.320860081657589724e+00
1.294496582542280061e+00
1.271894130411278523e+00
1.254184352333689523e+00
1.242498875983164552e+00
1.237969328364417532e+00
1.241727336722155739e+00
1.254904528516533446e+00
1.278350839558646479e+00
1.310386212386636329e+00
1.347993987736896049e+00
1.388145405132672261e+00
1.427811705430971356e+00
1.463964129465909147e+00
1.493573916795067458e+00
1.513612308311877541e+00
1.521050544458141474e+00
1.512859865468884957e+00
1.486704897902159095e+00
1.444691961533058233e+00
1.390679183753145587e+00
1.328528953289625170e+00
1.262103658485733693e+00
1.195265690083421983e+00
1.131877436453576413e+00
1.075801286129857814e+00
1.030899629610054324e+00
1.001034855318790218e+00
9.890883733577701120e-01
9.933778256160409326e-01
1.010894693654436516e+00
1.038630313722815002e+00
1.073576022513958783e+00
1.112723155423689603e+00
1.153063049077483804e+00
1.191587040157098265e+00
1.225286463973934703e+00
1.251152773649627736e+00
1.267030326530896422e+00
1.273663971150043706e+00
1.272414561406629785e+00
1.264642950828249734e+00
1.251709993264024101e+00
1.234976542310460612e+00
1.215803451384739331e+00
1.195551574604970746e+00
1.175581765409087653e+00
1.157253955445202598e+00
1.141573685296440432e+00
1.128658121315376572e+00
1.118487467777296018e+00
1.111041929301104680e+00
1.106301710129824478e+00
1.104247014634129664e+00
1.104858047241448649e+00
1.108115012290893153e+00
1.113998114161611319e+00
1.122484092440026338e+00
1.133181080199713309e+00
1.145007065188719197e+00
1.156804220230885250e+00
1.167414717725906215e+00
1.175680730504793603e+00
1.180444431287932749e+00
1.180547992640956112e+00
1.174833587332393403e+00
1.162143387856250820e+00
1.141348766462328967e+00
1.112705024938262399e+00
1.078424093936899864e+00
1.040865967773281886e+00
1.002390639554693097e+00
9.653581023451416332e-01
9.321283505245846479e-01
9.050613771260900275e-01
8.865171754735179377e-01
8.788557395106376680e-01
8.843468700034253782e-01
9.028909400453581924e-01
9.318424021370592669e-01
9.684301615016076559e-01
1.009883123215612244e+00
1.053430192870830062e+00
1.096300274489241167e+00
1.135722273654245607e+00
1.168925095786543356e+00
1.193137645152162030e+00
1.205738807382491062e+00
1.206569366973096358e+00
1.197483217113829213e+00
1.180393331879658447e+00
1.157212684967894312e+00
1.129854250943392424e+00
1.100231003564027921e+00
1.070255916480811420e+00
1.041841964418896982e+00
1.016902121022162264e+00
9.972130563896142164e-01
9.830496098557670592e-01
9.737555724795903256e-01
9.686608343350682215e-01
9.670952856477634807e-01
9.683888164460772163e-01
9.718713168933176272e-01
9.768726770126862080e-01
9.827227869456226506e-01
9.887515368040774577e-01
9.943418222439002196e-01
9.992862332331503561e-01
1.003568253482902017e+00
1.007172434292543883e+00
1.010083326837825313e+00
1.012285482426222405e+00
1.013763452331769788e+00
1.014501787780378805e+00
1.014485040054717846e+00
1.013697760401826242e+00
1.012124500101058588e+00
1.009749810408635540e+00
1.006558242542962001e+00
1.002534347840114526e+00
9.976626775282264603e-01
9.919277827954258164e-01
9.853142150377949271e-01
9.778065254537371409e-01
9.693892651994665544e-01
9.600469857343486568e-01
9.498005164923749577e-01
9.388178996341949301e-01
9.273045134036809189e-01
9.154657356620042874e-01
9.035069443959511393e-01
8.916335174535564567e-01
8.800508331037509846e-01
8.689642691923513684e-01
8.585792035885847495e-01
8.491010381895929271e-01
8.407667823581976840e-01
8.339074297445541184e-01
8.288713631731060572e-01
8.260069652127449702e-01
8.256626185348321378e-01
8.281867058101066714e-01
8.339276096781476078e-01
8.432337129303210110e-01
8.564533980096860066e-01
8.739326318519642367e-01
8.955322662489316743e-01
9.200437813074282545e-01
9.461159563529911720e-01
9.723975707847970495e-01
9.975374030627409683e-01
1.020184232591499152e+00
1.038986838658115364e+00
1.052593999898932875e+00
1.059654495654312800e+00
1.058831846507483965e+00
1.049852470503227497e+00
1.034201980933408205e+00
1.013531172600163233e+00
9.894908400687443262e-01
9.637317787847743400e-01
9.379047833435171233e-01
9.136606483370297571e-01
8.926501692157444712e-01
8.765241405433097377e-01
8.668994688228536249e-01
8.641743103476845489e-01
8.672184422990948383e-01
8.748048316440375505e-01
8.857064450469637196e-01
8.986962494284823633e-01
9.125472118077331274e-01
9.260322987013701601e-01
9.379244771256121105e-01
9.469967140215164170e-01
9.520713367823980811e-01
9.530156812240914155e-01
9.506942631171241276e-01
9.460113869315764923e-01
9.398713570639700698e-01
9.331784779207275005e-01
9.268370538390942048e-01
9.217513893839925920e-01
9.188257888831887765e-01
9.189645567663720094e-01
9.229918236469462078e-01
9.306328323188429730e-01
9.408156374854510506e-01
9.524504149277092102e-01
9.644473407847772295e-01
9.757165912129033281e-01
9.851683419673934461e-01
9.917127692195076838e-01
9.942600490033230987e-01
9.917203572799203615e-01
9.831759950755111221e-01
9.693278316395441685e-01
9.517640940796852078e-01
9.320821158509702276e-01
9.118792303084850559e-01
8.927527715347671755e-01
8.763000728816268126e-01
8.641184678270348307e-01
8.578052902642865352e-01
8.589578736115484059e-01
8.688982738966695152e-01
8.871085174456954103e-01
9.123163044993899407e-01
9.432470502312158001e-01
9.786261700846753397e-01
1.017179078217488097e+00
1.057631190028199386e+00
1.098707921004969057e+00
1.139134685171095285e+00
1.177636898014886802e+00
1.213101889199100336e+00
1.245201727280689896e+00
1.273845895830048480e+00
1.298943929618781024e+00
1.320405362550684192e+00
1.338139729439727699e+00
1.352056564924019710e+00
1.362065403171149658e+00
1.368075778864792147e+00
1.369997237556890068e+00
1.367924103914521572e+00
1.362605005520118207e+00
1.354933326130304261e+00
1.345802449792342648e+00
1.336105760285341226e+00
1.326736641466785160e+00
1.318588477108756152e+00
1.312554651269758788e+00
1.309528547702202284e+00
1.310402674968800696e+00
1.315643986764944984e+00
1.324610428164153308e+00
1.336481572348956481e+00
1.350436992059805608e+00
1.365656260449805037e+00
1.381318950731693418e+00
1.396604635556470742e+00
1.410692888136483747e+00
1.422763281627578369e+00
1.431997290127358768e+00
1.437806908851976262e+00
1.440052083708198483e+00
1.438644261502587396e+00
1.433494889143227535e+00
1.424515413361657545e+00
1.411617281229257781e+00
1.394711939523270994e+00
1.373710834831857408e+00
1.348525414510019615e+00
1.319079706790516449e+00
1.285949891127813993e+00
1.250667951769899311e+00
1.214841982599135228e+00
1.180080076243020359e+00
1.147990325379260490e+00
1.120180823814906912e+00
1.098259664186659101e+00
1.083834939409059395e+00
1.078514742872395349e+00
1.083845912372211728e+00
1.099652117526286110e+00
1.123838729826148519e+00
1.154210699659142136e+00
1.188572977704466904e+00
1.224730513388796904e+00
1.260488257357208708e+00
1.293651160235913755e+00
1.322024171479883048e+00
1.343412241758884296e+00
1.355738976684343511e+00
1.358988350273848233e+00
1.354890074063171745e+00
1.345229046002724749e+00
1.331790164428145795e+00
1.316358327344937074e+00
1.300718432843263495e+00
1.286655378863716059e+00
1.275954063845791131e+00
1.270399385700950567e+00
1.271608046910401857e+00
1.279250883526289906e+00
1.291747786998822978e+00
1.307497999083558904e+00
1.324900760950042500e+00
1.342355314324896742e+00
1.358260900937186433e+00
1.371016761952791985e+00
1.379022139128492030e+00
1.380676273996914283e+00
1.374613624305536907e+00
1.361368885509507409e+00
1.342396171547434847e+00
1.319155600174749754e+00
1.293107288492020945e+00
1.265711353467332989e+00
1.238427913054842344e+00
1.212717084229918640e+00
1.190038984042135262e+00
1.171853730334343258e+00
1.159335594428555272e+00
1.152000344342746452e+00
1.148767074220474083e+00
1.148554091785562781e+00
1.150279704635981837e+00
1.152862220461173148e+00
1.155219946847751755e+00
1.156271191481431426e+00
1.154934261986278798e+00
1.150127466041379387e+00
1.141108483232830650e+00
1.128569346649776373e+00
1.113580970506844681e+00
1.097214270801981639e+00
1.080540163468095116e+00
1.064629565036300907e+00
1.050553391436818584e+00
1.039382558686422708e+00
1.032187983186393376e+00
1.030040475145516332e+00
1.033799600184435175e+00
1.043671285008746619e+00
1.059735419707348081e+00
1.082071894661330802e+00
1.110760599424796657e+00
1.145881424304374896e+00
1.187514259380358039e+00
1.235738995341106872e+00
1.290635521129952501e+00
1.352282563735007992e+00
1.420480414817040016e+00
1.494391770814187392e+00
1.573090465266801186e+00
1.655650331941126208e+00
1.741145201653466534e+00
1.828648908129980377e+00
1.917235285191614125e+00
2.005978163512491363e+00
2.093951376906249440e+00
2.180228759150207640e+00
2.263884140972965753e+00
2.343991356177311136e+00
2.419624238398610405e+00
2.489856618616593575e+00
2.553762330524870894e+00
2.610415207518526515e+00
2.658889081025078038e+00
2.698257784530631476e+00
2.727595151091659176e+00
2.746000238113588843e+00
2.753553664372323517e+00
2.751611665365359283e+00
2.741615781971296073e+00
2.725007555478477617e+00
2.703228526852007985e+00
2.677720236813001975e+00
2.649924227015783451e+00
2.621282038216959265e+00
2.593235211133205542e+00
2.567179014372769963e+00
2.543466053616339373e+00
2.521418143978503945e+00
2.500313202584505401e+00
2.479429145778033750e+00
2.458043889913198221e+00
2.435435352099609929e+00
2.410881448701550411e+00
2.383660095991508854e+00
2.353049211216783121e+00
2.318408332050497123e+00
2.280276083562815526e+00
2.240077641032795608e+00
2.199259796541452872e+00
2.159269342140575532e+00
2.121553071300824822e+00
2.087557776055695591e+00
2.058730248918147154e+00
2.036517282183810451e+00
2.022365668903927993e+00
2.017556659176795719e+00
2.021740735233094721e+00
2.033640767595859433e+00
2.051968907280699028e+00
2.075437305606531169e+00
2.102758113023842412e+00
2.132643480798510627e+00
2.163805560317426213e+00
2.194956501849559594e+00
2.224808456774334253e+00
2.252229644139726705e+00
2.277177189830790205e+00
2.300072117664631932e+00
2.321337169056606253e+00
2.341395084681627825e+00
2.360668605971785183e+00
2.379580474322152028e+00
2.398553430463161273e+00
2.418010215791661199e+00
2.438373571727330269e+00
2.459958151873159693e+00
2.482532797041578920e+00
2.505694455383957298e+00
2.529040011468533855e+00
2.552166349033912152e+00
2.574670352648540383e+00
2.596148906851504901e+00
2.616198895425453586e+00
2.634417202923945212e+00
2.650400713344669423e+00
2.663720850836358345e+00
2.673855158086596795e+00
2.680259542783507420e+00
2.682389912407359578e+00
2.679702174693485262e+00
2.671652237149871656e+00
2.657696007597802890e+00
2.637289393611731203e+00
2.609888302461745635e+00
2.574949878333355535e+00
2.532710766541591330e+00
2.485519954970348167e+00
2.436080773777736574e+00
2.387096551449153559e+00
2.341270617002780607e+00
2.301306299030573932e+00
2.269906927520150663e+00
2.249775830978377300e+00
2.243616338443811919e+00
2.254117289428585913e+00
2.281948953525237300e+00
2.323709754238161285e+00
2.375508425541399848e+00
2.433453702850609801e+00
2.493654321871475954e+00
2.552219016142998065e+00
2.605256521367206979e+00
2.648875572985333715e+00
2.679184904927578437e+00
2.692346574161101458e+00
2.687556825518758963e+00
2.668622346097766940e+00
2.639735796846032212e+00
2.605089838241872791e+00
2.568877132048386080e+00
2.535290338787101305e+00
2.508522119103449022e+00
2.492765134574673080e+00
2.492212045741042381e+00
2.510934558967844232e+00
2.549353204854020838e+00
2.603677147945060888e+00
2.669881845843751655e+00
2.743942756713474651e+00
2.821835336026602636e+00
2.899535041877580266e+00
2.973017332351754582e+00
3.038257662935146985e+00
3.091231491786591068e+00
3.128076019829619803e+00
3.147903206292451905e+00
3.152436570478183153e+00
3.143488347808848449e+00
3.122870774113348791e+00
3.092396084962060865e+00
3.053876515460251184e+00
3.009124302134488893e+00
2.959951680174250477e+00
2.908170884560434377e+00
2.855549784756048037e+00
2.803316881420410134e+00
2.752341154227546660e+00
2.703485052056258553e+00
2.657611021963776299e+00
2.615581511617768307e+00
2.578258968276789798e+00
2.546505840497522044e+00
2.521184575477909195e+00
2.503157620719381082e+00
2.493089313039136279e+00
2.489970380557189333e+00
2.491950847524352142e+00
2.497174393710671403e+00
2.503784698948101184e+00
2.509925443134028988e+00
2.513740305940351583e+00
2.513372967280945502e+00
2.506967106872347806e+00
2.492666404682462034e+00
2.469072834579992382e+00
2.437561185050058477e+00
2.400543711545174208e+00
2.360434477471841319e+00
2.319647546090672918e+00
2.280596982123923144e+00
2.245696848825965652e+00
2.217361209647007669e+00
2.198004129015546315e+00
2.190039670290115925e+00
2.195245674113300183e+00
2.212599153311291200e+00
2.240306622623125410e+00
2.276574574537173046e+00
2.319609501945728347e+00
2.367617896167640623e+00
2.418806250025958615e+00
2.471381056493779038e+00
2.523548806664880129e+00
2.573516071918970916e+00
2.619741724461849053e+00
2.661497184446156350e+00
2.698217133387251998e+00
2.729336252562895471e+00
2.754289222179273633e+00
2.772510723583547776e+00
2.783435437805253709e+00
2.786498045527017187e+00
2.781133227867783830e+00
2.766778570576388319e+00
2.743712094312752203e+00
2.714211473754440718e+00
2.680845366059014800e+00
2.646182429602777830e+00
2.612791321573741055e+00
2.583240699535763962e+00
2.560099220827623423e+00
2.545935543584396221e+00
2.543318325054106488e+00
2.554795620274806556e+00
2.581057733754990036e+00
2.619486295853039159e+00
2.667121486254324214e+00
2.721003482886698244e+00
2.778172465344387110e+00
2.835668613376710390e+00
2.890532104678878333e+00
2.939803119013808974e+00
2.980521835880539427e+00
3.009777513270312177e+00
3.026731738684591555e+00
3.033337261338353130e+00
3.031743685352560114e+00
3.024100615117622848e+00
3.012557654738503121e+00
2.999264408764335865e+00
2.986370481333409099e+00
2.976025476602853548e+00
2.970378999093538752e+00
2.971516252369450495e+00
2.979975384600470178e+00
2.994710000286702201e+00
3.014601803797196222e+00
3.038532499998625180e+00
3.065383793948233127e+00
3.094037389729209497e+00
3.123374992370944625e+00
3.152278306935102137e+00
3.179629037456459084e+00
3.204364610909401279e+00
3.226271697497114843e+00
3.245798723912327155e+00
3.263411609387149692e+00
3.279576273063367964e+00
3.294758633522013813e+00
3.309424609919207061e+00
3.324040121386707458e+00
3.339071086542092281e+00
3.354983424514967894e+00
3.372209218798225994e+00
3.390831148228698133e+00
3.410725718221887526e+00
3.431766767765274118e+00
3.453828135094215046e+00
3.476783659183412478e+00
3.500507178765873917e+00
3.524872532865318320e+00
3.549753559638673117e+00
3.575024098102830727e+00
3.600480952813970070e+00
3.625359694165297242e+00
3.648647481889330191e+00
3.669330369524547386e+00
3.686394409886871948e+00
3.698825656551491647e+00
3.705610162875000224e+00
3.705733982001215843e+00
3.698183167359321288e+00
3.681943772016368577e+00
3.656326737263061233e+00
3.622352614929399639e+00
3.581602305742342729e+00
3.535657037664274416e+00
3.486098037236789349e+00
3.434506530830964799e+00
3.382463746664960080e+00
3.331550911124501191e+00
3.283349250648634587e+00
3.239439992491367715e+00
3.201035726054215491e+00
3.167933296558103962e+00
3.139589730986956706e+00
3.115462057296474629e+00
3.095007302417648543e+00
3.077682493454774626e+00
3.062944658103593287e+00
3.050250823434681902e+00
3.039058016615064695e+00
3.028823406480863234e+00
3.019123442862430728e+00
3.009870767420320448e+00
3.001036824925809476e+00
2.992593059820430224e+00
2.984510916564127037e+00
2.976761839900560869e+00
2.969317274285578012e+00
2.962148664189394154e+00
2.955227454334115489e+00
2.948525211600535822e+00
2.942033280418222763e+00
2.935784427865188118e+00
2.929816629066235301e+00
2.924167859159430893e+00
2.918876093481084677e+00
2.913979307165276200e+00
2.909515475414673702e+00
2.905522573387772312e+00
2.902038576381817059e+00
2.899106302689123726e+00
2.897072383808423801e+00
2.896762127619140870e+00
2.899042939593689638e+00
2.904782225326748346e+00
2.914847390194604149e+00
2.930105839746019569e+00
2.951424979774807777e+00
2.979672215289683734e+00
3.015714952007849448e+00
3.060366059184135956e+00
3.112667869500760354e+00
3.169546715017211636e+00
3.227804608846917667e+00
3.284243562014624196e+00
3.335665587636353457e+00
3.378872698591400603e+00
3.410666906259600673e+00
3.427850223636017102e+00
3.427224663026296358e+00
3.405767707956386836e+00
3.363879635191249218e+00
3.305074047564241724e+00
3.232977950423050917e+00
3.151218351766539083e+00
3.063422257077775157e+00
2.973216671554994583e+00
2.884228603624311216e+00
2.800085058490990875e+00
2.724413041588888529e+00
2.660624360943038003e+00
2.609379477858382312e+00
2.569437580286540346e+00
2.539519984206959791e+00
2.518348004134009166e+00
2.504642954994717563e+00
2.497126152149540701e+00
2.494518910444968984e+00
2.495542544959149733e+00
2.498918370705051739e+00
2.503451806493733223e+00
2.508691601069689359e+00
2.514574088830422216e+00
2.521038955142839377e+00
2.528025885401330886e+00
2.535474564749590876e+00
2.543324678576206921e+00
2.551515912190306157e+00
2.559987951002372419e+00
2.568680480121062981e+00
2.577523807185529314e+00
2.586389058818022946e+00
2.595124338018555576e+00
2.603577696517439755e+00
2.611597186031684004e+00
2.619030857996162087e+00
2.625726764133896829e+00
2.631532956133099344e+00
2.636297485480859848e+00
2.639868403876781677e+00
2.642131847355355667e+00
2.643148593289934123e+00
2.643029448418202865e+00
2.641885223546918571e+00
2.639826729530028615e+00
2.636964777185726749e+00
2.633410177294297050e+00
2.629273740766553402e+00
2.624666278390295648e+00
2.619698604133173347e+00
2.614499984311049019e+00
2.609261549143470749e+00
2.604187379134971447e+00
2.599481554737544275e+00
2.595348156568753506e+00
2.591991265075043405e+00
2.589614960739501814e+00
2.588423324124730751e+00
2.588620435701045608e+00
2.590409731128156867e+00
2.593765225882723069e+00
2.598093633428678828e+00
2.602715508692388102e+00
2.606951406430913831e+00
2.610121881571164426e+00
2.611547488989780064e+00
2.610548783519229143e+00
2.606446320060741506e+00
2.598560653369093032e+00
2.586217227437904942e+00
2.569239023283800716e+00
2.548368467182231978e+00
2.524447367549954357e+00
2.498317532078172309e+00
2.470820768353866548e+00
2.442798884950123650e+00
2.415093689465087401e+00
2.388546989814848587e+00
2.364000593641053971e+00
2.342285622928400812e+00
2.323742031284315779e+00
2.308024094444620644e+00
2.294735137619262400e+00
2.283478485449963902e+00
2.273857462674340635e+00
2.265475394358499095e+00
2.257935605223101216e+00
2.250841420028551365e+00
2.243796163781341946e+00
2.236410381161714866e+00
2.228479852722431875e+00
2.219996920687622222e+00
2.210963414528494653e+00
2.201381163690278253e+00
2.191251997960555364e+00
2.180577746791014793e+00
2.169360239607630803e+00
2.157601306236562877e+00
2.145302776110181053e+00
2.132489360755954966e+00
2.119554102605959223e+00
2.107187470249384464e+00
2.096088430243209011e+00
2.086955949051024994e+00
2.080488993452137336e+00
2.077386529882817801e+00
2.078347524938093827e+00
2.084070945159139043e+00
2.095255757088923421e+00
2.112535962971762604e+00
2.135841860756942712e+00
2.164673065731761437e+00
2.198522993913917478e+00
2.236885060090608057e+00
2.279252680223317284e+00
2.325119270462531418e+00
2.373978245311943347e+00
2.425323020883752623e+00
2.478647013407451194e+00
2.533293615592103087e+00
2.587464495863140534e+00
2.638836404336014407e+00
2.685083317033297945e+00
2.723879211839511427e+00
2.752898066287591483e+00
2.769813856927481055e+00
2.772300561421170872e+00
2.758032157026101050e+00
2.724682620484614404e+00
2.669925929818086185e+00
2.591436062007669960e+00
2.486886992914663086e+00
2.353952702240220241e+00
2.190307166166761910e+00
1.993624359427590642e+00
1.761578263897536578e+00
1.491842854713339772e+00
