1.010565364360809326e+01
2.021130740642547607e+01
3.031696105003356934e+01
4.042261469364166260e+01
5.052826845645904541e+01
6.063392210006713867e+01
7.073957574367523193e+01
8.084522950649261475e+01
9.095088315010070801e+01
1.010565367937088013e+02
1.111621905565261841e+02
1.212678442001342773e+02
1.313734978437423706e+02
1.414791514873504639e+02
1.515848052501678467e+02
1.616904588937759399e+02
1.717961125373840332e+02
1.819017663002014160e+02
1.920074199438095093e+02
2.021130735874176025e+02
2.122187273502349854e+02
2.223243809938430786e+02
2.324300346374511719e+02
2.425356884002685547e+02
2.526413420438766479e+02
2.627469956874847412e+02
2.728526494503021240e+02
2.829583030939102173e+02
2.930639567375183105e+02
3.031696105003356934e+02
3.132752641439437866e+02
3.233809177875518799e+02
3.334865715503692627e+02
3.435922251939773560e+02
3.536978788375854492e+02
3.638035326004028320e+02
3.739091862440109253e+02
3.840148398876190186e+02
3.941204935312271118e+02
4.042261472940444946e+02
4.143318009376525879e+02
4.244374545812606812e+02
4.345431083440780640e+02
4.446487619876861572e+02
4.547544156312942505e+02
4.648600693941116333e+02
4.749657230377197266e+02
4.850713766813278198e+02
4.951770304441452026e+02
5.052826840877532959e+02
5.153883377313613892e+02
5.254939914941787720e+02
5.355996451377868652e+02
5.457052987813949585e+02
5.558109525442123413e+02
5.659166061878204346e+02
5.760222598314285278e+02
5.861279135942459106e+02
5.962335672378540039e+02
6.063392208814620972e+02
6.164448746442794800e+02
6.265505282878875732e+02
6.366561819314956665e+02
6.467618355751037598e+02
6.568674893379211426e+02
6.669731429815292358e+02
6.770787966251373291e+02
6.871844503879547119e+02
6.972901040315628052e+02
7.073957576751708984e+02
7.175014114379882812e+02
7.276070650815963745e+02
7.377127187252044678e+02
7.478183724880218506e+02
7.579240261316299438e+02
7.680296797752380371e+02
7.781353335380554199e+02
7.882409871816635132e+02
7.983466408252716064e+02
8.084522945880889893e+02
8.185579482316970825e+02
8.286636018753051758e+02
8.387692556381225586e+02
8.488749092817306519e+02
8.589805629253387451e+02
8.690862166881561279e+02
8.791918703317642212e+02
8.892975239753723145e+02
8.994031776189804077e+02
9.095088313817977905e+02
9.196144850254058838e+02
9.297201386690139771e+02
9.398257924318313599e+02
9.499314460754394531e+02
9.600370997190475464e+02
9.701427534818649292e+02
9.802484071254730225e+02
9.903540607690811157e+02
1.000459714531898499e+03
1.010565368175506592e+03
1.020671021819114685e+03
1.030776675581932068e+03
1.040882329225540161e+03
1.050987982869148254e+03
1.061093636631965637e+03
1.071199290275573730e+03
1.081304943919181824e+03
1.091410597681999207e+03
1.101516251325607300e+03
1.111621904969215393e+03
1.121727558732032776e+03
1.131833212375640869e+03
1.141938866019248962e+03
1.152044519662857056e+03
1.162150173425674438e+03
1.172255827069282532e+03
1.182361480712890625e+03
1.192467134475708008e+03
1.202572788119316101e+03
1.212678441762924194e+03
1.222784095525741577e+03
1.232889749169349670e+03
1.242995402812957764e+03
1.253101056575775146e+03
1.263206710219383240e+03
1.273312363862991333e+03
1.283418017625808716e+03
1.293523671269416809e+03
1.303629324913024902e+03
1.313734978675842285e+03
1.323840632319450378e+03
1.333946285963058472e+03
1.344051939725875854e+03
1.354157593369483948e+03
1.364263247013092041e+03
1.374368900775909424e+03
1.384474554419517517e+03
1.394580208063125610e+03
1.404685861706733704e+03
1.414791515469551086e+03
1.424897169113159180e+03
1.435002822756767273e+03
1.445108476519584656e+03
1.455214130163192749e+03
1.465319783806800842e+03
1.475425437569618225e+03
1.485531091213226318e+03
1.495636744856834412e+03
1.505742398619651794e+03
1.515848052263259888e+03
1.525953705906867981e+03
1.536059359669685364e+03
1.546165013313293457e+03
1.556270666956901550e+03
1.566376320719718933e+03
1.576481974363327026e+03
1.586587628006935120e+03
1.596693281769752502e+03
1.606798935413360596e+03
1.616904589056968689e+03
1.627010242819786072e+03
1.637115896463394165e+03
1.647221550107002258e+03
1.657327203750610352e+03
1.667432857513427734e+03
1.677538511157035828e+03
1.687644164800643921e+03
1.697749818563461304e+03
1.707855472207069397e+03
1.717961125850677490e+03
1.728066779613494873e+03
1.738172433257102966e+03
1.748278086900711060e+03
1.758383740663528442e+03
1.768489394307136536e+03
1.778595047950744629e+03
1.788700701713562012e+03
1.798806355357170105e+03
1.808912009000778198e+03
1.819017662763595581e+03
1.829123316407203674e+03
1.839228970050811768e+03
1.849334623813629150e+03
1.859440277457237244e+03
1.869545931100845337e+03
1.879651584863662720e+03
1.889757238507270813e+03
1.899862892150878906e+03
1.909968545794487000e+03
1.920074199557304382e+03
1.930179853200912476e+03
1.940285506844520569e+03
1.950391160607337952e+03
1.960496814250946045e+03
1.970602467894554138e+03
1.980708121657371521e+03
1.990813775300979614e+03
2.000919428944587708e+03
2.011025082707405090e+03
2.021130736351013184e+03
2.031236389994621277e+03
2.041342043757438660e+03
2.051447697401046753e+03
2.061553351044654846e+03
2.071659004807472229e+03
2.081764658451080322e+03
2.091870312094688416e+03
2.101975965857505798e+03
2.112081619501113892e+03
2.122187273144721985e+03
2.132292926907539368e+03
2.142398580551147461e+03
2.152504234194755554e+03
2.162609887838363647e+03
2.172715541601181030e+03
2.182821195244789124e+03
2.192926848888397217e+03
2.203032502651214600e+03
2.213138156294822693e+03
2.223243809938430786e+03
2.233349463701248169e+03
2.243455117344856262e+03
2.253560770988464355e+03
2.263666424751281738e+03
2.273772078394889832e+03
2.283877732038497925e+03
2.293983385801315308e+03
2.304089039444923401e+03
2.314194693088531494e+03
2.324300346851348877e+03
2.334406000494956970e+03
2.344511654138565063e+03
2.354617307901382446e+03
2.364722961544990540e+03
2.374828615188598633e+03
2.384934268951416016e+03
2.395039922595024109e+03
2.405145576238632202e+03
2.415251229882240295e+03
2.425356883645057678e+03
2.435462537288665771e+03
2.445568190932273865e+03
2.455673844695091248e+03
2.465779498338699341e+03
2.475885151982307434e+03
2.485990805745124817e+03
2.496096459388732910e+03
2.506202113032341003e+03
2.516307766795158386e+03
2.526413420438766479e+03
2.536519074082374573e+03
2.546624727845191956e+03
2.556730381488800049e+03
2.566836035132408142e+03
2.576941688895225525e+03
2.587047342538833618e+03
2.597152996182441711e+03
2.607258649945259094e+03
2.617364303588867188e+03
2.627469957232475281e+03
2.637575610995292664e+03
2.647681264638900757e+03
2.657786918282508850e+03
2.667892571926116943e+03
2.677998225688934326e+03
2.688103879332542419e+03
2.698209532976150513e+03
2.708315186738967896e+03
2.718420840382575989e+03
2.728526494026184082e+03
2.738632147789001465e+03
2.748737801432609558e+03
2.758843455076217651e+03
2.768949108839035034e+03
2.779054762482643127e+03
2.789160416126251221e+03
2.799266069889068604e+03
2.809371723532676697e+03
2.819477377176284790e+03
2.829583030939102173e+03
2.839688684582710266e+03
2.849794338226318359e+03
2.859899991989135742e+03
2.870005645632743835e+03
2.880111299276351929e+03
2.890216953039169312e+03
2.900322606682777405e+03
2.910428260326385498e+03
2.920533913969993591e+03
2.930639567732810974e+03
2.940745221376419067e+03
2.950850875020027161e+03
2.960956528782844543e+03
2.971062182426452637e+03
2.981167836070060730e+03
2.991273489832878113e+03
3.001379143476486206e+03
3.011484797120094299e+03
3.021590450882911682e+03
3.031696104526519775e+03
3.041801758170127869e+03
3.051907411932945251e+03
3.062013065576553345e+03
3.072118719220161438e+03
3.082224372982978821e+03
3.092330026626586914e+03
3.102435680270195007e+03
3.112541334033012390e+03
3.122646987676620483e+03
3.132752641320228577e+03
3.142858295083045959e+03
3.152963948726654053e+03
3.163069602370262146e+03
3.173175256013870239e+03
3.183280909776687622e+03
3.193386563420295715e+03
3.203492217063903809e+03
3.213597870826721191e+03
3.223703524470329285e+03
3.233809178113937378e+03
3.243914831876754761e+03
3.254020485520362854e+03
3.264126139163970947e+03
3.274231792926788330e+03
3.284337446570396423e+03
3.294443100214004517e+03
3.304548753976821899e+03
3.314654407620429993e+03
3.324760061264038086e+03
3.334865715026855469e+03
3.344971368670463562e+03
3.355077022314071655e+03
3.365182676076889038e+03
3.375288329720497131e+03
3.385393983364105225e+03
3.395499637126922607e+03
3.405605290770530701e+03
3.415710944414138794e+03
3.425816598057746887e+03
3.435922251820564270e+03
3.446027905464172363e+03
3.456133559107780457e+03
3.466239212870597839e+03
3.476344866514205933e+03
3.486450520157814026e+03
3.496556173920631409e+03
3.506661827564239502e+03
3.516767481207847595e+03
3.526873134970664978e+03
3.536978788614273071e+03
3.547084442257881165e+03
3.557190096020698547e+03
3.567295749664306641e+03
3.577401403307914734e+03
3.587507057070732117e+03
3.597612710714340210e+03
3.607718364357948303e+03
3.617824018120765686e+03
3.627929671764373779e+03
3.638035325407981873e+03
3.648140979170799255e+03
3.658246632814407349e+03
3.668352286458015442e+03
3.678457940101623535e+03
3.688563593864440918e+03
3.698669247508049011e+03
3.708774901151657104e+03
3.718880554914474487e+03
3.728986208558082581e+03
3.739091862201690674e+03
3.749197515964508057e+03
3.759303169608116150e+03
3.769408823251724243e+03
3.779514477014541626e+03
3.789620130658149719e+03
3.799725784301757812e+03
3.809831438064575195e+03
3.819937091708183289e+03
3.830042745351791382e+03
3.840148399114608765e+03
3.850254052758216858e+03
3.860359706401824951e+03
3.870465360164642334e+03
3.880571013808250427e+03
3.890676667451858521e+03
3.900782321095466614e+03
3.910887974858283997e+03
3.920993628501892090e+03
3.931099282145500183e+03
3.941204935908317566e+03
3.951310589551925659e+03
3.961416243195533752e+03
3.971521896958351135e+03
3.981627550601959229e+03
3.991733204245567322e+03
4.001838858008384705e+03
4.011944511651992798e+03
4.022050165295600891e+03
4.032155819058418274e+03
4.042261472702026367e+03
4.052367126345634460e+03
4.062472780108451843e+03
4.072578433752059937e+03
4.082684087395668030e+03
4.092789741158485413e+03
4.102895394802093506e+03
4.113001048445701599e+03
4.123106702208518982e+03
4.133212355852127075e+03
4.143318009495735168e+03
4.153423663139343262e+03
4.163529316902160645e+03
4.173634970545768738e+03
4.183740624189376831e+03
4.193846277952194214e+03
4.203951931595802307e+03
4.214057585239410400e+03
4.224163239002227783e+03
4.234268892645835876e+03
4.244374546289443970e+03
4.254480200052261353e+03
4.264585853695869446e+03
4.274691507339477539e+03
4.284797161102294922e+03
4.294902814745903015e+03
4.305008468389511108e+03
4.315114122152328491e+03
4.325219775795936584e+03
4.335325429439544678e+03
4.345431083202362061e+03
4.355536736845970154e+03
4.365642390489578247e+03
4.375748044252395630e+03
4.385853697896003723e+03
4.395959351539611816e+03
4.406065005183219910e+03
4.416170658946037292e+03
4.426276312589645386e+03
4.436381966233253479e+03
4.446487619996070862e+03
4.456593273639678955e+03
4.466698927283287048e+03
4.476804581046104431e+03
4.486910234689712524e+03
4.497015888333320618e+03
4.507121542096138000e+03
4.517227195739746094e+03
4.527332849383354187e+03
4.537438503146171570e+03
4.547544156789779663e+03
4.557649810433387756e+03
4.567755464196205139e+03
4.577861117839813232e+03
4.587966771483421326e+03
4.598072425246238708e+03
4.608178078889846802e+03
4.618283732533454895e+03
4.628389386296272278e+03
4.638495039939880371e+03
4.648600693583488464e+03
4.658706347227096558e+03
4.668812000989913940e+03
4.678917654633522034e+03
4.689023308277130127e+03
4.699128962039947510e+03
4.709234615683555603e+03
4.719340269327163696e+03
4.729445923089981079e+03
4.739551576733589172e+03
4.749657230377197266e+03
4.759762884140014648e+03
4.769868537783622742e+03
4.779974191427230835e+03
4.790079845190048218e+03
4.800185498833656311e+03
4.810291152477264404e+03
4.820396806240081787e+03
4.830502459883689880e+03
4.840608113527297974e+03
4.850713767290115356e+03
4.860819420933723450e+03
4.870925074577331543e+03
4.881030728340148926e+03
4.891136381983757019e+03
4.901242035627365112e+03
4.911347689270973206e+03
4.921453343033790588e+03
4.931558996677398682e+03
4.941664650321006775e+03
4.951770304083824158e+03
4.961875957727432251e+03
4.971981611371040344e+03
4.982087265133857727e+03
4.992192918777465820e+03
5.002298572421073914e+03
5.012404226183891296e+03
5.022509879827499390e+03
5.032615533471107483e+03
5.042721187233924866e+03
5.052826840877532959e+03
5.062932494521141052e+03
5.073038148283958435e+03
5.083143801927566528e+03
5.093249455571174622e+03
5.103355109333992004e+03
5.113460762977600098e+03
5.123566416621208191e+03
5.133672070384025574e+03
5.143777724027633667e+03
5.153883377671241760e+03
5.163989031314849854e+03
5.174094685077667236e+03
5.184200338721275330e+03
5.194305992364883423e+03
5.204411646127700806e+03
5.214517299771308899e+03
5.224622953414916992e+03
5.234728607177734375e+03
5.244834260821342468e+03
5.254939914464950562e+03
5.265045568227767944e+03
5.275151221871376038e+03
5.285256875514984131e+03
5.295362529277801514e+03
5.305468182921409607e+03
5.315573836565017700e+03
5.325679490327835083e+03
5.335785143971443176e+03
5.345890797615051270e+03
5.355996451377868652e+03
5.366102105021476746e+03
5.376207758665084839e+03
5.386313412427902222e+03
5.396419066071510315e+03
5.406524719715118408e+03
5.416630373358726501e+03
5.426736027121543884e+03
5.436841680765151978e+03
5.446947334408760071e+03
5.457052988171577454e+03
5.467158641815185547e+03
5.477264295458793640e+03
5.487369949221611023e+03
5.497475602865219116e+03
5.507581256508827209e+03
5.517686910271644592e+03
5.527792563915252686e+03
5.537898217558860779e+03
5.548003871321678162e+03
5.558109524965286255e+03
5.568215178608894348e+03
5.578320832371711731e+03
5.588426486015319824e+03
5.598532139658927917e+03
5.608637793421745300e+03
5.618743447065353394e+03
5.628849100708961487e+03
5.638954754471778870e+03
5.649060408115386963e+03
5.659166061758995056e+03
5.669271715402603149e+03
5.679377369165420532e+03
5.689483022809028625e+03
5.699588676452636719e+03
5.709694330215454102e+03
5.719799983859062195e+03
5.729905637502670288e+03
5.740011291265487671e+03
5.750116944909095764e+03
5.760222598552703857e+03
5.770328252315521240e+03
5.780433905959129333e+03
5.790539559602737427e+03
5.800645213365554810e+03
5.810750867009162903e+03
5.820856520652770996e+03
5.830962174415588379e+03
5.841067828059196472e+03
5.851173481702804565e+03
5.861279135465621948e+03
5.871384789109230042e+03
5.881490442752838135e+03
5.891596096515655518e+03
5.901701750159263611e+03
5.911807403802871704e+03
5.921913057446479797e+03
5.932018711209297180e+03
5.942124364852905273e+03
5.952230018496513367e+03
5.962335672259330750e+03
5.972441325902938843e+03
5.982546979546546936e+03
5.992652633309364319e+03
6.002758286952972412e+03
6.012863940596580505e+03
6.022969594359397888e+03
6.033075248003005981e+03
6.043180901646614075e+03
6.053286555409431458e+03
6.063392209053039551e+03
6.073497862696647644e+03
6.083603516459465027e+03
6.093709170103073120e+03
6.103814823746681213e+03
6.113920477509498596e+03
6.124026131153106689e+03
6.134131784796714783e+03
6.144237438559532166e+03
6.154343092203140259e+03
6.164448745846748352e+03
6.174554399490356445e+03
6.184660053253173828e+03
6.194765706896781921e+03
6.204871360540390015e+03
6.214977014303207397e+03
6.225082667946815491e+03
6.235188321590423584e+03
6.245293975353240967e+03
6.255399628996849060e+03
6.265505282640457153e+03
6.275610936403274536e+03
6.285716590046882629e+03
6.295822243690490723e+03
6.305927897453308105e+03
6.316033551096916199e+03
6.326139204740524292e+03
6.336244858503341675e+03
6.346350512146949768e+03
6.356456165790557861e+03
6.366561819553375244e+03
6.376667473196983337e+03
6.386773126840591431e+03
6.396878780603408813e+03
6.406984434247016907e+03
6.417090087890625000e+03
6.427195741534233093e+03
6.437301395297050476e+03
6.447407048940658569e+03
6.457512702584266663e+03
6.467618356347084045e+03
6.477724009990692139e+03
6.487829663634300232e+03
6.497935317397117615e+03
6.508040971040725708e+03
6.518146624684333801e+03
6.528252278447151184e+03
6.538357932090759277e+03
6.548463585734367371e+03
6.558569239497184753e+03
6.568674893140792847e+03
6.578780546784400940e+03
6.588886200547218323e+03
6.598991854190826416e+03
6.609097507834434509e+03
6.619203161597251892e+03
6.629308815240859985e+03
6.639414468884468079e+03
6.649520122647285461e+03
6.659625776290893555e+03
6.669731429934501648e+03
6.679837083578109741e+03
6.689942737340927124e+03
6.700048390984535217e+03
6.710154044628143311e+03
6.720259698390960693e+03
6.730365352034568787e+03
6.740471005678176880e+03
6.750576659440994263e+03
6.760682313084602356e+03
6.770787966728210449e+03
6.780893620491027832e+03
6.790999274134635925e+03
6.801104927778244019e+03
6.811210581541061401e+03
6.821316235184669495e+03
6.831421888828277588e+03
6.841527542591094971e+03
6.851633196234703064e+03
6.861738849878311157e+03
6.871844503641128540e+03
6.881950157284736633e+03
6.892055810928344727e+03
6.902161464691162109e+03
6.912267118334770203e+03
6.922372771978378296e+03
6.932478425621986389e+03
6.942584079384803772e+03
6.952689733028411865e+03
6.962795386672019958e+03
6.972901040434837341e+03
6.983006694078445435e+03
6.993112347722053528e+03
7.003218001484870911e+03
7.013323655128479004e+03
7.023429308772087097e+03
7.033534962534904480e+03
7.043640616178512573e+03
7.053746269822120667e+03
7.063851923584938049e+03
7.073957577228546143e+03
7.084063230872154236e+03
7.094168884634971619e+03
7.104274538278579712e+03
7.114380191922187805e+03
7.124485845685005188e+03
7.134591499328613281e+03
7.144697152972221375e+03
7.154802806735038757e+03
7.164908460378646851e+03
7.175014114022254944e+03
7.185119767665863037e+03
7.195225421428680420e+03
7.205331075072288513e+03
7.215436728715896606e+03
7.225542382478713989e+03
7.235648036122322083e+03
7.245753689765930176e+03
7.255859343528747559e+03
7.265964997172355652e+03
7.276070650815963745e+03
7.286176304578781128e+03
7.296281958222389221e+03
7.306387611865997314e+03
7.316493265628814697e+03
7.326598919272422791e+03
7.336704572916030884e+03
7.346810226678848267e+03
7.356915880322456360e+03
7.367021533966064453e+03
7.377127187728881836e+03
7.387232841372489929e+03
7.397338495016098022e+03
7.407444148778915405e+03
7.417549802422523499e+03
7.427655456066131592e+03
7.437761109709739685e+03
7.447866763472557068e+03
7.457972417116165161e+03
7.468078070759773254e+03
7.478183724522590637e+03
7.488289378166198730e+03
7.498395031809806824e+03
7.508500685572624207e+03
7.518606339216232300e+03
7.528711992859840393e+03
7.538817646622657776e+03
7.548923300266265869e+03
7.559028953909873962e+03
7.569134607672691345e+03
7.579240261316299438e+03
7.589345914959907532e+03
7.599451568722724915e+03
7.609557222366333008e+03
7.619662876009941101e+03
7.629768529772758484e+03
7.639874183416366577e+03
7.649979837059974670e+03
7.660085490822792053e+03
7.670191144466400146e+03
7.680296798110008240e+03
7.690402451753616333e+03
7.700508105516433716e+03
7.710613759160041809e+03
7.720719412803649902e+03
7.730825066566467285e+03
7.740930720210075378e+03
7.751036373853683472e+03
7.761142027616500854e+03
7.771247681260108948e+03
7.781353334903717041e+03
7.791458988666534424e+03
7.801564642310142517e+03
7.811670295953750610e+03
7.821775949716567993e+03
7.831881603360176086e+03
7.841987257003784180e+03
7.852092910766601562e+03
7.862198564410209656e+03
7.872304218053817749e+03
7.882409871816635132e+03
7.892515525460243225e+03
7.902621179103851318e+03
7.912726832866668701e+03
7.922832486510276794e+03
7.932938140153884888e+03
7.943043793797492981e+03
7.953149447560310364e+03
7.963255101203918457e+03
7.973360754847526550e+03
7.983466408610343933e+03
7.993572062253952026e+03
8.003677715897560120e+03
8.013783369660377502e+03
8.023889023303985596e+03
8.033994676947593689e+03
8.044100330710411072e+03
8.054205984354019165e+03
8.064311637997627258e+03
8.074417291760444641e+03
8.084522945404052734e+03
8.094628599047660828e+03
8.104734252810478210e+03
8.114839906454086304e+03
8.124945560097694397e+03
8.135051213860511780e+03
8.145156867504119873e+03
8.155262521147727966e+03
8.165368174910545349e+03
8.175473828554153442e+03
8.185579482197761536e+03
8.195685135841369629e+03
8.205790789604187012e+03
8.215896443247795105e+03
8.226002096891403198e+03
8.236107750654220581e+03
8.246213404297828674e+03
8.256319057941436768e+03
8.266424711704254150e+03
8.276530365347862244e+03
8.286636018991470337e+03
8.296741672754287720e+03
8.306847326397895813e+03
8.316952980041503906e+03
8.327058633804321289e+03
8.337164287447929382e+03
8.347269941091537476e+03
8.357375594854354858e+03
8.367481248497962952e+03
8.377586902141571045e+03
8.387692555904388428e+03
8.397798209547996521e+03
8.407903863191604614e+03
8.418009516954421997e+03
8.428115170598030090e+03
8.438220824241638184e+03
8.448326477885246277e+03
8.458432131648063660e+03
8.468537785291671753e+03
8.478643438935279846e+03
8.488749092698097229e+03
8.498854746341705322e+03
8.508960399985313416e+03
8.519066053748130798e+03
8.529171707391738892e+03
8.539277361035346985e+03
8.549383014798164368e+03
8.559488668441772461e+03
8.569594322085380554e+03
8.579699975848197937e+03
8.589805629491806030e+03
8.599911283135414124e+03
8.610016936898231506e+03
8.620122590541839600e+03
8.630228244185447693e+03
8.640333897948265076e+03
8.650439551591873169e+03
8.660545205235481262e+03
8.670650858998298645e+03
8.680756512641906738e+03
8.690862166285514832e+03
8.700967819929122925e+03
8.711073473691940308e+03
8.721179127335548401e+03
8.731284780979156494e+03
8.741390434741973877e+03
8.751496088385581970e+03
8.761601742029190063e+03
8.771707395792007446e+03
8.781813049435615540e+03
8.791918703079223633e+03
8.802024356842041016e+03
8.812130010485649109e+03
8.822235664129257202e+03
8.832341317892074585e+03
8.842446971535682678e+03
8.852552625179290771e+03
8.862658278942108154e+03
8.872763932585716248e+03
8.882869586229324341e+03
8.892975239992141724e+03
8.903080893635749817e+03
8.913186547279357910e+03
8.923292201042175293e+03
8.933397854685783386e+03
8.943503508329391479e+03
8.953609161972999573e+03
8.963714815735816956e+03
8.973820469379425049e+03
8.983926123023033142e+03
8.994031776785850525e+03
9.004137430429458618e+03
9.014243084073066711e+03
9.024348737835884094e+03
9.034454391479492188e+03
9.044560045123100281e+03
9.054665698885917664e+03
9.064771352529525757e+03
9.074877006173133850e+03
9.084982659935951233e+03
9.095088313579559326e+03
9.105193967223167419e+03
9.115299620985984802e+03
9.125405274629592896e+03
9.135510928273200989e+03
9.145616582036018372e+03
9.155722235679626465e+03
9.165827889323234558e+03
9.175933543086051941e+03
9.186039196729660034e+03
9.196144850373268127e+03
9.206250504016876221e+03
9.216356157779693604e+03
9.226461811423301697e+03
9.236567465066909790e+03
9.246673118829727173e+03
9.256778772473335266e+03
9.266884426116943359e+03
9.276990079879760742e+03
9.287095733523368835e+03
9.297201387166976929e+03
9.307307040929794312e+03
9.317412694573402405e+03
9.327518348217010498e+03
9.337624001979827881e+03
9.347729655623435974e+03
9.357835309267044067e+03
9.367940963029861450e+03
9.378046616673469543e+03
9.388152270317077637e+03
9.398257924079895020e+03
9.408363577723503113e+03
9.418469231367111206e+03
9.428574885129928589e+03
9.438680538773536682e+03
9.448786192417144775e+03
9.458891846060752869e+03
9.468997499823570251e+03
9.479103153467178345e+03
9.489208807110786438e+03
9.499314460873603821e+03
9.509420114517211914e+03
9.519525768160820007e+03
9.529631421923637390e+03
9.539737075567245483e+03
9.549842729210853577e+03
9.559948382973670959e+03
9.570054036617279053e+03
9.580159690260887146e+03
9.590265344023704529e+03
9.600370997667312622e+03
9.610476651310920715e+03
9.620582305073738098e+03
9.630687958717346191e+03
9.640793612360954285e+03
9.650899266123771667e+03
9.661004919767379761e+03
9.671110573410987854e+03
9.681216227173805237e+03
9.691321880817413330e+03
9.701427534461021423e+03
9.711533188104629517e+03
9.721638841867446899e+03
9.731744495511054993e+03
9.741850149154663086e+03
9.751955802917480469e+03
9.762061456561088562e+03
9.772167110204696655e+03
9.782272763967514038e+03
9.792378417611122131e+03
9.802484071254730225e+03
9.812589725017547607e+03
9.822695378661155701e+03
9.832801032304763794e+03
9.842906686067581177e+03
9.853012339711189270e+03
9.863117993354797363e+03
9.873223647117614746e+03
9.883329300761222839e+03
9.893434954404830933e+03
9.903540608167648315e+03
9.913646261811256409e+03
9.923751915454864502e+03
9.933857569217681885e+03
9.943963222861289978e+03
9.954068876504898071e+03
9.964174530148506165e+03
9.974280183911323547e+03
9.984385837554931641e+03
9.994491491198539734e+03
1.000459714496135712e+04
1.001470279860496521e+04
1.002480845224857330e+04
1.003491410601139069e+04
1.004501975965499878e+04
1.005512541329860687e+04
1.006523106706142426e+04
1.007533672070503235e+04
1.008544237434864044e+04
1.009554802811145782e+04
1.010565368175506592e+04
1.011575933539867401e+04
1.012586498916149139e+04
1.013597064280509949e+04
1.014607629644870758e+04
1.015618195021152496e+04
1.016628760385513306e+04
1.017639325749874115e+04
1.018649891126155853e+04
1.019660456490516663e+04
1.020671021854877472e+04
1.021681587219238281e+04
1.022692152595520020e+04
1.023702717959880829e+04
1.024713283324241638e+04
1.025723848700523376e+04
1.026734414064884186e+04
1.027744979429244995e+04
1.028755544805526733e+04
1.029766110169887543e+04
1.030776675534248352e+04
1.031787240910530090e+04
1.032797806274890900e+04
1.033808371639251709e+04
1.034818937015533447e+04
1.035829502379894257e+04
1.036840067744255066e+04
1.037850633120536804e+04
1.038861198484897614e+04
1.039871763849258423e+04
1.040882329225540161e+04
1.041892894589900970e+04
1.042903459954261780e+04
1.043914025330543518e+04
1.044924590694904327e+04
1.045935156059265137e+04
1.046945721423625946e+04
1.047956286799907684e+04
1.048966852164268494e+04
1.049977417528629303e+04
1.050987982904911041e+04
1.051998548269271851e+04
1.053009113633632660e+04
1.054019679009914398e+04
1.055030244374275208e+04
1.056040809738636017e+04
1.057051375114917755e+04
1.058061940479278564e+04
1.059072505843639374e+04
1.060083071219921112e+04
1.061093636584281921e+04
1.062104201948642731e+04
1.063114767324924469e+04
1.064125332689285278e+04
1.065135898053646088e+04
1.066146463429927826e+04
1.067157028794288635e+04
1.068167594158649445e+04
1.069178159534931183e+04
1.070188724899291992e+04
1.071199290263652802e+04
1.072209855628013611e+04
1.073220421004295349e+04
1.074230986368656158e+04
1.075241551733016968e+04
1.076252117109298706e+04
1.077262682473659515e+04
1.078273247838020325e+04
1.079283813214302063e+04
1.080294378578662872e+04
1.081304943943023682e+04
1.082315509319305420e+04
1.083326074683666229e+04
1.084336640048027039e+04
1.085347205424308777e+04
1.086357770788669586e+04
1.087368336153030396e+04
1.088378901529312134e+04
1.089389466893672943e+04
1.090400032258033752e+04
1.091410597634315491e+04
1.092421162998676300e+04
1.093431728363037109e+04
1.094442293739318848e+04
1.095452859103679657e+04
1.096463424468040466e+04
1.097473989832401276e+04
1.098484555208683014e+04
1.099495120573043823e+04
1.100505685937404633e+04
1.101516251313686371e+04
1.102526816678047180e+04
1.103537382042407990e+04
1.104547947418689728e+04
1.105558512783050537e+04
1.106569078147411346e+04
1.107579643523693085e+04
1.108590208888053894e+04
1.109600774252414703e+04
1.110611339628696442e+04
1.111621904993057251e+04
1.112632470357418060e+04
1.113643035733699799e+04
1.114653601098060608e+04
1.115664166462421417e+04
1.116674731838703156e+04
1.117685297203063965e+04
1.118695862567424774e+04
1.119706427931785583e+04
1.120716993308067322e+04
1.121727558672428131e+04
1.122738124036788940e+04
1.123748689413070679e+04
1.124759254777431488e+04
1.125769820141792297e+04
1.126780385518074036e+04
1.127790950882434845e+04
1.128801516246795654e+04
1.129812081623077393e+04
1.130822646987438202e+04
1.131833212351799011e+04
1.132843777728080750e+04
1.133854343092441559e+04
1.134864908456802368e+04
1.135875473833084106e+04
1.136886039197444916e+04
1.137896604561805725e+04
1.138907169938087463e+04
1.139917735302448273e+04
1.140928300666809082e+04
1.141938866043090820e+04
1.142949431407451630e+04
1.143959996771812439e+04
1.144970562136173248e+04
1.145981127512454987e+04
1.146991692876815796e+04
1.148002258241176605e+04
1.149012823617458344e+04
1.150023388981819153e+04
1.151033954346179962e+04
1.152044519722461700e+04
1.153055085086822510e+04
1.154065650451183319e+04
1.155076215827465057e+04
1.156086781191825867e+04
1.157097346556186676e+04
1.158107911932468414e+04
1.159118477296829224e+04
1.160129042661190033e+04
1.161139608037471771e+04
1.162150173401832581e+04
1.163160738766193390e+04
1.164171304142475128e+04
1.165181869506835938e+04
1.166192434871196747e+04
1.167203000247478485e+04
1.168213565611839294e+04
1.169224130976200104e+04
1.170234696340560913e+04
1.171245261716842651e+04
1.172255827081203461e+04
1.173266392445564270e+04
1.174276957821846008e+04
1.175287523186206818e+04
1.176298088550567627e+04
1.177308653926849365e+04
1.178319219291210175e+04
1.179329784655570984e+04
1.180340350031852722e+04
1.181350915396213531e+04
1.182361480760574341e+04
1.183372046136856079e+04
1.184382611501216888e+04
1.185393176865577698e+04
1.186403742241859436e+04
1.187414307606220245e+04
1.188424872970581055e+04
1.189435438346862793e+04
1.190446003711223602e+04
1.191456569075584412e+04
1.192467134451866150e+04
1.193477699816226959e+04
1.194488265180587769e+04
1.195498830544948578e+04
1.196509395921230316e+04
1.197519961285591125e+04
1.198530526649951935e+04
1.199541092026233673e+04
1.200551657390594482e+04
1.201562222754955292e+04
1.202572788131237030e+04
1.203583353495597839e+04
1.204593918859958649e+04
1.205604484236240387e+04
1.206615049600601196e+04
1.207625614964962006e+04
1.208636180341243744e+04
1.209646745705604553e+04
1.210657311069965363e+04
1.211667876446247101e+04
1.212678441810607910e+04
1.213689007174968719e+04
1.214699572551250458e+04
1.215710137915611267e+04
1.216720703279972076e+04
1.217731268656253815e+04
1.218741834020614624e+04
1.219752399384975433e+04
1.220762964749336243e+04
1.221773530125617981e+04
1.222784095489978790e+04
1.223794660854339600e+04
1.224805226230621338e+04
1.225815791594982147e+04
1.226826356959342957e+04
1.227836922335624695e+04
1.228847487699985504e+04
1.229858053064346313e+04
1.230868618440628052e+04
1.231879183804988861e+04
1.232889749169349670e+04
1.233900314545631409e+04
1.234910879909992218e+04
1.235921445274353027e+04
1.236932010650634766e+04
1.237942576014995575e+04
1.238953141379356384e+04
1.239963706755638123e+04
1.240974272119998932e+04
1.241984837484359741e+04
1.242995402860641479e+04
1.244005968225002289e+04
1.245016533589363098e+04
1.246027098953723907e+04
1.247037664330005646e+04
1.248048229694366455e+04
1.249058795058727264e+04
1.250069360435009003e+04
1.251079925799369812e+04
1.252090491163730621e+04
1.253101056540012360e+04
1.254111621904373169e+04
1.255122187268733978e+04
1.256132752645015717e+04
1.257143318009376526e+04
1.258153883373737335e+04
1.259164448750019073e+04
1.260175014114379883e+04
1.261185579478740692e+04
1.262196144855022430e+04
1.263206710219383240e+04
1.264217275583744049e+04
1.265227840960025787e+04
1.266238406324386597e+04
1.267248971688747406e+04
1.268259537065029144e+04
1.269270102429389954e+04
1.270280667793750763e+04
1.271291233158111572e+04
1.272301798534393311e+04
1.273312363898754120e+04
1.274322929263114929e+04
1.275333494639396667e+04
1.276344060003757477e+04
1.277354625368118286e+04
1.278365190744400024e+04
1.279375756108760834e+04
1.280386321473121643e+04
1.281396886849403381e+04
1.282407452213764191e+04
1.283418017578125000e+04
1.284428582954406738e+04
1.285439148318767548e+04
1.286449713683128357e+04
1.287460279059410095e+04
1.288470844423770905e+04
1.289481409788131714e+04
1.290491975164413452e+04
1.291502540528774261e+04
1.292513105893135071e+04
1.293523671269416809e+04
1.294534236633777618e+04
1.295544801998138428e+04
1.296555367362499237e+04
1.297565932738780975e+04
1.298576498103141785e+04
1.299587063467502594e+04
1.300597628843784332e+04
1.301608194208145142e+04
1.302618759572505951e+04
1.303629324948787689e+04
1.304639890313148499e+04
1.305650455677509308e+04
1.306661021053791046e+04
1.307671586418151855e+04
1.308682151782512665e+04
1.309692717158794403e+04
1.310703282523155212e+04
1.311713847887516022e+04
1.312724413263797760e+04
1.313734978628158569e+04
1.314745543992519379e+04
1.315756109368801117e+04
1.316766674733161926e+04
1.317777240097522736e+04
1.318787805473804474e+04
1.319798370838165283e+04
1.320808936202526093e+04
1.321819501566886902e+04
1.322830066943168640e+04
1.323840632307529449e+04
1.324851197671890259e+04
1.325861763048171997e+04
1.326872328412532806e+04
1.327882893776893616e+04
1.328893459153175354e+04
1.329904024517536163e+04
1.330914589881896973e+04
1.331925155258178711e+04
1.332935720622539520e+04
1.333946285986900330e+04
1.334956851363182068e+04
1.335967416727542877e+04
1.336977982091903687e+04
1.337988547468185425e+04
1.338999112832546234e+04
1.340009678196907043e+04
1.341020243573188782e+04
1.342030808937549591e+04
1.343041374301910400e+04
1.344051939678192139e+04
1.345062505042552948e+04
1.346073070406913757e+04
1.347083635771274567e+04
1.348094201147556305e+04
1.349104766511917114e+04
1.350115331876277924e+04
1.351125897252559662e+04
1.352136462616920471e+04
1.353147027981281281e+04
1.354157593357563019e+04
1.355168158721923828e+04
1.356178724086284637e+04
1.357189289462566376e+04
1.358199854826927185e+04
1.359210420191287994e+04
1.360220985567569733e+04
1.361231550931930542e+04
1.362242116296291351e+04
1.363252681672573090e+04
1.364263247036933899e+04
1.365273812401294708e+04
1.366284377777576447e+04
1.367294943141937256e+04
1.368305508506298065e+04
1.369316073882579803e+04
1.370326639246940613e+04
1.371337204611301422e+04
1.372347769975662231e+04
1.373358335351943970e+04
1.374368900716304779e+04
1.375379466080665588e+04
1.376390031456947327e+04
1.377400596821308136e+04
1.378411162185668945e+04
1.379421727561950684e+04
1.380432292926311493e+04
1.381442858290672302e+04
1.382453423666954041e+04
1.383463989031314850e+04
1.384474554395675659e+04
1.385485119771957397e+04
1.386495685136318207e+04
1.387506250500679016e+04
1.388516815876960754e+04
1.389527381241321564e+04
1.390537946605682373e+04
1.391548511981964111e+04
1.392559077346324921e+04
1.393569642710685730e+04
1.394580208086967468e+04
1.395590773451328278e+04
1.396601338815689087e+04
1.397611904180049896e+04
1.398622469556331635e+04
1.399633034920692444e+04
1.400643600285053253e+04
1.401654165661334991e+04
1.402664731025695801e+04
1.403675296390056610e+04
1.404685861766338348e+04
1.405696427130699158e+04
1.406706992495059967e+04
1.407717557871341705e+04
1.408728123235702515e+04
1.409738688600063324e+04
1.410749253976345062e+04
1.411759819340705872e+04
1.412770384705066681e+04
1.413780950081348419e+04
1.414791515445709229e+04
1.415802080810070038e+04
1.416812646186351776e+04
1.417823211550712585e+04
1.418833776915073395e+04
1.419844342291355133e+04
1.420854907655715942e+04
1.421865473020076752e+04
1.422876038384437561e+04
1.423886603760719299e+04
1.424897169125080109e+04
1.425907734489440918e+04
1.426918299865722656e+04
1.427928865230083466e+04
1.428939430594444275e+04
1.429949995970726013e+04
1.430960561335086823e+04
1.431971126699447632e+04
1.432981692075729370e+04
1.433992257440090179e+04
1.435002822804450989e+04
1.436013388180732727e+04
1.437023953545093536e+04
1.438034518909454346e+04
1.439045084285736084e+04
1.440055649650096893e+04
1.441066215014457703e+04
1.442076780390739441e+04
1.443087345755100250e+04
1.444097911119461060e+04
1.445108476495742798e+04
1.446119041860103607e+04
1.447129607224464417e+04
1.448140172588825226e+04
1.449150737965106964e+04
1.450161303329467773e+04
1.451171868693828583e+04
1.452182434070110321e+04
1.453192999434471130e+04
1.454203564798831940e+04
1.455214130175113678e+04
1.456224695539474487e+04
1.457235260903835297e+04
1.458245826280117035e+04
1.459256391644477844e+04
1.460266957008838654e+04
1.461277522385120392e+04
1.462288087749481201e+04
1.463298653113842010e+04
1.464309218490123749e+04
1.465319783854484558e+04
1.466330349218845367e+04
1.467340914595127106e+04
1.468351479959487915e+04
1.469362045323848724e+04
1.470372610700130463e+04
1.471383176064491272e+04
1.472393741428852081e+04
1.473404306793212891e+04
1.474414872169494629e+04
1.475425437533855438e+04
1.476436002898216248e+04
1.477446568274497986e+04
1.478457133638858795e+04
1.479467699003219604e+04
1.480478264379501343e+04
1.481488829743862152e+04
1.482499395108222961e+04
1.483509960484504700e+04
1.484520525848865509e+04
1.485531091213226318e+04
1.486541656589508057e+04
1.487552221953868866e+04
1.488562787318229675e+04
1.489573352694511414e+04
1.490583918058872223e+04
1.491594483423233032e+04
1.492605048799514771e+04
1.493615614163875580e+04
1.494626179528236389e+04
1.495636744904518127e+04
1.496647310268878937e+04
1.497657875633239746e+04
1.498668440997600555e+04
1.499679006373882294e+04
1.500689571738243103e+04
1.501700137102603912e+04
1.502710702478885651e+04
1.503721267843246460e+04
1.504731833207607269e+04
1.505742398583889008e+04
1.506752963948249817e+04
1.507763529312610626e+04
1.508774094688892365e+04
1.509784660053253174e+04
1.510795225417613983e+04
1.511805790793895721e+04
1.512816356158256531e+04
1.513826921522617340e+04
1.514837486898899078e+04
1.515848052263259888e+04
1.516858617627620697e+04
1.517869183003902435e+04
1.518879748368263245e+04
1.519890313732624054e+04
1.520900879108905792e+04
1.521911444473266602e+04
1.522922009837627411e+04
1.523932575201988220e+04
1.524943140578269958e+04
1.525953705942630768e+04
1.526964271306991577e+04
1.527974836683273315e+04
1.528985402047634125e+04
1.529995967411994934e+04
1.531006532788276672e+04
1.532017098152637482e+04
1.533027663516998291e+04
1.534038228893280029e+04
1.535048794257640839e+04
1.536059359622001648e+04
1.537069924998283386e+04
1.538080490362644196e+04
1.539091055727005005e+04
1.540101621103286743e+04
1.541112186467647552e+04
1.542122751832008362e+04
1.543133317208290100e+04
1.544143882572650909e+04
1.545154447937011719e+04
1.546165013313293457e+04
1.547175578677654266e+04
1.548186144042015076e+04
1.549196709406375885e+04
1.550207274782657623e+04
1.551217840147018433e+04
1.552228405511379242e+04
1.553238970887660980e+04
1.554249536252021790e+04
1.555260101616382599e+04
1.556270666992664337e+04
1.557281232357025146e+04
1.558291797721385956e+04
1.559302363097667694e+04
1.560312928462028503e+04
1.561323493826389313e+04
1.562334059202671051e+04
1.563344624567031860e+04
1.564355189931392670e+04
1.565365755307674408e+04
1.566376320672035217e+04
1.567386886036396027e+04
1.568397451412677765e+04
1.569408016777038574e+04
1.570418582141399384e+04
1.571429147517681122e+04
1.572439712882041931e+04
1.573450278246402740e+04
1.574460843610763550e+04
1.575471408987045288e+04
1.576481974351406097e+04
1.577492539715766907e+04
1.578503105092048645e+04
1.579513670456409454e+04
1.580524235820770264e+04
1.581534801197052002e+04
1.582545366561412811e+04
1.583555931925773621e+04
1.584566497302055359e+04
1.585577062666416168e+04
1.586587628030776978e+04
1.587598193407058716e+04
1.588608758771419525e+04
1.589619324135780334e+04
1.590629889512062073e+04
1.591640454876422882e+04
1.592651020240783691e+04
1.593661585617065430e+04
1.594672150981426239e+04
1.595682716345787048e+04
1.596693281722068787e+04
1.597703847086429596e+04
1.598714412450790405e+04
1.599724977815151215e+04
1.600735543191432953e+04
1.601746108555793762e+04
1.602756673920154572e+04
1.603767239296436310e+04
1.604777804660797119e+04
1.605788370025157928e+04
1.606798935401439667e+04
1.607809500765800476e+04
1.608820066130161285e+04
1.609830631506443024e+04
1.610841196870803833e+04
1.611851762235164642e+04
1.612862327611446381e+04
1.613872892975807190e+04
1.614883458340167999e+04
1.615894023716449738e+04
1.616904589080810547e+04
1.617915154445171356e+04
1.618925719821453094e+04
1.619936285185813904e+04
1.620946850550174713e+04
1.621957415926456451e+04
1.622967981290817261e+04
1.623978546655178070e+04
1.624989112019538879e+04
1.625999677395820618e+04
1.627010242760181427e+04
1.628020808124542236e+04
1.629031373500823975e+04
1.630041938865184784e+04
1.631052504229545593e+04
1.632063069605827332e+04
1.633073634970188141e+04
1.634084200334548950e+04
1.635094765710830688e+04
1.636105331075191498e+04
1.637115896439552307e+04
1.638126461815834045e+04
1.639137027180194855e+04
1.640147592544555664e+04
1.641158157920837402e+04
1.642168723285198212e+04
1.643179288649559021e+04
1.644189854025840759e+04
1.645200419390201569e+04
1.646210984754562378e+04
1.647221550130844116e+04
1.648232115495204926e+04
1.649242680859565735e+04
1.650253246223926544e+04
1.651263811600208282e+04
1.652274376964569092e+04
1.653284942328929901e+04
1.654295507705211639e+04
1.655306073069572449e+04
1.656316638433933258e+04
1.657327203810214996e+04
1.658337769174575806e+04
1.659348334538936615e+04
1.660358899915218353e+04
1.661369465279579163e+04
1.662380030643939972e+04
1.663390596020221710e+04
1.664401161384582520e+04
1.665411726748943329e+04
1.666422292125225067e+04
1.667432857489585876e+04
1.668443422853946686e+04
1.669453988230228424e+04
1.670464553594589233e+04
1.671475118958950043e+04
1.672485684335231781e+04
1.673496249699592590e+04
1.674506815063953400e+04
1.675517380428314209e+04
1.676527945804595947e+04
1.677538511168956757e+04
1.678549076533317566e+04
1.679559641909599304e+04
1.680570207273960114e+04
1.681580772638320923e+04
1.682591338014602661e+04
1.683601903378963470e+04
1.684612468743324280e+04
1.685623034119606018e+04
1.686633599483966827e+04
1.687644164848327637e+04
1.688654730224609375e+04
1.689665295588970184e+04
1.690675860953330994e+04
1.691686426329612732e+04
1.692696991693973541e+04
1.693707557058334351e+04
1.694718122434616089e+04
1.695728687798976898e+04
1.696739253163337708e+04
1.697749818539619446e+04
1.698760383903980255e+04
1.699770949268341064e+04
1.700781514632701874e+04
1.701792080008983612e+04
1.702802645373344421e+04
1.703813210737705231e+04
1.704823776113986969e+04
1.705834341478347778e+04
1.706844906842708588e+04
1.707855472218990326e+04
1.708866037583351135e+04
1.709876602947711945e+04
1.710887168323993683e+04
1.711897733688354492e+04
1.712908299052715302e+04
1.713918864428997040e+04
1.714929429793357849e+04
1.715939995157718658e+04
1.716950560534000397e+04
1.717961125898361206e+04
1.718971691262722015e+04
1.719982256639003754e+04
1.720992822003364563e+04
1.722003387367725372e+04
1.723013952744007111e+04
1.724024518108367920e+04
1.725035083472728729e+04
1.726045648837089539e+04
1.727056214213371277e+04
1.728066779577732086e+04
1.729077344942092896e+04
1.730087910318374634e+04
1.731098475682735443e+04
1.732109041047096252e+04
1.733119606423377991e+04
1.734130171787738800e+04
1.735140737152099609e+04
1.736151302528381348e+04
1.737161867892742157e+04
1.738172433257102966e+04
1.739182998633384705e+04
1.740193563997745514e+04
1.741204129362106323e+04
1.742214694738388062e+04
1.743225260102748871e+04
1.744235825467109680e+04
1.745246390843391418e+04
1.746256956207752228e+04
1.747267521572113037e+04
1.748278086948394775e+04
1.749288652312755585e+04
1.750299217677116394e+04
1.751309783041477203e+04
1.752320348417758942e+04
1.753330913782119751e+04
1.754341479146480560e+04
1.755352044522762299e+04
1.756362609887123108e+04
1.757373175251483917e+04
1.758383740627765656e+04
1.759394305992126465e+04
1.760404871356487274e+04
1.761415436732769012e+04
1.762426002097129822e+04
1.763436567461490631e+04
1.764447132837772369e+04
1.765457698202133179e+04
1.766468263566493988e+04
1.767478828942775726e+04
1.768489394307136536e+04
1.769499959671497345e+04
1.770510525047779083e+04
1.771521090412139893e+04
1.772531655776500702e+04
1.773542221152782440e+04
1.774552786517143250e+04
1.775563351881504059e+04
1.776573917245864868e+04
1.777584482622146606e+04
1.778595047986507416e+04
1.779605613350868225e+04
1.780616178727149963e+04
1.781626744091510773e+04
1.782637309455871582e+04
1.783647874832153320e+04
1.784658440196514130e+04
1.785669005560874939e+04
1.786679570937156677e+04
1.787690136301517487e+04
1.788700701665878296e+04
1.789711267042160034e+04
1.790721832406520844e+04
1.791732397770881653e+04
1.792742963147163391e+04
1.793753528511524200e+04
1.794764093875885010e+04
1.795774659252166748e+04
1.796785224616527557e+04
1.797795789980888367e+04
1.798806355357170105e+04
1.799816920721530914e+04
1.800827486085891724e+04
1.801838051450252533e+04
1.802848616826534271e+04
1.803859182190895081e+04
1.804869747555255890e+04
1.805880312931537628e+04
1.806890878295898438e+04
1.807901443660259247e+04
1.808912009036540985e+04
1.809922574400901794e+04
1.810933139765262604e+04
1.811943705141544342e+04
1.812954270505905151e+04
1.813964835870265961e+04
1.814975401246547699e+04
1.815985966610908508e+04
1.816996531975269318e+04
1.818007097351551056e+04
1.819017662715911865e+04
1.820028228080272675e+04
1.821038793456554413e+04
1.822049358820915222e+04
1.823059924185276031e+04
1.824070489561557770e+04
1.825081054925918579e+04
1.826091620290279388e+04
1.827102185654640198e+04
1.828112751030921936e+04
1.829123316395282745e+04
1.830133881759643555e+04
1.831144447135925293e+04
1.832155012500286102e+04
1.833165577864646912e+04
1.834176143240928650e+04
1.835186708605289459e+04
1.836197273969650269e+04
1.837207839345932007e+04
1.838218404710292816e+04
1.839228970074653625e+04
1.840239535450935364e+04
1.841250100815296173e+04
1.842260666179656982e+04
1.843271231555938721e+04
1.844281796920299530e+04
1.845292362284660339e+04
1.846302927660942078e+04
1.847313493025302887e+04
1.848324058389663696e+04
1.849334623754024506e+04
1.850345189130306244e+04
1.851355754494667053e+04
1.852366319859027863e+04
1.853376885235309601e+04
1.854387450599670410e+04
1.855398015964031219e+04
1.856408581340312958e+04
1.857419146704673767e+04
1.858429712069034576e+04
1.859440277445316315e+04
1.860450842809677124e+04
1.861461408174037933e+04
1.862471973550319672e+04
1.863482538914680481e+04
1.864493104279041290e+04
1.865503669655323029e+04
1.866514235019683838e+04
1.867524800384044647e+04
1.868535365760326385e+04
1.869545931124687195e+04
1.870556496489048004e+04
1.871567061865329742e+04
1.872577627229690552e+04
1.873588192594051361e+04
1.874598757958412170e+04
1.875609323334693909e+04
1.876619888699054718e+04
1.877630454063415527e+04
1.878641019439697266e+04
1.879651584804058075e+04
1.880662150168418884e+04
1.881672715544700623e+04
1.882683280909061432e+04
1.883693846273422241e+04
1.884704411649703979e+04
1.885714977014064789e+04
1.886725542378425598e+04
1.887736107754707336e+04
1.888746673119068146e+04
1.889757238483428955e+04
1.890767803859710693e+04
1.891778369224071503e+04
1.892788934588432312e+04
1.893799499964714050e+04
1.894810065329074860e+04
1.895820630693435669e+04
1.896831196069717407e+04
1.897841761434078217e+04
1.898852326798439026e+04
1.899862892162799835e+04
1.900873457539081573e+04
1.901884022903442383e+04
1.902894588267803192e+04
1.903905153644084930e+04
1.904915719008445740e+04
1.905926284372806549e+04
1.906936849749088287e+04
1.907947415113449097e+04
1.908957980477809906e+04
1.909968545854091644e+04
1.910979111218452454e+04
1.911989676582813263e+04
1.913000241959095001e+04
1.914010807323455811e+04
1.915021372687816620e+04
1.916031938064098358e+04
1.917042503428459167e+04
1.918053068792819977e+04
1.919063634169101715e+04
1.920074199533462524e+04
1.921084764897823334e+04
1.922095330274105072e+04
1.923105895638465881e+04
1.924116461002826691e+04
1.925127026367187500e+04
1.926137591743469238e+04
1.927148157107830048e+04
1.928158722472190857e+04
1.929169287848472595e+04
1.930179853212833405e+04
1.931190418577194214e+04
1.932200983953475952e+04
1.933211549317836761e+04
1.934222114682197571e+04
1.935232680058479309e+04
1.936243245422840118e+04
1.937253810787200928e+04
1.938264376163482666e+04
1.939274941527843475e+04
1.940285506892204285e+04
1.941296072268486023e+04
1.942306637632846832e+04
1.943317202997207642e+04
1.944327768373489380e+04
1.945338333737850189e+04
1.946348899102210999e+04
1.947359464478492737e+04
1.948370029842853546e+04
1.949380595207214355e+04
1.950391160571575165e+04
1.951401725947856903e+04
1.952412291312217712e+04
1.953422856676578522e+04
1.954433422052860260e+04
1.955443987417221069e+04
1.956454552781581879e+04
1.957465118157863617e+04
1.958475683522224426e+04
1.959486248886585236e+04
1.960496814262866974e+04
1.961507379627227783e+04
1.962517944991588593e+04
1.963528510367870331e+04
1.964539075732231140e+04
1.965549641096591949e+04
1.966560206472873688e+04
1.967570771837234497e+04
1.968581337201595306e+04
1.969591902577877045e+04
1.970602467942237854e+04
1.971613033306598663e+04
1.972623598682880402e+04
1.973634164047241211e+04
1.974644729411602020e+04
1.975655294775962830e+04
1.976665860152244568e+04
1.977676425516605377e+04
1.978686990880966187e+04
1.979697556257247925e+04
1.980708121621608734e+04
1.981718686985969543e+04
1.982729252362251282e+04
1.983739817726612091e+04
1.984750383090972900e+04
1.985760948467254639e+04
1.986771513831615448e+04
1.987782079195976257e+04
1.988792644572257996e+04
1.989803209936618805e+04
1.990813775300979614e+04
1.991824340677261353e+04
1.992834906041622162e+04
1.993845471405982971e+04
1.994856036782264709e+04
1.995866602146625519e+04
1.996877167510986328e+04
1.997887732887268066e+04
1.998898298251628876e+04
1.999908863615989685e+04
2.000919428980350494e+04
2.001929994356632233e+04
2.002940559720993042e+04
2.003951125085353851e+04
2.004961690461635590e+04
2.005972255825996399e+04
2.006982821190357208e+04
2.007993386566638947e+04
2.009003951930999756e+04
2.010014517295360565e+04
2.011025082671642303e+04
2.012035648036003113e+04
2.013046213400363922e+04
2.014056778776645660e+04
2.015067344141006470e+04
2.016077909505367279e+04
2.017088474881649017e+04
2.018099040246009827e+04
2.019109605610370636e+04
2.020120170986652374e+04
2.021130736351013184e+04
2.022141301715373993e+04
2.023151867091655731e+04
2.024162432456016541e+04
2.025172997820377350e+04
2.026183563184738159e+04
2.027194128561019897e+04
2.028204693925380707e+04
2.029215259289741516e+04
2.030225824666023254e+04
2.031236390030384064e+04
2.032246955394744873e+04
2.033257520771026611e+04
2.034268086135387421e+04
2.035278651499748230e+04
2.036289216876029968e+04
2.037299782240390778e+04
2.038310347604751587e+04
2.039320912981033325e+04
2.040331478345394135e+04
2.041342043709754944e+04
2.042352609086036682e+04
2.043363174450397491e+04
2.044373739814758301e+04
2.045384305191040039e+04
2.046394870555400848e+04
2.047405435919761658e+04
2.048416001296043396e+04
2.049426566660404205e+04
2.050437132024765015e+04
2.051447697389125824e+04
2.052458262765407562e+04
2.053468828129768372e+04
2.054479393494129181e+04
2.055489958870410919e+04
2.056500524234771729e+04
2.057511089599132538e+04
2.058521654975414276e+04
2.059532220339775085e+04
2.060542785704135895e+04
2.061553351080417633e+04
2.062563916444778442e+04
2.063574481809139252e+04
2.064585047185420990e+04
2.065595612549781799e+04
2.066606177914142609e+04
2.067616743290424347e+04
2.068627308654785156e+04
2.069637874019145966e+04
2.070648439395427704e+04
2.071659004759788513e+04
2.072669570124149323e+04
2.073680135500431061e+04
2.074690700864791870e+04
2.075701266229152679e+04
2.076711831593513489e+04
2.077722396969795227e+04
2.078732962334156036e+04
2.079743527698516846e+04
2.080754093074798584e+04
2.081764658439159393e+04
2.082775223803520203e+04
2.083785789179801941e+04
2.084796354544162750e+04
2.085806919908523560e+04
2.086817485284805298e+04
2.087828050649166107e+04
2.088838616013526917e+04
2.089849181389808655e+04
2.090859746754169464e+04
2.091870312118530273e+04
2.092880877494812012e+04
2.093891442859172821e+04
2.094902008223533630e+04
2.095912573599815369e+04
2.096923138964176178e+04
2.097933704328536987e+04
2.098944269704818726e+04
2.099954835069179535e+04
2.100965400433540344e+04
2.101975965797901154e+04
2.102986531174182892e+04
2.103997096538543701e+04
2.105007661902904510e+04
2.106018227279186249e+04
2.107028792643547058e+04
2.108039358007907867e+04
2.109049923384189606e+04
2.110060488748550415e+04
2.111071054112911224e+04
2.112081619489192963e+04
2.113092184853553772e+04
2.114102750217914581e+04
2.115113315594196320e+04
2.116123880958557129e+04
2.117134446322917938e+04
2.118145011699199677e+04
2.119155577063560486e+04
2.120166142427921295e+04
2.121176707804203033e+04
2.122187273168563843e+04
2.123197838532924652e+04
2.124208403909206390e+04
2.125218969273567200e+04
2.126229534637928009e+04
2.127240100002288818e+04
2.128250665378570557e+04
2.129261230742931366e+04
2.130271796107292175e+04
2.131282361483573914e+04
2.132292926847934723e+04
2.133303492212295532e+04
2.134314057588577271e+04
2.135324622952938080e+04
2.136335188317298889e+04
2.137345753693580627e+04
2.138356319057941437e+04
2.139366884422302246e+04
2.140377449798583984e+04
2.141388015162944794e+04
2.142398580527305603e+04
2.143409145903587341e+04
2.144419711267948151e+04
2.145430276632308960e+04
2.146440842008590698e+04
2.147451407372951508e+04
2.148461972737312317e+04
2.149472538113594055e+04
2.150483103477954865e+04
2.151493668842315674e+04
2.152504234206676483e+04
2.153514799582958221e+04
2.154525364947319031e+04
2.155535930311679840e+04
2.156546495687961578e+04
2.157557061052322388e+04
2.158567626416683197e+04
2.159578191792964935e+04
2.160588757157325745e+04
2.161599322521686554e+04
2.162609887897968292e+04
2.163620453262329102e+04
2.164631018626689911e+04
2.165641584002971649e+04
2.166652149367332458e+04
2.167662714731693268e+04
2.168673280107975006e+04
2.169683845472335815e+04
2.170694410836696625e+04
2.171704976212978363e+04
2.172715541577339172e+04
2.173726106941699982e+04
2.174736672317981720e+04
2.175747237682342529e+04
2.176757803046703339e+04
2.177768368411064148e+04
2.178778933787345886e+04
2.179789499151706696e+04
2.180800064516067505e+04
2.181810629892349243e+04
2.182821195256710052e+04
2.183831760621070862e+04
2.184842325997352600e+04
2.185852891361713409e+04
2.186863456726074219e+04
2.187874022102355957e+04
2.188884587466716766e+04
2.189895152831077576e+04
2.190905718207359314e+04
2.191916283571720123e+04
2.192926848936080933e+04
2.193937414312362671e+04
2.194947979676723480e+04
2.195958545041084290e+04
2.196969110417366028e+04
2.197979675781726837e+04
2.198990241146087646e+04
2.200000806522369385e+04
2.201011371886730194e+04
2.202021937251091003e+04
2.203032502615451813e+04
2.204043067991733551e+04
2.205053633356094360e+04
2.206064198720455170e+04
2.207074764096736908e+04
2.208085329461097717e+04
2.209095894825458527e+04
2.210106460201740265e+04
2.211117025566101074e+04
2.212127590930461884e+04
2.213138156306743622e+04
2.214148721671104431e+04
2.215159287035465240e+04
2.216169852411746979e+04
2.217180417776107788e+04
2.218190983140468597e+04
2.219201548516750336e+04
2.220212113881111145e+04
2.221222679245471954e+04
2.222233244621753693e+04
2.223243809986114502e+04
2.224254375350475311e+04
2.225264940726757050e+04
2.226275506091117859e+04
2.227286071455478668e+04
2.228296636819839478e+04
2.229307202196121216e+04
2.230317767560482025e+04
2.231328332924842834e+04
2.232338898301124573e+04
2.233349463665485382e+04
2.234360029029846191e+04
2.235370594406127930e+04
2.236381159770488739e+04
2.237391725134849548e+04
2.238402290511131287e+04
2.239412855875492096e+04
2.240423421239852905e+04
2.241433986616134644e+04
2.242444551980495453e+04
2.243455117344856262e+04
2.244465682721138000e+04
2.245476248085498810e+04
2.246486813449859619e+04
2.247497378826141357e+04
2.248507944190502167e+04
2.249518509554862976e+04
2.250529074931144714e+04
2.251539640295505524e+04
2.252550205659866333e+04
2.253560771024227142e+04
2.254571336400508881e+04
2.255581901764869690e+04
2.256592467129230499e+04
2.257603032505512238e+04
2.258613597869873047e+04
2.259624163234233856e+04
2.260634728610515594e+04
2.261645293974876404e+04
2.262655859339237213e+04
2.263666424715518951e+04
2.264676990079879761e+04
2.265687555444240570e+04
2.266698120820522308e+04
2.267708686184883118e+04
2.268719251549243927e+04
2.269729816925525665e+04
2.270740382289886475e+04
2.271750947654247284e+04
2.272761513030529022e+04
2.273772078394889832e+04
2.274782643759250641e+04
2.275793209135532379e+04
2.276803774499893188e+04
2.277814339864253998e+04
2.278824905228614807e+04
2.279835470604896545e+04
2.280846035969257355e+04
2.281856601333618164e+04
2.282867166709899902e+04
2.283877732074260712e+04
2.284888297438621521e+04
2.285898862814903259e+04
2.286909428179264069e+04
2.287919993543624878e+04
2.288930558919906616e+04
2.289941124284267426e+04
2.290951689648628235e+04
2.291962255024909973e+04
2.292972820389270782e+04
2.293983385753631592e+04
2.294993951129913330e+04
2.296004516494274139e+04
2.297015081858634949e+04
2.298025647234916687e+04
2.299036212599277496e+04
2.300046777963638306e+04
2.301057343339920044e+04
2.302067908704280853e+04
2.303078474068641663e+04
2.304089039433002472e+04
2.305099604809284210e+04
2.306110170173645020e+04
2.307120735538005829e+04
2.308131300914287567e+04
2.309141866278648376e+04
2.310152431643009186e+04
2.311162997019290924e+04
2.312173562383651733e+04
2.313184127748012543e+04
2.314194693124294281e+04
2.315205258488655090e+04
2.316215823853015900e+04
2.317226389229297638e+04
2.318236954593658447e+04
2.319247519958019257e+04
2.320258085334300995e+04
2.321268650698661804e+04
2.322279216063022614e+04
2.323289781439304352e+04
2.324300346803665161e+04
2.325310912168025970e+04
2.326321477544307709e+04
2.327332042908668518e+04
2.328342608273029327e+04
2.329353173637390137e+04
2.330363739013671875e+04
2.331374304378032684e+04
2.332384869742393494e+04
2.333395435118675232e+04
2.334406000483036041e+04
2.335416565847396851e+04
2.336427131223678589e+04
2.337437696588039398e+04
2.338448261952400208e+04
2.339458827328681946e+04
2.340469392693042755e+04
2.341479958057403564e+04
2.342490523433685303e+04
2.343501088798046112e+04
2.344511654162406921e+04
2.345522219538688660e+04
2.346532784903049469e+04
2.347543350267410278e+04
2.348553915643692017e+04
2.349564481008052826e+04
2.350575046372413635e+04
2.351585611748695374e+04
2.352596177113056183e+04
2.353606742477416992e+04
2.354617307841777802e+04
2.355627873218059540e+04
2.356638438582420349e+04
2.357649003946781158e+04
2.358659569323062897e+04
2.359670134687423706e+04
2.360680700051784515e+04
2.361691265428066254e+04
2.362701830792427063e+04
2.363712396156787872e+04
2.364722961533069611e+04
2.365733526897430420e+04
2.366744092261791229e+04
2.367754657638072968e+04
2.368765223002433777e+04
2.369775788366794586e+04
2.370786353743076324e+04
2.371796919107437134e+04
2.372807484471797943e+04
2.373818049848079681e+04
2.374828615212440491e+04
2.375839180576801300e+04
2.376849745953083038e+04
2.377860311317443848e+04
2.378870876681804657e+04
2.379881442046165466e+04
2.380892007422447205e+04
2.381902572786808014e+04
2.382913138151168823e+04
2.383923703527450562e+04
2.384934268891811371e+04
2.385944834256172180e+04
2.386955399632453918e+04
2.387965964996814728e+04
2.388976530361175537e+04
2.389987095737457275e+04
2.390997661101818085e+04
2.392008226466178894e+04
2.393018791842460632e+04
2.394029357206821442e+04
2.395039922571182251e+04
2.396050487947463989e+04
2.397061053311824799e+04
2.398071618676185608e+04
2.399082184052467346e+04
2.400092749416828156e+04
2.401103314781188965e+04
2.402113880157470703e+04
2.403124445521831512e+04
2.404135010886192322e+04
2.405145576250553131e+04
2.406156141626834869e+04
2.407166706991195679e+04
2.408177272355556488e+04
2.409187837731838226e+04
2.410198403096199036e+04
2.411208968460559845e+04
2.412219533836841583e+04
2.413230099201202393e+04
2.414240664565563202e+04
2.415251229941844940e+04
2.416261795306205750e+04
2.417272360670566559e+04
2.418282926046848297e+04
2.419293491411209106e+04
2.420304056775569916e+04
2.421314622151851654e+04
2.422325187516212463e+04
2.423335752880573273e+04
2.424346318256855011e+04
2.425356883621215820e+04
2.426367448985576630e+04
2.427378014361858368e+04
2.428388579726219177e+04
2.429399145090579987e+04
2.430409710454940796e+04
2.431420275831222534e+04
2.432430841195583344e+04
2.433441406559944153e+04
2.434451971936225891e+04
2.435462537300586700e+04
2.436473102664947510e+04
2.437483668041229248e+04
2.438494233405590057e+04
2.439504798769950867e+04
2.440515364146232605e+04
2.441525929510593414e+04
2.442536494874954224e+04
2.443547060251235962e+04
2.444557625615596771e+04
2.445568190979957581e+04
2.446578756356239319e+04
2.447589321720600128e+04
2.448599887084960938e+04
2.449610452461242676e+04
2.450621017825603485e+04
2.451631583189964294e+04
2.452642148566246033e+04
2.453652713930606842e+04
2.454663279294967651e+04
2.455673844659328461e+04
2.456684410035610199e+04
2.457694975399971008e+04
2.458705540764331818e+04
2.459716106140613556e+04
2.460726671504974365e+04
2.461737236869335175e+04
2.462747802245616913e+04
2.463758367609977722e+04
2.464768932974338531e+04
2.465779498350620270e+04
2.466790063714981079e+04
2.467800629079341888e+04
2.468811194455623627e+04
2.469821759819984436e+04
2.470832325184345245e+04
2.471842890560626984e+04
2.472853455924987793e+04
2.473864021289348602e+04
2.474874586665630341e+04
2.475885152029991150e+04
2.476895717394351959e+04
2.477906282770633698e+04
2.478916848134994507e+04
2.479927413499355316e+04
2.480937978863716125e+04
2.481948544239997864e+04
2.482959109604358673e+04
2.483969674968719482e+04
2.484980240345001221e+04
2.485990805709362030e+04
2.487001371073722839e+04
2.488011936450004578e+04
2.489022501814365387e+04
2.490033067178726196e+04
2.491043632555007935e+04
2.492054197919368744e+04
2.493064763283729553e+04
2.494075328660011292e+04
2.495085894024372101e+04
2.496096459388732910e+04
2.497107024765014648e+04
2.498117590129375458e+04
2.499128155493736267e+04
2.500138720870018005e+04
2.501149286234378815e+04
2.502159851598739624e+04
2.503170416975021362e+04
2.504180982339382172e+04
2.505191547703742981e+04
2.506202113068103790e+04
2.507212678444385529e+04
2.508223243808746338e+04
2.509233809173107147e+04
2.510244374549388885e+04
2.511254939913749695e+04
2.512265505278110504e+04
2.513276070654392242e+04
2.514286636018753052e+04
2.515297201383113861e+04
2.516307766759395599e+04
2.517318332123756409e+04
2.518328897488117218e+04
2.519339462864398956e+04
2.520350028228759766e+04
2.521360593593120575e+04
2.522371158969402313e+04
2.523381724333763123e+04
2.524392289698123932e+04
2.525402855074405670e+04
2.526413420438766479e+04
2.527423985803127289e+04
2.528434551179409027e+04
2.529445116543769836e+04
2.530455681908130646e+04
2.531466247272491455e+04
2.532476812648773193e+04
2.533487378013134003e+04
2.534497943377494812e+04
2.535508508753776550e+04
2.536519074118137360e+04
2.537529639482498169e+04
2.538540204858779907e+04
2.539550770223140717e+04
2.540561335587501526e+04
2.541571900963783264e+04
2.542582466328144073e+04
2.543593031692504883e+04
2.544603597068786621e+04
2.545614162433147430e+04
2.546624727797508240e+04
2.547635293173789978e+04
2.548645858538150787e+04
2.549656423902511597e+04
2.550666989278793335e+04
2.551677554643154144e+04
2.552688120007514954e+04
2.553698685383796692e+04
2.554709250748157501e+04
2.555719816112518311e+04
2.556730381476879120e+04
2.557740946853160858e+04
2.558751512217521667e+04
2.559762077581882477e+04
2.560772642958164215e+04
2.561783208322525024e+04
2.562793773686885834e+04
2.563804339063167572e+04
2.564814904427528381e+04
2.565825469791889191e+04
2.566836035168170929e+04
2.567846600532531738e+04
2.568857165896892548e+04
2.569867731273174286e+04
2.570878296637535095e+04
2.571888862001895905e+04
2.572899427378177643e+04
2.573909992742538452e+04
2.574920558106899261e+04
2.575931123483181000e+04
2.576941688847541809e+04
2.577952254211902618e+04
2.578962819588184357e+04
2.579973384952545166e+04
2.580983950316905975e+04
2.581994515681266785e+04
2.583005081057548523e+04
2.584015646421909332e+04
2.585026211786270142e+04
2.586036777162551880e+04
2.587047342526912689e+04
2.588057907891273499e+04
2.589068473267555237e+04
2.590079038631916046e+04
2.591089603996276855e+04
2.592100169372558594e+04
2.593110734736919403e+04
2.594121300101280212e+04
2.595131865477561951e+04
2.596142430841922760e+04
2.597152996206283569e+04
2.598163561582565308e+04
2.599174126946926117e+04
2.600184692311286926e+04
2.601195257687568665e+04
2.602205823051929474e+04
2.603216388416290283e+04
2.604226953780651093e+04
2.605237519156932831e+04
2.606248084521293640e+04
2.607258649885654449e+04
2.608269215261936188e+04
2.609279780626296997e+04
2.610290345990657806e+04
2.611300911366939545e+04
2.612311476731300354e+04
2.613322042095661163e+04
2.614332607471942902e+04
2.615343172836303711e+04
2.616353738200664520e+04
2.617364303576946259e+04
2.618374868941307068e+04
2.619385434305667877e+04
2.620395999681949615e+04
2.621406565046310425e+04
2.622417130410671234e+04
2.623427695786952972e+04
2.624438261151313782e+04
2.625448826515674591e+04
2.626459391891956329e+04
2.627469957256317139e+04
2.628480522620677948e+04
2.629491087985038757e+04
2.630501653361320496e+04
2.631512218725681305e+04
2.632522784090042114e+04
2.633533349466323853e+04
2.634543914830684662e+04
2.635554480195045471e+04
2.636565045571327209e+04
2.637575610935688019e+04
2.638586176300048828e+04
2.639596741676330566e+04
2.640607307040691376e+04
2.641617872405052185e+04
2.642628437781333923e+04
2.643639003145694733e+04
2.644649568510055542e+04
2.645660133886337280e+04
2.646670699250698090e+04
2.647681264615058899e+04
2.648691829991340637e+04
2.649702395355701447e+04
2.650712960720062256e+04
2.651723526096343994e+04
2.652734091460704803e+04
2.653744656825065613e+04
2.654755222189426422e+04
2.655765787565708160e+04
2.656776352930068970e+04
2.657786918294429779e+04
2.658797483670711517e+04
2.659808049035072327e+04
2.660818614399433136e+04
2.661829179775714874e+04
2.662839745140075684e+04
2.663850310504436493e+04
2.664860875880718231e+04
2.665871441245079041e+04
2.666882006609439850e+04
2.667892571985721588e+04
2.668903137350082397e+04
2.669913702714443207e+04
2.670924268090724945e+04
2.671934833455085754e+04
2.672945398819446564e+04
2.673955964195728302e+04
2.674966529560089111e+04
2.675977094924449921e+04
2.676987660300731659e+04
2.677998225665092468e+04
2.679008791029453278e+04
2.680019356393814087e+04
2.681029921770095825e+04
2.682040487134456635e+04
2.683051052498817444e+04
2.684061617875099182e+04
2.685072183239459991e+04
2.686082748603820801e+04
2.687093313980102539e+04
2.688103879344463348e+04
2.689114444708824158e+04
2.690125010085105896e+04
2.691135575449466705e+04
2.692146140813827515e+04
2.693156706190109253e+04
2.694167271554470062e+04
2.695177836918830872e+04
2.696188402295112610e+04
2.697198967659473419e+04
2.698209533023834229e+04
2.699220098400115967e+04
2.700230663764476776e+04
2.701241229128837585e+04
2.702251794505119324e+04
2.703262359869480133e+04
2.704272925233840942e+04
2.705283490598201752e+04
2.706294055974483490e+04
2.707304621338844299e+04
2.708315186703205109e+04
2.709325752079486847e+04
2.710336317443847656e+04
2.711346882808208466e+04
2.712357448184490204e+04
2.713368013548851013e+04
2.714378578913211823e+04
2.715389144289493561e+04
2.716399709653854370e+04
2.717410275018215179e+04
2.718420840394496918e+04
2.719431405758857727e+04
2.720441971123218536e+04
2.721452536499500275e+04
2.722463101863861084e+04
2.723473667228221893e+04
2.724484232604503632e+04
2.725494797968864441e+04
2.726505363333225250e+04
2.727515928709506989e+04
2.728526494073867798e+04
2.729537059438228607e+04
2.730547624802589417e+04
2.731558190178871155e+04
2.732568755543231964e+04
2.733579320907592773e+04
2.734589886283874512e+04
2.735600451648235321e+04
2.736611017012596130e+04
2.737621582388877869e+04
2.738632147753238678e+04
2.739642713117599487e+04
2.740653278493881226e+04
2.741663843858242035e+04
2.742674409222602844e+04
2.743684974598884583e+04
2.744695539963245392e+04
2.745706105327606201e+04
2.746716670703887939e+04
2.747727236068248749e+04
2.748737801432609558e+04
2.749748366808891296e+04
2.750758932173252106e+04
2.751769497537612915e+04
2.752780062913894653e+04
2.753790628278255463e+04
2.754801193642616272e+04
2.755811759006977081e+04
2.756822324383258820e+04
2.757832889747619629e+04
2.758843455111980438e+04
2.759854020488262177e+04
2.760864585852622986e+04
2.761875151216983795e+04
2.762885716593265533e+04
2.763896281957626343e+04
2.764906847321987152e+04
2.765917412698268890e+04
2.766927978062629700e+04
2.767938543426990509e+04
2.768949108803272247e+04
2.769959674167633057e+04
2.770970239531993866e+04
2.771980804908275604e+04
2.772991370272636414e+04
2.774001935636997223e+04
2.775012501013278961e+04
2.776023066377639771e+04
2.777033631742000580e+04
2.778044197118282318e+04
2.779054762482643127e+04
2.780065327847003937e+04
2.781075893211364746e+04
2.782086458587646484e+04
2.783097023952007294e+04
2.784107589316368103e+04
2.785118154692649841e+04
2.786128720057010651e+04
2.787139285421371460e+04
2.788149850797653198e+04
2.789160416162014008e+04
2.790170981526374817e+04
2.791181546902656555e+04
2.792192112267017365e+04
2.793202677631378174e+04
2.794213243007659912e+04
2.795223808372020721e+04
2.796234373736381531e+04
2.797244939112663269e+04
2.798255504477024078e+04
2.799266069841384888e+04
2.800276635217666626e+04
2.801287200582027435e+04
2.802297765946388245e+04
2.803308331322669983e+04
2.804318896687030792e+04
2.805329462051391602e+04
2.806340027415752411e+04
2.807350592792034149e+04
2.808361158156394958e+04
2.809371723520755768e+04
2.810382288897037506e+04
2.811392854261398315e+04
2.812403419625759125e+04
2.813413985002040863e+04
2.814424550366401672e+04
2.815435115730762482e+04
2.816445681107044220e+04
2.817456246471405029e+04
2.818466811835765839e+04
2.819477377212047577e+04
2.820487942576408386e+04
2.821498507940769196e+04
2.822509073317050934e+04
2.823519638681411743e+04
2.824530204045772552e+04
2.825540769422054291e+04
2.826551334786415100e+04
2.827561900150775909e+04
2.828572465527057648e+04
2.829583030891418457e+04
2.830593596255779266e+04
2.831604161620140076e+04
2.832614726996421814e+04
2.833625292360782623e+04
2.834635857725143433e+04
2.835646423101425171e+04
2.836656988465785980e+04
2.837667553830146790e+04
2.838678119206428528e+04
2.839688684570789337e+04
2.840699249935150146e+04
2.841709815311431885e+04
2.842720380675792694e+04
2.843730946040153503e+04
2.844741511416435242e+04
2.845752076780796051e+04
2.846762642145156860e+04
2.847773207521438599e+04
2.848783772885799408e+04
2.849794338250160217e+04
2.850804903626441956e+04
2.851815468990802765e+04
2.852826034355163574e+04
2.853836599731445312e+04
2.854847165095806122e+04
2.855857730460166931e+04
2.856868295824527740e+04
2.857878861200809479e+04
2.858889426565170288e+04
2.859899991929531097e+04
2.860910557305812836e+04
2.861921122670173645e+04
2.862931688034534454e+04
2.863942253410816193e+04
2.864952818775177002e+04
2.865963384139537811e+04
2.866973949515819550e+04
2.867984514880180359e+04
2.868995080244541168e+04
2.870005645620822906e+04
2.871016210985183716e+04
2.872026776349544525e+04
2.873037341725826263e+04
2.874047907090187073e+04
2.875058472454547882e+04
2.876069037830829620e+04
2.877079603195190430e+04
2.878090168559551239e+04
2.879100733935832977e+04
2.880111299300193787e+04
2.881121864664554596e+04
2.882132430028915405e+04
2.883142995405197144e+04
2.884153560769557953e+04
2.885164126133918762e+04
2.886174691510200500e+04
2.887185256874561310e+04
2.888195822238922119e+04
2.889206387615203857e+04
2.890216952979564667e+04
2.891227518343925476e+04
2.892238083720207214e+04
2.893248649084568024e+04
2.894259214448928833e+04
2.895269779825210571e+04
2.896280345189571381e+04
2.897290910553932190e+04
2.898301475930213928e+04
2.899312041294574738e+04
2.900322606658935547e+04
2.901333172035217285e+04
2.902343737399578094e+04
2.903354302763938904e+04
2.904364868140220642e+04
2.905375433504581451e+04
2.906385998868942261e+04
2.907396564233303070e+04
2.908407129609584808e+04
2.909417694973945618e+04
2.910428260338306427e+04
2.911438825714588165e+04
2.912449391078948975e+04
2.913459956443309784e+04
2.914470521819591522e+04
2.915481087183952332e+04
2.916491652548313141e+04
2.917502217924594879e+04
2.918512783288955688e+04
2.919523348653316498e+04
2.920533914029598236e+04
2.921544479393959045e+04
2.922555044758319855e+04
2.923565610134601593e+04
2.924576175498962402e+04
2.925586740863323212e+04
2.926597306239604950e+04
2.927607871603965759e+04
2.928618436968326569e+04
2.929629002344608307e+04
2.930639567708969116e+04
2.931650133073329926e+04
2.932660698437690735e+04
2.933671263813972473e+04
2.934681829178333282e+04
2.935692394542694092e+04
2.936702959918975830e+04
2.937713525283336639e+04
2.938724090647697449e+04
2.939734656023979187e+04
2.940745221388339996e+04
2.941755786752700806e+04
2.942766352128982544e+04
2.943776917493343353e+04
2.944787482857704163e+04
2.945798048233985901e+04
2.946808613598346710e+04
2.947819178962707520e+04
2.948829744338989258e+04
2.949840309703350067e+04
2.950850875067710876e+04
2.951861440443992615e+04
2.952872005808353424e+04
2.953882571172714233e+04
2.954893136548995972e+04
2.955903701913356781e+04
2.956914267277717590e+04
2.957924832642078400e+04
2.958935398018360138e+04
2.959945963382720947e+04
2.960956528747081757e+04
2.961967094123363495e+04
2.962977659487724304e+04
2.963988224852085114e+04
2.964998790228366852e+04
2.966009355592727661e+04
2.967019920957088470e+04
2.968030486333370209e+04
2.969041051697731018e+04
2.970051617062091827e+04
2.971062182438373566e+04
2.972072747802734375e+04
2.973083313167095184e+04
2.974093878543376923e+04
2.975104443907737732e+04
2.976115009272098541e+04
2.977125574648380280e+04
2.978136140012741089e+04
2.979146705377101898e+04
2.980157270753383636e+04
2.981167836117744446e+04
2.982178401482105255e+04
2.983188966846466064e+04
2.984199532222747803e+04
2.985210097587108612e+04
2.986220662951469421e+04
2.987231228327751160e+04
2.988241793692111969e+04
2.989252359056472778e+04
2.990262924432754517e+04
2.991273489797115326e+04
2.992284055161476135e+04
2.993294620537757874e+04
2.994305185902118683e+04
2.995315751266479492e+04
2.996326316642761230e+04
2.997336882007122040e+04
2.998347447371482849e+04
2.999358012747764587e+04
3.000368578112125397e+04
3.001379143476486206e+04
3.002389708852767944e+04
3.003400274217128754e+04
3.004410839581489563e+04
3.005421404957771301e+04
3.006431970322132111e+04
3.007442535686492920e+04
3.008453101050853729e+04
3.009463666427135468e+04
3.010474231791496277e+04
3.011484797155857086e+04
3.012495362532138824e+04
3.013505927896499634e+04
3.014516493260860443e+04
3.015527058637142181e+04
3.016537624001502991e+04
3.017548189365863800e+04
3.018558754742145538e+04
3.019569320106506348e+04
3.020579885470867157e+04
3.021590450847148895e+04
3.022601016211509705e+04
3.023611581575870514e+04
3.024622146952152252e+04
3.025632712316513062e+04
3.026643277680873871e+04
3.027653843057155609e+04
3.028664408421516418e+04
3.029674973785877228e+04
3.030685539162158966e+04
3.031696104526519775e+04
3.032706669890880585e+04
3.033717235255241394e+04
3.034727800631523132e+04
3.035738365995883942e+04
3.036748931360244751e+04
3.037759496736526489e+04
3.038770062100887299e+04
3.039780627465248108e+04
3.040791192841529846e+04
3.041801758205890656e+04
3.042812323570251465e+04
3.043822888946533203e+04
3.044833454310894012e+04
3.045844019675254822e+04
3.046854585051536560e+04
3.047865150415897369e+04
3.048875715780258179e+04
3.049886281156539917e+04
3.050896846520900726e+04
3.051907411885261536e+04
3.052917977261543274e+04
3.053928542625904083e+04
3.054939107990264893e+04
3.055949673366546631e+04
3.056960238730907440e+04
3.057970804095268250e+04
3.058981369459629059e+04
3.059991934835910797e+04
3.061002500200271606e+04
3.062013065564632416e+04
3.063023630940914154e+04
3.064034196305274963e+04
3.065044761669635773e+04
3.066055327045917511e+04
3.067065892410278320e+04
3.068076457774639130e+04
3.069087023150920868e+04
3.070097588515281677e+04
3.071108153879642487e+04
3.072118719255924225e+04
3.073129284620285034e+04
3.074139849984645844e+04
3.075150415360927582e+04
3.076160980725288391e+04
3.077171546089649200e+04
3.078182111465930939e+04
3.079192676830291748e+04
3.080203242194652557e+04
3.081213807570934296e+04
3.082224372935295105e+04
3.083234938299655914e+04
3.084245503664016724e+04
3.085256069040298462e+04
3.086266634404659271e+04
3.087277199769020081e+04
3.088287765145301819e+04
3.089298330509662628e+04
3.090308895874023438e+04
3.091319461250305176e+04
3.092330026614665985e+04
3.093340591979026794e+04
3.094351157355308533e+04
3.095361722719669342e+04
3.096372288084030151e+04
3.097382853460311890e+04
3.098393418824672699e+04
3.099403984189033508e+04
3.100414549565315247e+04
3.101425114929676056e+04
3.102435680294036865e+04
3.103446245670318604e+04
3.104456811034679413e+04
3.105467376399040222e+04
3.106477941775321960e+04
3.107488507139682770e+04
3.108499072504043579e+04
3.109509637868404388e+04
3.110520203244686127e+04
3.111530768609046936e+04
3.112541333973407745e+04
3.113551899349689484e+04
3.114562464714050293e+04
3.115573030078411102e+04
3.116583595454692841e+04
3.117594160819053650e+04
3.118604726183414459e+04
3.119615291559696198e+04
3.120625856924057007e+04
3.121636422288417816e+04
3.122646987664699554e+04
3.123657553029060364e+04
3.124668118393421173e+04
3.125678683769702911e+04
3.126689249134063721e+04
3.127699814498424530e+04
3.128710379874706268e+04
3.129720945239067078e+04
3.130731510603427887e+04
3.131742075979709625e+04
3.132752641344070435e+04
3.133763206708431244e+04
3.134773772072792053e+04
3.135784337449073792e+04
3.136794902813434601e+04
3.137805468177795410e+04
3.138816033554077148e+04
3.139826598918437958e+04
3.140837164282798767e+04
3.141847729659080505e+04
3.142858295023441315e+04
3.143868860387802124e+04
3.144879425764083862e+04
3.145889991128444672e+04
3.146900556492805481e+04
3.147911121869087219e+04
3.148921687233448029e+04
3.149932252597808838e+04
3.150942817974090576e+04
3.151953383338451385e+04
3.152963948702812195e+04
3.153974514079093933e+04
3.154985079443454742e+04
3.155995644807815552e+04
3.157006210184097290e+04
3.158016775548458099e+04
3.159027340912818909e+04
3.160037906277179718e+04
3.161048471653461456e+04
3.162059037017822266e+04
3.163069602382183075e+04
3.164080167758464813e+04
3.165090733122825623e+04
3.166101298487186432e+04
3.167111863863468170e+04
3.168122429227828979e+04
3.169132994592189789e+04
3.170143559968471527e+04
3.171154125332832336e+04
3.172164690697193146e+04
3.173175256073474884e+04
3.174185821437835693e+04
3.175196386802196503e+04
3.176206952178478241e+04
3.177217517542839050e+04
3.178228082907199860e+04
3.179238648283481598e+04
3.180249213647842407e+04
3.181259779012203217e+04
3.182270344388484955e+04
3.183280909752845764e+04
3.184291475117206573e+04
3.185302040481567383e+04
3.186312605857849121e+04
3.187323171222209930e+04
3.188333736586570740e+04
3.189344301962852478e+04
3.190354867327213287e+04
3.191365432691574097e+04
3.192375998067855835e+04
3.193386563432216644e+04
3.194397128796577454e+04
3.195407694172859192e+04
3.196418259537220001e+04
3.197428824901580811e+04
3.198439390277862549e+04
3.199449955642223358e+04
3.200460521006584167e+04
3.201471086382865906e+04
3.202481651747226715e+04
3.203492217111587524e+04
3.204502782487869263e+04
3.205513347852230072e+04
3.206523913216590881e+04
3.207534478592872620e+04
3.208545043957233429e+04
3.209555609321594238e+04
3.210566174685955048e+04
3.211576740062236786e+04
3.212587305426597595e+04
3.213597870790958405e+04
3.214608436167240143e+04
3.215619001531600952e+04
3.216629566895961761e+04
3.217640132272243500e+04
3.218650697636604309e+04
3.219661263000965118e+04
3.220671828377246857e+04
3.221682393741607666e+04
3.222692959105968475e+04
3.223703524482250214e+04
3.224714089846611023e+04
3.225724655210971832e+04
3.226735220587253571e+04
3.227745785951614380e+04
3.228756351315975189e+04
3.229766916692256927e+04
3.230777482056617737e+04
3.231788047420978546e+04
3.232798612797260284e+04
3.233809178161621094e+04
3.234819743525981903e+04
3.235830308890342712e+04
3.236840874266624451e+04
3.237851439630985260e+04
3.238862004995346069e+04
3.239872570371627808e+04
3.240883135735988617e+04
3.241893701100349426e+04
3.242904266476631165e+04
3.243914831840991974e+04
3.244925397205352783e+04
3.245935962581634521e+04
3.246946527945995331e+04
3.247957093310356140e+04
3.248967658686637878e+04
3.249978224050998688e+04
3.250988789415359497e+04
3.251999354791641235e+04
3.253009920156002045e+04
3.254020485520362854e+04
3.255031050896644592e+04
3.256041616261005402e+04
3.257052181625366211e+04
3.258062747001647949e+04
3.259073312366008759e+04
3.260083877730369568e+04
3.261094443094730377e+04
3.262105008471012115e+04
3.263115573835372925e+04
3.264126139199733734e+04
3.265136704576015472e+04
3.266147269940376282e+04
3.267157835304737091e+04
3.268168400681018829e+04
3.269178966045379639e+04
3.270189531409740448e+04
3.271200096786022186e+04
3.272210662150382996e+04
3.273221227514743805e+04
3.274231792891025543e+04
3.275242358255386353e+04
3.276252923619747162e+04
3.277263488996028900e+04
3.278274054360389709e+04
3.279284619724750519e+04
3.280295185101032257e+04
3.281305750465393066e+04
3.282316315829753876e+04
3.283326881206035614e+04
3.284337446570396423e+04
3.285348011934757233e+04
3.286358577299118042e+04
3.287369142675399780e+04
3.288379708039760590e+04
3.289390273404121399e+04
3.290400838780403137e+04
3.291411404144763947e+04
3.292421969509124756e+04
3.293432534885406494e+04
3.294443100249767303e+04
3.295453665614128113e+04
3.296464230990409851e+04
3.297474796354770660e+04
3.298485361719131470e+04
3.299495927095413208e+04
3.300506492459774017e+04
3.301517057824134827e+04
3.302527623200416565e+04
3.303538188564777374e+04
3.304548753929138184e+04
3.305559319305419922e+04
3.306569884669780731e+04
3.307580450034141541e+04
3.308591015410423279e+04
3.309601580774784088e+04
3.310612146139144897e+04
3.311622711503505707e+04
3.312633276879787445e+04
3.313643842244148254e+04
3.314654407608509064e+04
3.315664972984790802e+04
3.316675538349151611e+04
3.317686103713512421e+04
3.318696669089794159e+04
3.319707234454154968e+04
3.320717799818515778e+04
3.321728365194797516e+04
3.322738930559158325e+04
3.323749495923519135e+04
3.324760061299800873e+04
3.325770626664161682e+04
3.326781192028522491e+04
3.327791757404804230e+04
3.328802322769165039e+04
3.329812888133525848e+04
3.330823453509807587e+04
3.331834018874168396e+04
3.332844584238529205e+04
3.333855149602890015e+04
3.334865714979171753e+04
3.335876280343532562e+04
3.336886845707893372e+04
3.337897411084175110e+04
3.338907976448535919e+04
3.339918541812896729e+04
3.340929107189178467e+04
3.341939672553539276e+04
3.342950237917900085e+04
3.343960803294181824e+04
3.344971368658542633e+04
3.345981934022903442e+04
3.346992499399185181e+04
3.348003064763545990e+04
3.349013630127906799e+04
3.350024195504188538e+04
3.351034760868549347e+04
3.352045326232910156e+04
3.353055891609191895e+04
3.354066456973552704e+04
3.355077022337913513e+04
3.356087587714195251e+04
3.357098153078556061e+04
3.358108718442916870e+04
3.359119283807277679e+04
3.360129849183559418e+04
3.361140414547920227e+04
3.362150979912281036e+04
3.363161545288562775e+04
3.364172110652923584e+04
3.365182676017284393e+04
3.366193241393566132e+04
3.367203806757926941e+04
3.368214372122287750e+04
3.369224937498569489e+04
3.370235502862930298e+04
3.371246068227291107e+04
3.372256633603572845e+04
3.373267198967933655e+04
3.374277764332294464e+04
3.375288329708576202e+04
3.376298895072937012e+04
3.377309460437297821e+04
3.378320025813579559e+04
3.379330591177940369e+04
3.380341156542301178e+04
3.381351721918582916e+04
3.382362287282943726e+04
3.383372852647304535e+04
3.384383418011665344e+04
3.385393983387947083e+04
3.386404548752307892e+04
3.387415114116668701e+04
3.388425679492950439e+04
3.389436244857311249e+04
3.390446810221672058e+04
3.391457375597953796e+04
3.392467940962314606e+04
3.393478506326675415e+04
3.394489071702957153e+04
3.395499637067317963e+04
3.396510202431678772e+04
3.397520767807960510e+04
3.398531333172321320e+04
3.399541898536682129e+04
3.400552463912963867e+04
3.401563029277324677e+04
3.402573594641685486e+04
3.403584160017967224e+04
3.404594725382328033e+04
3.405605290746688843e+04
3.406615856122970581e+04
3.407626421487331390e+04
3.408636986851692200e+04
3.409647552216053009e+04
3.410658117592334747e+04
3.411668682956695557e+04
3.412679248321056366e+04
3.413689813697338104e+04
3.414700379061698914e+04
3.415710944426059723e+04
3.416721509802341461e+04
3.417732075166702271e+04
3.418742640531063080e+04
3.419753205907344818e+04
3.420763771271705627e+04
3.421774336636066437e+04
3.422784902012348175e+04
3.423795467376708984e+04
3.424806032741069794e+04
3.425816598117351532e+04
3.426827163481712341e+04
3.427837728846073151e+04
3.428848294222354889e+04
3.429858859586715698e+04
3.430869424951076508e+04
3.431879990327358246e+04
3.432890555691719055e+04
3.433901121056079865e+04
3.434911686420440674e+04
3.435922251796722412e+04
3.436932817161083221e+04
3.437943382525444031e+04
3.438953947901725769e+04
3.439964513266086578e+04
3.440975078630447388e+04
3.441985644006729126e+04
3.442996209371089935e+04
3.444006774735450745e+04
3.445017340111732483e+04
3.446027905476093292e+04
3.447038470840454102e+04
3.448049036216735840e+04
3.449059601581096649e+04
3.450070166945457458e+04
3.451080732321739197e+04
3.452091297686100006e+04
3.453101863050460815e+04
3.454112428426742554e+04
3.455122993791103363e+04
3.456133559155464172e+04
3.457144124531745911e+04
3.458154689896106720e+04
3.459165255260467529e+04
3.460175820624828339e+04
3.461186386001110077e+04
3.462196951365470886e+04
3.463207516729831696e+04
3.464218082106113434e+04
3.465228647470474243e+04
3.466239212834835052e+04
3.467249778211116791e+04
3.468260343575477600e+04
3.469270908939838409e+04
3.470281474316120148e+04
3.471292039680480957e+04
3.472302605044841766e+04
3.473313170421123505e+04
3.474323735785484314e+04
3.475334301149845123e+04
3.476344866526126862e+04
3.477355431890487671e+04
3.478365997254848480e+04
3.479376562631130219e+04
3.480387127995491028e+04
3.481397693359851837e+04
3.482408258736133575e+04
3.483418824100494385e+04
3.484429389464855194e+04
3.485439954829216003e+04
3.486450520205497742e+04
3.487461085569858551e+04
3.488471650934219360e+04
3.489482216310501099e+04
3.490492781674861908e+04
3.491503347039222717e+04
3.492513912415504456e+04
3.493524477779865265e+04
3.494535043144226074e+04
3.495545608520507812e+04
3.496556173884868622e+04
3.497566739249229431e+04
3.498577304625511169e+04
3.499587869989871979e+04
3.500598435354232788e+04
3.501609000730514526e+04
3.502619566094875336e+04
3.503630131459236145e+04
3.504640696835517883e+04
3.505651262199878693e+04
3.506661827564239502e+04
3.507672392940521240e+04
3.508682958304882050e+04
3.509693523669242859e+04
3.510704089033603668e+04
3.511714654409885406e+04
3.512725219774246216e+04
3.513735785138607025e+04
3.514746350514888763e+04
3.515756915879249573e+04
3.516767481243610382e+04
3.517778046619892120e+04
3.518788611984252930e+04
3.519799177348613739e+04
3.520809742724895477e+04
3.521820308089256287e+04
3.522830873453617096e+04
3.523841438829898834e+04
3.524852004194259644e+04
3.525862569558620453e+04
3.526873134934902191e+04
3.527883700299263000e+04
3.528894265663623810e+04
3.529904831039905548e+04
3.530915396404266357e+04
3.531925961768627167e+04
3.532936527144908905e+04
3.533947092509269714e+04
3.534957657873630524e+04
3.535968223237991333e+04
3.536978788614273071e+04
3.537989353978633881e+04
3.538999919342994690e+04
3.540010484719276428e+04
3.541021050083637238e+04
3.542031615447998047e+04
3.543042180824279785e+04
3.544052746188640594e+04
3.545063311553001404e+04
3.546073876929283142e+04
3.547084442293643951e+04
3.548095007658004761e+04
3.549105573034286499e+04
3.550116138398647308e+04
3.551126703763008118e+04
3.552137269139289856e+04
3.553147834503650665e+04
3.554158399868011475e+04
3.555168965244293213e+04
3.556179530608654022e+04
3.557190095973014832e+04
3.558200661349296570e+04
3.559211226713657379e+04
3.560221792078018188e+04
3.561232357442378998e+04
3.562242922818660736e+04
3.563253488183021545e+04
3.564264053547382355e+04
3.565274618923664093e+04
3.566285184288024902e+04
3.567295749652385712e+04
3.568306315028667450e+04
3.569316880393028259e+04
3.570327445757389069e+04
3.571338011133670807e+04
3.572348576498031616e+04
3.573359141862392426e+04
3.574369707238674164e+04
3.575380272603034973e+04
3.576390837967395782e+04
3.577401403343677521e+04
3.578411968708038330e+04
3.579422534072399139e+04
3.580433099448680878e+04
3.581443664813041687e+04
3.582454230177402496e+04
3.583464795553684235e+04
3.584475360918045044e+04
3.585485926282405853e+04
3.586496491646766663e+04
3.587507057023048401e+04
3.588517622387409210e+04
3.589528187751770020e+04
3.590538753128051758e+04
3.591549318492412567e+04
3.592559883856773376e+04
3.593570449233055115e+04
3.594581014597415924e+04
3.595591579961776733e+04
3.596602145338058472e+04
3.597612710702419281e+04
3.598623276066780090e+04
3.599633841443061829e+04
3.600644406807422638e+04
3.601654972171783447e+04
3.602665537548065186e+04
3.603676102912425995e+04
3.604686668276786804e+04
3.605697233653068542e+04
3.606707799017429352e+04
3.607718364381790161e+04
3.608728929758071899e+04
3.609739495122432709e+04
3.610750060486793518e+04
3.611760625851154327e+04
3.612771191227436066e+04
3.613781756591796875e+04
3.614792321956157684e+04
3.615802887332439423e+04
3.616813452696800232e+04
3.617824018061161041e+04
3.618834583437442780e+04
3.619845148801803589e+04
3.620855714166164398e+04
3.621866279542446136e+04
3.622876844906806946e+04
3.623887410271167755e+04
3.624897975647449493e+04
3.625908541011810303e+04
3.626919106376171112e+04
3.627929671752452850e+04
3.628940237116813660e+04
3.629950802481174469e+04
3.630961367857456207e+04
3.631971933221817017e+04
3.632982498586177826e+04
3.633993063962459564e+04
3.635003629326820374e+04
3.636014194691181183e+04
3.637024760055541992e+04
3.638035325431823730e+04
3.639045890796184540e+04
3.640056456160545349e+04
3.641067021536827087e+04
3.642077586901187897e+04
3.643088152265548706e+04
3.644098717641830444e+04
3.645109283006191254e+04
3.646119848370552063e+04
3.647130413746833801e+04
3.648140979111194611e+04
3.649151544475555420e+04
3.650162109851837158e+04
3.651172675216197968e+04
3.652183240580558777e+04
3.653193805956840515e+04
3.654204371321201324e+04
3.655214936685562134e+04
3.656225502061843872e+04
3.657236067426204681e+04
3.658246632790565491e+04
3.659257198166847229e+04
3.660267763531208038e+04
3.661278328895568848e+04
3.662288894259929657e+04
3.663299459636211395e+04
3.664310025000572205e+04
3.665320590364933014e+04
3.666331155741214752e+04
3.667341721105575562e+04
3.668352286469936371e+04
3.669362851846218109e+04
3.670373417210578918e+04
3.671383982574939728e+04
3.672394547951221466e+04
3.673405113315582275e+04
3.674415678679943085e+04
3.675426244056224823e+04
3.676436809420585632e+04
3.677447374784946442e+04
3.678457940161228180e+04
3.679468505525588989e+04
3.680479070889949799e+04
3.681489636266231537e+04
3.682500201630592346e+04
3.683510766994953156e+04
3.684521332371234894e+04
3.685531897735595703e+04
3.686542463099956512e+04
3.687553028464317322e+04
3.688563593840599060e+04
3.689574159204959869e+04
3.690584724569320679e+04
3.691595289945602417e+04
3.692605855309963226e+04
3.693616420674324036e+04
3.694626986050605774e+04
3.695637551414966583e+04
3.696648116779327393e+04
3.697658682155609131e+04
3.698669247519969940e+04
3.699679812884330750e+04
3.700690378260612488e+04
3.701700943624973297e+04
3.702711508989334106e+04
3.703722074365615845e+04
3.704732639729976654e+04
3.705743205094337463e+04
3.706753770470619202e+04
3.707764335834980011e+04
3.708774901199340820e+04
3.709785466575622559e+04
3.710796031939983368e+04
3.711806597304344177e+04
3.712817162668704987e+04
3.713827728044986725e+04
3.714838293409347534e+04
3.715848858773708344e+04
3.716859424149990082e+04
3.717869989514350891e+04
3.718880554878711700e+04
3.719891120254993439e+04
3.720901685619354248e+04
3.721912250983715057e+04
3.722922816359996796e+04
3.723933381724357605e+04
3.724943947088718414e+04
3.725954512465000153e+04
3.726965077829360962e+04
3.727975643193721771e+04
3.728986208570003510e+04
3.729996773934364319e+04
3.731007339298725128e+04
3.732017904675006866e+04
3.733028470039367676e+04
3.734039035403728485e+04
3.735049600780010223e+04
3.736060166144371033e+04
3.737070731508731842e+04
3.738081296873092651e+04
3.739091862249374390e+04
3.740102427613735199e+04
3.741112992978096008e+04
3.742123558354377747e+04
3.743134123718738556e+04
3.744144689083099365e+04
3.745155254459381104e+04
3.746165819823741913e+04
3.747176385188102722e+04
3.748186950564384460e+04
3.749197515928745270e+04
3.750208081293106079e+04
3.751218646669387817e+04
3.752229212033748627e+04
3.753239777398109436e+04
3.754250342774391174e+04
3.755260908138751984e+04
3.756271473503112793e+04
3.757282038879394531e+04
3.758292604243755341e+04
3.759303169608116150e+04
3.760313734984397888e+04
3.761324300348758698e+04
3.762334865713119507e+04
3.763345431077480316e+04
3.764355996453762054e+04
3.765366561818122864e+04
3.766377127182483673e+04
3.767387692558765411e+04
3.768398257923126221e+04
3.769408823287487030e+04
3.770419388663768768e+04
3.771429954028129578e+04
3.772440519392490387e+04
3.773451084768772125e+04
3.774461650133132935e+04
3.775472215497493744e+04
3.776482780873775482e+04
3.777493346238136292e+04
3.778503911602497101e+04
3.779514476978778839e+04
3.780525042343139648e+04
3.781535607707500458e+04
3.782546173083782196e+04
3.783556738448143005e+04
3.784567303812503815e+04
3.785577869188785553e+04
3.786588434553146362e+04
3.787598999917507172e+04
3.788609565281867981e+04
3.789620130658149719e+04
3.790630696022510529e+04
3.791641261386871338e+04
3.792651826763153076e+04
3.793662392127513885e+04
3.794672957491874695e+04
3.795683522868156433e+04
3.796694088232517242e+04
3.797704653596878052e+04
3.798715218973159790e+04
3.799725784337520599e+04
3.800736349701881409e+04
3.801746915078163147e+04
3.802757480442523956e+04
3.803768045806884766e+04
3.804778611183166504e+04
3.805789176547527313e+04
3.806799741911888123e+04
3.807810307288169861e+04
3.808820872652530670e+04
3.809831438016891479e+04
3.810842003393173218e+04
3.811852568757534027e+04
3.812863134121894836e+04
3.813873699486255646e+04
3.814884264862537384e+04
3.815894830226898193e+04
3.816905395591259003e+04
3.817915960967540741e+04
3.818926526331901550e+04
3.819937091696262360e+04
3.820947657072544098e+04
3.821958222436904907e+04
3.822968787801265717e+04
3.823979353177547455e+04
3.824989918541908264e+04
3.826000483906269073e+04
3.827011049282550812e+04
3.828021614646911621e+04
3.829032180011272430e+04
3.830042745387554169e+04
3.831053310751914978e+04
3.832063876116275787e+04
3.833074441492557526e+04
3.834085006856918335e+04
3.835095572221279144e+04
3.836106137597560883e+04
3.837116702961921692e+04
3.838127268326282501e+04
3.839137833690643311e+04
3.840148399066925049e+04
3.841158964431285858e+04
3.842169529795646667e+04
3.843180095171928406e+04
3.844190660536289215e+04
3.845201225900650024e+04
3.846211791276931763e+04
3.847222356641292572e+04
3.848232922005653381e+04
3.849243487381935120e+04
3.850254052746295929e+04
3.851264618110656738e+04
3.852275183486938477e+04
3.853285748851299286e+04
3.854296314215660095e+04
3.855306879591941833e+04
3.856317444956302643e+04
3.857328010320663452e+04
3.858338575696945190e+04
3.859349141061306000e+04
3.860359706425666809e+04
3.861370271801948547e+04
3.862380837166309357e+04
3.863391402530670166e+04
3.864401967895030975e+04
3.865412533271312714e+04
3.866423098635673523e+04
3.867433664000034332e+04
3.868444229376316071e+04
3.869454794740676880e+04
3.870465360105037689e+04
3.871475925481319427e+04
3.872486490845680237e+04
3.873497056210041046e+04
3.874507621586322784e+04
3.875518186950683594e+04
3.876528752315044403e+04
3.877539317691326141e+04
3.878549883055686951e+04
3.879560448420047760e+04
3.880571013796329498e+04
3.881581579160690308e+04
3.882592144525051117e+04
3.883602709901332855e+04
3.884613275265693665e+04
3.885623840630054474e+04
3.886634406006336212e+04
3.887644971370697021e+04
3.888655536735057831e+04
3.889666102099418640e+04
3.890676667475700378e+04
3.891687232840061188e+04
3.892697798204421997e+04
3.893708363580703735e+04
3.894718928945064545e+04
3.895729494309425354e+04
3.896740059685707092e+04
3.897750625050067902e+04
3.898761190414428711e+04
3.899771755790710449e+04
3.900782321155071259e+04
3.901792886519432068e+04
3.902803451895713806e+04
3.903814017260074615e+04
3.904824582624435425e+04
3.905835148000717163e+04
3.906845713365077972e+04
3.907856278729438782e+04
3.908866844105720520e+04
3.909877409470081329e+04
3.910887974834442139e+04
3.911898540210723877e+04
3.912909105575084686e+04
3.913919670939445496e+04
3.914930236303806305e+04
3.915940801680088043e+04
3.916951367044448853e+04
3.917961932408809662e+04
3.918972497785091400e+04
3.919983063149452209e+04
3.920993628513813019e+04
3.922004193890094757e+04
3.923014759254455566e+04
3.924025324618816376e+04
3.925035889995098114e+04
3.926046455359458923e+04
3.927057020723819733e+04
3.928067586100101471e+04
3.929078151464462280e+04
3.930088716828823090e+04
3.931099282205104828e+04
3.932109847569465637e+04
3.933120412933826447e+04
3.934130978310108185e+04
3.935141543674468994e+04
3.936152109038829803e+04
3.937162674415111542e+04
3.938173239779472351e+04
3.939183805143833160e+04
3.940194370508193970e+04
3.941204935884475708e+04
3.942215501248836517e+04
3.943226066613197327e+04
3.944236631989479065e+04
3.945247197353839874e+04
3.946257762718200684e+04
3.947268328094482422e+04
3.948278893458843231e+04
3.949289458823204041e+04
3.950300024199485779e+04
3.951310589563846588e+04
3.952321154928207397e+04
3.953331720304489136e+04
3.954342285668849945e+04
3.955352851033210754e+04
3.956363416409492493e+04
3.957373981773853302e+04
3.958384547138214111e+04
3.959395112514495850e+04
3.960405677878856659e+04
3.961416243243217468e+04
3.962426808619499207e+04
3.963437373983860016e+04
3.964447939348220825e+04
3.965458504712581635e+04
3.966469070088863373e+04
3.967479635453224182e+04
3.968490200817584991e+04
3.969500766193866730e+04
3.970511331558227539e+04
3.971521896922588348e+04
3.972532462298870087e+04
3.973543027663230896e+04
3.974553593027591705e+04
3.975564158403873444e+04
3.976574723768234253e+04
3.977585289132595062e+04
3.978595854508876801e+04
3.979606419873237610e+04
3.980616985237598419e+04
3.981627550613880157e+04
3.982638115978240967e+04
3.983648681342601776e+04
3.984659246718883514e+04
3.985669812083244324e+04
3.986680377447605133e+04
3.987690942823886871e+04
3.988701508188247681e+04
3.989712073552608490e+04
3.990722638916969299e+04
3.991733204293251038e+04
3.992743769657611847e+04
3.993754335021972656e+04
3.994764900398254395e+04
3.995775465762615204e+04
3.996786031126976013e+04
3.997796596503257751e+04
3.998807161867618561e+04
3.999817727231979370e+04
4.000828292608261108e+04
4.001838857972621918e+04
4.002849423336982727e+04
4.003859988713264465e+04
4.004870554077625275e+04
4.005881119441986084e+04
4.006891684818267822e+04
4.007902250182628632e+04
4.008912815546989441e+04
4.009923380923271179e+04
4.010933946287631989e+04
4.011944511651992798e+04
4.012955077028274536e+04
4.013965642392635345e+04
4.014976207756996155e+04
4.015986773121356964e+04
4.016997338497638702e+04
4.018007903861999512e+04
4.019018469226360321e+04
4.020029034602642059e+04
4.021039599967002869e+04
4.022050165331363678e+04
4.023060730707645416e+04
4.024071296072006226e+04
4.025081861436367035e+04
4.026092426812648773e+04
4.027102992177009583e+04
4.028113557541370392e+04
4.029124122917652130e+04
4.030134688282012939e+04
4.031145253646373749e+04
4.032155819022655487e+04
4.033166384387016296e+04
4.034176949751377106e+04
4.035187515127658844e+04
4.036198080492019653e+04
4.037208645856380463e+04
4.038219211232662201e+04
4.039229776597023010e+04
4.040240341961383820e+04
4.041250907325744629e+04
4.042261472702026367e+04
4.043272038066387177e+04
4.044282603430747986e+04
4.045293168807029724e+04
4.046303734171390533e+04
4.047314299535751343e+04
4.048324864912033081e+04
4.049335430276393890e+04
4.050345995640754700e+04
4.051356561017036438e+04
4.052367126381397247e+04
4.053377691745758057e+04
4.054388257122039795e+04
4.055398822486400604e+04
4.056409387850761414e+04
4.057419953227043152e+04
4.058430518591403961e+04
4.059441083955764771e+04
4.060451649332046509e+04
4.061462214696407318e+04
4.062472780060768127e+04
4.063483345425128937e+04
4.064493910801410675e+04
4.065504476165771484e+04
4.066515041530132294e+04
4.067525606906414032e+04
4.068536172270774841e+04
4.069546737635135651e+04
4.070557303011417389e+04
4.071567868375778198e+04
4.072578433740139008e+04
4.073588999116420746e+04
4.074599564480781555e+04
4.075610129845142365e+04
4.076620695221424103e+04
4.077631260585784912e+04
4.078641825950145721e+04
4.079652391326427460e+04
4.080662956690788269e+04
4.081673522055149078e+04
4.082684087431430817e+04
4.083694652795791626e+04
4.084705218160152435e+04
4.085715783536434174e+04
4.086726348900794983e+04
4.087736914265155792e+04
4.088747479629516602e+04
4.089758045005798340e+04
4.090768610370159149e+04
4.091779175734519958e+04
4.092789741110801697e+04
4.093800306475162506e+04
4.094810871839523315e+04
4.095821437215805054e+04
4.096832002580165863e+04
4.097842567944526672e+04
4.098853133320808411e+04
4.099863698685169220e+04
4.100874264049530029e+04
4.101884829425811768e+04
4.102895394790172577e+04
4.103905960154533386e+04
4.104916525530815125e+04
4.105927090895175934e+04
4.106937656259536743e+04
4.107948221635818481e+04
4.108958787000179291e+04
4.109969352364540100e+04
4.110979917740821838e+04
4.111990483105182648e+04
4.113001048469543457e+04
4.114011613833904266e+04
4.115022179210186005e+04
4.116032744574546814e+04
4.117043309938907623e+04
4.118053875315189362e+04
4.119064440679550171e+04
4.120075006043910980e+04
4.121085571420192719e+04
4.122096136784553528e+04
4.123106702148914337e+04
4.124117267525196075e+04
4.125127832889556885e+04
4.126138398253917694e+04
4.127148963630199432e+04
4.128159528994560242e+04
4.129170094358921051e+04
4.130180659735202789e+04
4.131191225099563599e+04
4.132201790463924408e+04
4.133212355840206146e+04
4.134222921204566956e+04
4.135233486568927765e+04
4.136244051945209503e+04
4.137254617309570312e+04
4.138265182673931122e+04
4.139275748038291931e+04
4.140286313414573669e+04
4.141296878778934479e+04
4.142307444143295288e+04
4.143318009519577026e+04
4.144328574883937836e+04
4.145339140248298645e+04
4.146349705624580383e+04
4.147360270988941193e+04
4.148370836353302002e+04
4.149381401729583740e+04
4.150391967093944550e+04
4.151402532458305359e+04
4.152413097834587097e+04
4.153423663198947906e+04
4.154434228563308716e+04
4.155444793939590454e+04
4.156455359303951263e+04
4.157465924668312073e+04
4.158476490044593811e+04
4.159487055408954620e+04
4.160497620773315430e+04
4.161508186149597168e+04
4.162518751513957977e+04
4.163529316878318787e+04
4.164539882242679596e+04
4.165550447618961334e+04
4.166561012983322144e+04
4.167571578347682953e+04
4.168582143723964691e+04
4.169592709088325500e+04
4.170603274452686310e+04
4.171613839828968048e+04
4.172624405193328857e+04
4.173634970557689667e+04
4.174645535933971405e+04
4.175656101298332214e+04
4.176666666662693024e+04
4.177677232038974762e+04
4.178687797403335571e+04
4.179698362767696381e+04
4.180708928143978119e+04
4.181719493508338928e+04
4.182730058872699738e+04
4.183740624248981476e+04
4.184751189613342285e+04
4.185761754977703094e+04
4.186772320353984833e+04
4.187782885718345642e+04
4.188793451082706451e+04
4.189804016447067261e+04
4.190814581823348999e+04
4.191825147187709808e+04
4.192835712552070618e+04
4.193846277928352356e+04
4.194856843292713165e+04
4.195867408657073975e+04
4.196877974033355713e+04
4.197888539397716522e+04
4.198899104762077332e+04
4.199909670138359070e+04
4.200920235502719879e+04
4.201930800867080688e+04
4.202941366243362427e+04
4.203951931607723236e+04
4.204962496972084045e+04
4.205973062348365784e+04
4.206983627712726593e+04
4.207994193077087402e+04
4.209004758453369141e+04
4.210015323817729950e+04
4.211025889182090759e+04
4.212036454558372498e+04
4.213047019922733307e+04
4.214057585287094116e+04
4.215068150651454926e+04
4.216078716027736664e+04
4.217089281392097473e+04
4.218099846756458282e+04
4.219110412132740021e+04
4.220120977497100830e+04
4.221131542861461639e+04
4.222142108237743378e+04
4.223152673602104187e+04
4.224163238966464996e+04
4.225173804342746735e+04
4.226184369707107544e+04
4.227194935071468353e+04
4.228205500447750092e+04
4.229216065812110901e+04
4.230226631176471710e+04
4.231237196552753448e+04
4.232247761917114258e+04
4.233258327281475067e+04
4.234268892657756805e+04
4.235279458022117615e+04
4.236290023386478424e+04
4.237300588762760162e+04
4.238311154127120972e+04
4.239321719491481781e+04
4.240332284855842590e+04
4.241342850232124329e+04
4.242353415596485138e+04
4.243363980960845947e+04
4.244374546337127686e+04
4.245385111701488495e+04
4.246395677065849304e+04
4.247406242442131042e+04
4.248416807806491852e+04
4.249427373170852661e+04
4.250437938547134399e+04
4.251448503911495209e+04
4.252459069275856018e+04
4.253469634652137756e+04
4.254480200016498566e+04
4.255490765380859375e+04
4.256501330757141113e+04
4.257511896121501923e+04
4.258522461485862732e+04
4.259533026862144470e+04
4.260543592226505280e+04
4.261554157590866089e+04
4.262564722967147827e+04
4.263575288331508636e+04
4.264585853695869446e+04
4.265596419060230255e+04
4.266606984436511993e+04
4.267617549800872803e+04
4.268628115165233612e+04
4.269638680541515350e+04
4.270649245905876160e+04
4.271659811270236969e+04
4.272670376646518707e+04
4.273680942010879517e+04
4.274691507375240326e+04
4.275702072751522064e+04
4.276712638115882874e+04
4.277723203480243683e+04
4.278733768856525421e+04
4.279744334220886230e+04
4.280754899585247040e+04
4.281765464961528778e+04
4.282776030325889587e+04
4.283786595690250397e+04
4.284797161066532135e+04
4.285807726430892944e+04
4.286818291795253754e+04
4.287828857171535492e+04
4.288839422535896301e+04
4.289849987900257111e+04
4.290860553264617920e+04
4.291871118640899658e+04
4.292881684005260468e+04
4.293892249369621277e+04
4.294902814745903015e+04
4.295913380110263824e+04
4.296923945474624634e+04
4.297934510850906372e+04
4.298945076215267181e+04
4.299955641579627991e+04
4.300966206955909729e+04
4.301976772320270538e+04
4.302987337684631348e+04
4.303997903060913086e+04
4.305008468425273895e+04
4.306019033789634705e+04
4.307029599165916443e+04
4.308040164530277252e+04
4.309050729894638062e+04
4.310061295270919800e+04
4.311071860635280609e+04
4.312082425999641418e+04
4.313092991375923157e+04
4.314103556740283966e+04
4.315114122104644775e+04
4.316124687469005585e+04
4.317135252845287323e+04
4.318145818209648132e+04
4.319156383574008942e+04
4.320166948950290680e+04
4.321177514314651489e+04
4.322188079679012299e+04
4.323198645055294037e+04
4.324209210419654846e+04
4.325219775784015656e+04
4.326230341160297394e+04
4.327240906524658203e+04
4.328251471889019012e+04
4.329262037265300751e+04
4.330272602629661560e+04
4.331283167994022369e+04
4.332293733370304108e+04
4.333304298734664917e+04
4.334314864099025726e+04
4.335325429475307465e+04
4.336335994839668274e+04
4.337346560204029083e+04
4.338357125580310822e+04
4.339367690944671631e+04
4.340378256309032440e+04
4.341388821673393250e+04
4.342399387049674988e+04
4.343409952414035797e+04
4.344420517778396606e+04
4.345431083154678345e+04
4.346441648519039154e+04
4.347452213883399963e+04
4.348462779259681702e+04
4.349473344624042511e+04
4.350483909988403320e+04
4.351494475364685059e+04
4.352505040729045868e+04
4.353515606093406677e+04
4.354526171469688416e+04
4.355536736834049225e+04
4.356547302198410034e+04
4.357557867574691772e+04
4.358568432939052582e+04
4.359578998303413391e+04
4.360589563679695129e+04
4.361600129044055939e+04
4.362610694408416748e+04
4.363621259784698486e+04
4.364631825149059296e+04
4.365642390513420105e+04
4.366652955877780914e+04
4.367663521254062653e+04
4.368674086618423462e+04
4.369684651982784271e+04
4.370695217359066010e+04
4.371705782723426819e+04
4.372716348087787628e+04
4.373726913464069366e+04
4.374737478828430176e+04
4.375748044192790985e+04
4.376758609569072723e+04
4.377769174933433533e+04
4.378779740297794342e+04
4.379790305674076080e+04
4.380800871038436890e+04
4.381811436402797699e+04
4.382822001779079437e+04
4.383832567143440247e+04
4.384843132507801056e+04
4.385853697884082794e+04
4.386864263248443604e+04
4.387874828612804413e+04
4.388885393989086151e+04
4.389895959353446960e+04
4.390906524717807770e+04
4.391917090082168579e+04
4.392927655458450317e+04
4.393938220822811127e+04
4.394948786187171936e+04
4.395959351563453674e+04
4.396969916927814484e+04
4.397980482292175293e+04
4.398991047668457031e+04
4.400001613032817841e+04
4.401012178397178650e+04
4.402022743773460388e+04
4.403033309137821198e+04
4.404043874502182007e+04
4.405054439878463745e+04
4.406065005242824554e+04
4.407075570607185364e+04
4.408086135983467102e+04
4.409096701347827911e+04
4.410107266712188721e+04
4.411117832088470459e+04
4.412128397452831268e+04
4.413138962817192078e+04
4.414149528193473816e+04
4.415160093557834625e+04
4.416170658922195435e+04
4.417181224286556244e+04
4.418191789662837982e+04
4.419202355027198792e+04
4.420212920391559601e+04
4.421223485767841339e+04
4.422234051132202148e+04
4.423244616496562958e+04
4.424255181872844696e+04
4.425265747237205505e+04
4.426276312601566315e+04
4.427286877977848053e+04
4.428297443342208862e+04
4.429308008706569672e+04
4.430318574082851410e+04
4.431329139447212219e+04
4.432339704811573029e+04
4.433350270187854767e+04
4.434360835552215576e+04
4.435371400916576385e+04
4.436381966292858124e+04
4.437392531657218933e+04
4.438403097021579742e+04
4.439413662397861481e+04
4.440424227762222290e+04
4.441434793126583099e+04
4.442445358490943909e+04
4.443455923867225647e+04
4.444466489231586456e+04
4.445477054595947266e+04
4.446487619972229004e+04
4.447498185336589813e+04
4.448508750700950623e+04
4.449519316077232361e+04
4.450529881441593170e+04
4.451540446805953979e+04
4.452551012182235718e+04
4.453561577546596527e+04
4.454572142910957336e+04
4.455582708287239075e+04
4.456593273651599884e+04
4.457603839015960693e+04
4.458614404392242432e+04
4.459624969756603241e+04
4.460635535120964050e+04
4.461646100497245789e+04
4.462656665861606598e+04
4.463667231225967407e+04
4.464677796602249146e+04
4.465688361966609955e+04
4.466698927330970764e+04
4.467709492695331573e+04
4.468720058071613312e+04
4.469730623435974121e+04
4.470741188800334930e+04
4.471751754176616669e+04
4.472762319540977478e+04
4.473772884905338287e+04
4.474783450281620026e+04
4.475794015645980835e+04
4.476804581010341644e+04
4.477815146386623383e+04
4.478825711750984192e+04
4.479836277115345001e+04
4.480846842491626740e+04
4.481857407855987549e+04
4.482867973220348358e+04
4.483878538596630096e+04
4.484889103960990906e+04
4.485899669325351715e+04
4.486910234701633453e+04
4.487920800065994263e+04
4.488931365430355072e+04
4.489941930806636810e+04
4.490952496170997620e+04
4.491963061535358429e+04
4.492973626899719238e+04
4.493984192276000977e+04
4.494994757640361786e+04
4.496005323004722595e+04
4.497015888381004333e+04
4.498026453745365143e+04
4.499037019109725952e+04
4.500047584486007690e+04
4.501058149850368500e+04
4.502068715214729309e+04
4.503079280591011047e+04
4.504089845955371857e+04
4.505100411319732666e+04
4.506110976696014404e+04
4.507121542060375214e+04
4.508132107424736023e+04
4.509142672801017761e+04
4.510153238165378571e+04
4.511163803529739380e+04
4.512174368906021118e+04
4.513184934270381927e+04
4.514195499634742737e+04
4.515206065011024475e+04
4.516216630375385284e+04
4.517227195739746094e+04
4.518237761104106903e+04
4.519248326480388641e+04
4.520258891844749451e+04
4.521269457209110260e+04
4.522280022585391998e+04
4.523290587949752808e+04
4.524301153314113617e+04
4.525311718690395355e+04
4.526322284054756165e+04
4.527332849419116974e+04
4.528343414795398712e+04
4.529353980159759521e+04
4.530364545524120331e+04
4.531375110900402069e+04
4.532385676264762878e+04
4.533396241629123688e+04
4.534406807005405426e+04
4.535417372369766235e+04
4.536427937734127045e+04
4.537438503110408783e+04
4.538449068474769592e+04
4.539459633839130402e+04
4.540470199215412140e+04
4.541480764579772949e+04
4.542491329944133759e+04
4.543501895308494568e+04
4.544512460684776306e+04
4.545523026049137115e+04
4.546533591413497925e+04
4.547544156789779663e+04
4.548554722154140472e+04
4.549565287518501282e+04
4.550575852894783020e+04
4.551586418259143829e+04
4.552596983623504639e+04
4.553607548999786377e+04
4.554618114364147186e+04
4.555628679728507996e+04
4.556639245104789734e+04
4.557649810469150543e+04
4.558660375833511353e+04
4.559670941209793091e+04
4.560681506574153900e+04
4.561692071938514709e+04
4.562702637314796448e+04
4.563713202679157257e+04
4.564723768043518066e+04
4.565734333419799805e+04
4.566744898784160614e+04
4.567755464148521423e+04
4.568766029512882233e+04
4.569776594889163971e+04
4.570787160253524780e+04
4.571797725617885590e+04
4.572808290994167328e+04
4.573818856358528137e+04
4.574829421722888947e+04
4.575839987099170685e+04
4.576850552463531494e+04
4.577861117827892303e+04
4.578871683204174042e+04
4.579882248568534851e+04
4.580892813932895660e+04
4.581903379309177399e+04
4.582913944673538208e+04
4.583924510037899017e+04
4.584935075414180756e+04
4.585945640778541565e+04
4.586956206142902374e+04
4.587966771519184113e+04
4.588977336883544922e+04
4.589987902247905731e+04
4.590998467624187469e+04
4.592009032988548279e+04
4.593019598352909088e+04
4.594030163717269897e+04
4.595040729093551636e+04
4.596051294457912445e+04
4.597061859822273254e+04
4.598072425198554993e+04
4.599082990562915802e+04
4.600093555927276611e+04
4.601104121303558350e+04
4.602114686667919159e+04
4.603125252032279968e+04
4.604135817408561707e+04
4.605146382772922516e+04
4.606156948137283325e+04
4.607167513513565063e+04
4.608178078877925873e+04
4.609188644242286682e+04
4.610199209618568420e+04
4.611209774982929230e+04
4.612220340347290039e+04
4.613230905723571777e+04
4.614241471087932587e+04
4.615252036452293396e+04
4.616262601828575134e+04
4.617273167192935944e+04
4.618283732557296753e+04
4.619294297921657562e+04
4.620304863297939301e+04
4.621315428662300110e+04
4.622325994026660919e+04
4.623336559402942657e+04
4.624347124767303467e+04
4.625357690131664276e+04
4.626368255507946014e+04
4.627378820872306824e+04
4.628389386236667633e+04
4.629399951612949371e+04
4.630410516977310181e+04
4.631421082341670990e+04
4.632431647717952728e+04
4.633442213082313538e+04
4.634452778446674347e+04
4.635463343822956085e+04
4.636473909187316895e+04
4.637484474551677704e+04
4.638495039927959442e+04
4.639505605292320251e+04
4.640516170656681061e+04
4.641526736032962799e+04
4.642537301397323608e+04
4.643547866761684418e+04
4.644558432126045227e+04
4.645568997502326965e+04
4.646579562866687775e+04
4.647590128231048584e+04
4.648600693607330322e+04
4.649611258971691132e+04
4.650621824336051941e+04
4.651632389712333679e+04
4.652642955076694489e+04
4.653653520441055298e+04
4.654664085817337036e+04
4.655674651181697845e+04
4.656685216546058655e+04
4.657695781922340393e+04
4.658706347286701202e+04
4.659716912651062012e+04
4.660727478027343750e+04
4.661738043391704559e+04
4.662748608756065369e+04
4.663759174132347107e+04
4.664769739496707916e+04
4.665780304861068726e+04
4.666790870237350464e+04
4.667801435601711273e+04
4.668812000966072083e+04
4.669822566330432892e+04
4.670833131706714630e+04
4.671843697071075439e+04
4.672854262435436249e+04
4.673864827811717987e+04
4.674875393176078796e+04
4.675885958540439606e+04
4.676896523916721344e+04
4.677907089281082153e+04
4.678917654645442963e+04
4.679928220021724701e+04
4.680938785386085510e+04
4.681949350750446320e+04
4.682959916126728058e+04
4.683970481491088867e+04
4.684981046855449677e+04
4.685991612231731415e+04
4.687002177596092224e+04
4.688012742960453033e+04
4.689023308336734772e+04
4.690033873701095581e+04
4.691044439065456390e+04
4.692055004441738129e+04
4.693065569806098938e+04
4.694076135170459747e+04
4.695086700534820557e+04
4.696097265911102295e+04
4.697107831275463104e+04
4.698118396639823914e+04
4.699128962016105652e+04
4.700139527380466461e+04
4.701150092744827271e+04
4.702160658121109009e+04
4.703171223485469818e+04
4.704181788849830627e+04
4.705192354226112366e+04
4.706202919590473175e+04
4.707213484954833984e+04
4.708224050331115723e+04
4.709234615695476532e+04
4.710245181059837341e+04
4.711255746436119080e+04
4.712266311800479889e+04
4.713276877164840698e+04
4.714287442541122437e+04
4.715298007905483246e+04
4.716308573269844055e+04
4.717319138646125793e+04
4.718329704010486603e+04
4.719340269374847412e+04
4.720350834739208221e+04
4.721361400115489960e+04
4.722371965479850769e+04
4.723382530844211578e+04
4.724393096220493317e+04
4.725403661584854126e+04
4.726414226949214935e+04
4.727424792325496674e+04
4.728435357689857483e+04
4.729445923054218292e+04
4.730456488430500031e+04
4.731467053794860840e+04
4.732477619159221649e+04
4.733488184535503387e+04
4.734498749899864197e+04
4.735509315264225006e+04
4.736519880640506744e+04
4.737530446004867554e+04
4.738541011369228363e+04
4.739551576745510101e+04
4.740562142109870911e+04
4.741572707474231720e+04
4.742583272850513458e+04
4.743593838214874268e+04
4.744604403579235077e+04
4.745614968943595886e+04
4.746625534319877625e+04
4.747636099684238434e+04
4.748646665048599243e+04
4.749657230424880981e+04
4.750667795789241791e+04
4.751678361153602600e+04
4.752688926529884338e+04
4.753699491894245148e+04
4.754710057258605957e+04
4.755720622634887695e+04
4.756731187999248505e+04
4.757741753363609314e+04
4.758752318739891052e+04
4.759762884104251862e+04
4.760773449468612671e+04
4.761784014844894409e+04
4.762794580209255219e+04
4.763805145573616028e+04
4.764815710949897766e+04
4.765826276314258575e+04
4.766836841678619385e+04
4.767847407054901123e+04
4.768857972419261932e+04
4.769868537783622742e+04
4.770879103147983551e+04
4.771889668524265289e+04
4.772900233888626099e+04
4.773910799252986908e+04
4.774921364629268646e+04
4.775931929993629456e+04
4.776942495357990265e+04
4.777953060734272003e+04
4.778963626098632812e+04
4.779974191462993622e+04
4.780984756839275360e+04
4.781995322203636169e+04
4.783005887567996979e+04
4.784016452944278717e+04
4.785027018308639526e+04
4.786037583673000336e+04
4.787048149049282074e+04
4.788058714413642883e+04
4.789069279778003693e+04
4.790079845154285431e+04
4.791090410518646240e+04
4.792100975883007050e+04
4.793111541247367859e+04
4.794122106623649597e+04
4.795132671988010406e+04
4.796143237352371216e+04
4.797153802728652954e+04
4.798164368093013763e+04
4.799174933457374573e+04
4.800185498833656311e+04
4.801196064198017120e+04
4.802206629562377930e+04
4.803217194938659668e+04
4.804227760303020477e+04
4.805238325667381287e+04
4.806248891043663025e+04
4.807259456408023834e+04
4.808270021772384644e+04
4.809280587148666382e+04
4.810291152513027191e+04
4.811301717877388000e+04
4.812312283253669739e+04
4.813322848618030548e+04
4.814333413982391357e+04
4.815343979358673096e+04
4.816354544723033905e+04
4.817365110087394714e+04
4.818375675451755524e+04
4.819386240828037262e+04
4.820396806192398071e+04
4.821407371556758881e+04
4.822417936933040619e+04
4.823428502297401428e+04
4.824439067661762238e+04
4.825449633038043976e+04
4.826460198402404785e+04
4.827470763766765594e+04
4.828481329143047333e+04
4.829491894507408142e+04
4.830502459871768951e+04
4.831513025248050690e+04
4.832523590612411499e+04
4.833534155976772308e+04
4.834544721353054047e+04
4.835555286717414856e+04
4.836565852081775665e+04
4.837576417458057404e+04
4.838586982822418213e+04
4.839597548186779022e+04
4.840608113563060760e+04
4.841618678927421570e+04
4.842629244291782379e+04
4.843639809656143188e+04
4.844650375032424927e+04
4.845660940396785736e+04
4.846671505761146545e+04
4.847682071137428284e+04
4.848692636501789093e+04
4.849703201866149902e+04
4.850713767242431641e+04
4.851724332606792450e+04
4.852734897971153259e+04
4.853745463347434998e+04
4.854756028711795807e+04
4.855766594076156616e+04
4.856777159452438354e+04
4.857787724816799164e+04
4.858798290181159973e+04
4.859808855557441711e+04
4.860819420921802521e+04
4.861829986286163330e+04
4.862840551662445068e+04
4.863851117026805878e+04
4.864861682391166687e+04
4.865872247767448425e+04
4.866882813131809235e+04
4.867893378496170044e+04
4.868903943860530853e+04
4.869914509236812592e+04
4.870925074601173401e+04
4.871935639965534210e+04
4.872946205341815948e+04
4.873956770706176758e+04
4.874967336070537567e+04
4.875977901446819305e+04
4.876988466811180115e+04
4.877999032175540924e+04
4.879009597551822662e+04
4.880020162916183472e+04
4.881030728280544281e+04
4.882041293656826019e+04
4.883051859021186829e+04
4.884062424385547638e+04
4.885072989761829376e+04
4.886083555126190186e+04
4.887094120490550995e+04
4.888104685866832733e+04
4.889115251231193542e+04
4.890125816595554352e+04
4.891136381971836090e+04
4.892146947336196899e+04
4.893157512700557709e+04
4.894168078064918518e+04
4.895178643441200256e+04
4.896189208805561066e+04
4.897199774169921875e+04
4.898210339546203613e+04
4.899220904910564423e+04
4.900231470274925232e+04
4.901242035651206970e+04
4.902252601015567780e+04
4.903263166379928589e+04
4.904273731756210327e+04
4.905284297120571136e+04
4.906294862484931946e+04
4.907305427861213684e+04
4.908315993225574493e+04
4.909326558589935303e+04
4.910337123966217041e+04
4.911347689330577850e+04
4.912358254694938660e+04
4.913368820071220398e+04
4.914379385435581207e+04
4.915389950799942017e+04
4.916400516176223755e+04
4.917411081540584564e+04
4.918421646904945374e+04
4.919432212269306183e+04
4.920442777645587921e+04
4.921453343009948730e+04
4.922463908374309540e+04
4.923474473750591278e+04
4.924485039114952087e+04
4.925495604479312897e+04
4.926506169855594635e+04
4.927516735219955444e+04
4.928527300584316254e+04
4.929537865960597992e+04
4.930548431324958801e+04
4.931558996689319611e+04
4.932569562065601349e+04
4.933580127429962158e+04
4.934590692794322968e+04
4.935601258170604706e+04
4.936611823534965515e+04
4.937622388899326324e+04
4.938632954275608063e+04
4.939643519639968872e+04
4.940654085004329681e+04
4.941664650380611420e+04
4.942675215744972229e+04
4.943685781109333038e+04
4.944696346473693848e+04
4.945706911849975586e+04
4.946717477214336395e+04
4.947728042578697205e+04
4.948738607954978943e+04
4.949749173319339752e+04
4.950759738683700562e+04
4.951770304059982300e+04
4.952780869424343109e+04
4.953791434788703918e+04
4.954802000164985657e+04
4.955812565529346466e+04
4.956823130893707275e+04
4.957833696269989014e+04
4.958844261634349823e+04
4.959854826998710632e+04
4.960865392374992371e+04
4.961875957739353180e+04
4.962886523103713989e+04
4.963897088479995728e+04
4.964907653844356537e+04
4.965918219208717346e+04
4.966928784584999084e+04
4.967939349949359894e+04
4.968949915313720703e+04
4.969960480678081512e+04
4.970971046054363251e+04
4.971981611418724060e+04
4.972992176783084869e+04
4.974002742159366608e+04
4.975013307523727417e+04
4.976023872888088226e+04
4.977034438264369965e+04
4.978045003628730774e+04
4.979055568993091583e+04
4.980066134369373322e+04
4.981076699733734131e+04
4.982087265098094940e+04
4.983097830474376678e+04
4.984108395838737488e+04
4.985118961203098297e+04
4.986129526579380035e+04
4.987140091943740845e+04
4.988150657308101654e+04
4.989161222684383392e+04
4.990171788048744202e+04
4.991182353413105011e+04
4.992192918789386749e+04
4.993203484153747559e+04
4.994214049518108368e+04
4.995224614882469177e+04
4.996235180258750916e+04
4.997245745623111725e+04
4.998256310987472534e+04
4.999266876363754272e+04
5.000277441728115082e+04
5.001288007092475891e+04
5.002298572468757629e+04
5.003309137833118439e+04
5.004319703197479248e+04
5.005330268573760986e+04
5.006340833938121796e+04
5.007351399302482605e+04
5.008361964678764343e+04
5.009372530043125153e+04
5.010383095407485962e+04
5.011393660783767700e+04
5.012404226148128510e+04
5.013414791512489319e+04
5.014425356888771057e+04
5.015435922253131866e+04
5.016446487617492676e+04
5.017457052993774414e+04
5.018467618358135223e+04
5.019478183722496033e+04
5.020488749086856842e+04
5.021499314463138580e+04
5.022509879827499390e+04
5.023520445191860199e+04
5.024531010568141937e+04
5.025541575932502747e+04
5.026552141296863556e+04
5.027562706673145294e+04
5.028573272037506104e+04
5.029583837401866913e+04
5.030594402778148651e+04
5.031604968142509460e+04
5.032615533506870270e+04
5.033626098883152008e+04
5.034636664247512817e+04
5.035647229611873627e+04
5.036657794988155365e+04
5.037668360352516174e+04
5.038678925716876984e+04
5.039689491093158722e+04
5.040700056457519531e+04
5.041710621821880341e+04
5.042721187198162079e+04
5.043731752562522888e+04
5.044742317926883698e+04
5.045752883291244507e+04
5.046763448667526245e+04
5.047774014031887054e+04
5.048784579396247864e+04
5.049795144772529602e+04
5.050805710136890411e+04
5.051816275501251221e+04
5.052826840877532959e+04
5.053837406241893768e+04
5.054847971606254578e+04
5.055858536982536316e+04
5.056869102346897125e+04
5.057879667711257935e+04
5.058890233087539673e+04
5.059900798451900482e+04
5.060911363816261292e+04
5.061921929192543030e+04
5.062932494556903839e+04
5.063943059921264648e+04
5.064953625297546387e+04
5.065964190661907196e+04
5.066974756026268005e+04
5.067985321402549744e+04
5.068995886766910553e+04
5.070006452131271362e+04
5.071017017495632172e+04
5.072027582871913910e+04
5.073038148236274719e+04
5.074048713600635529e+04
5.075059278976917267e+04
5.076069844341278076e+04
5.077080409705638885e+04
5.078090975081920624e+04
5.079101540446281433e+04
5.080112105810642242e+04
5.081122671186923981e+04
5.082133236551284790e+04
5.083143801915645599e+04
5.084154367291927338e+04
5.085164932656288147e+04
5.086175498020648956e+04
5.087186063396930695e+04
5.088196628761291504e+04
5.089207194125652313e+04
5.090217759501934052e+04
5.091228324866294861e+04
5.092238890230655670e+04
5.093249455606937408e+04
5.094260020971298218e+04
5.095270586335659027e+04
5.096281151700019836e+04
5.097291717076301575e+04
5.098302282440662384e+04
5.099312847805023193e+04
5.100323413181304932e+04
5.101333978545665741e+04
5.102344543910026550e+04
5.103355109286308289e+04
5.104365674650669098e+04
5.105376240015029907e+04
5.106386805391311646e+04
5.107397370755672455e+04
5.108407936120033264e+04
5.109418501496315002e+04
5.110429066860675812e+04
5.111439632225036621e+04
5.112450197601318359e+04
5.113460762965679169e+04
5.114471328330039978e+04
5.115481893706321716e+04
5.116492459070682526e+04
5.117503024435043335e+04
5.118513589811325073e+04
5.119524155175685883e+04
5.120534720540046692e+04
5.121545285904407501e+04
5.122555851280689240e+04
5.123566416645050049e+04
5.124576982009410858e+04
5.125587547385692596e+04
5.126598112750053406e+04
5.127608678114414215e+04
5.128619243490695953e+04
5.129629808855056763e+04
5.130640374219417572e+04
5.131650939595699310e+04
5.132661504960060120e+04
5.133672070324420929e+04
5.134682635700702667e+04
5.135693201065063477e+04
5.136703766429424286e+04
5.137714331805706024e+04
5.138724897170066833e+04
5.139735462534427643e+04
5.140746027910709381e+04
5.141756593275070190e+04
5.142767158639431000e+04
5.143777724015712738e+04
5.144788289380073547e+04
5.145798854744434357e+04
5.146809420108795166e+04
5.147819985485076904e+04
5.148830550849437714e+04
5.149841116213798523e+04
5.150851681590080261e+04
5.151862246954441071e+04
5.152872812318801880e+04
5.153883377695083618e+04
5.154893943059444427e+04
5.155904508423805237e+04
5.156915073800086975e+04
5.157925639164447784e+04
5.158936204528808594e+04
5.159946769905090332e+04
5.160957335269451141e+04
5.161967900633811951e+04
5.162978466010093689e+04
5.163989031374454498e+04
5.164999596738815308e+04
5.166010162115097046e+04
5.167020727479457855e+04
5.168031292843818665e+04
5.169041858220100403e+04
5.170052423584461212e+04
5.171062988948822021e+04
5.172073554313182831e+04
5.173084119689464569e+04
5.174094685053825378e+04
5.175105250418186188e+04
5.176115815794467926e+04
5.177126381158828735e+04
5.178136946523189545e+04
5.179147511899471283e+04
5.180158077263832092e+04
5.181168642628192902e+04
5.182179208004474640e+04
5.183189773368835449e+04
5.184200338733196259e+04
5.185210904109477997e+04
5.186221469473838806e+04
5.187232034838199615e+04
5.188242600214481354e+04
5.189253165578842163e+04
5.190263730943202972e+04
5.191274296319484711e+04
5.192284861683845520e+04
5.193295427048206329e+04
5.194305992424488068e+04
5.195316557788848877e+04
5.196327123153209686e+04
5.197337688517570496e+04
5.198348253893852234e+04
5.199358819258213043e+04
5.200369384622573853e+04
5.201379949998855591e+04
5.202390515363216400e+04
5.203401080727577209e+04
5.204411646103858948e+04
5.205422211468219757e+04
5.206432776832580566e+04
5.207443342208862305e+04
5.208453907573223114e+04
5.209464472937583923e+04
5.210475038313865662e+04
5.211485603678226471e+04
5.212496169042587280e+04
5.213506734418869019e+04
5.214517299783229828e+04
5.215527865147590637e+04
5.216538430523872375e+04
5.217548995888233185e+04
5.218559561252593994e+04
5.219570126628875732e+04
5.220580691993236542e+04
5.221591257357597351e+04
5.222601822721958160e+04
5.223612388098239899e+04
5.224622953462600708e+04
5.225633518826961517e+04
5.226644084203243256e+04
5.227654649567604065e+04
5.228665214931964874e+04
5.229675780308246613e+04
5.230686345672607422e+04
5.231696911036968231e+04
5.232707476413249969e+04
5.233718041777610779e+04
5.234728607141971588e+04
5.235739172518253326e+04
5.236749737882614136e+04
5.237760303246974945e+04
5.238770868623256683e+04
5.239781433987617493e+04
5.240791999351978302e+04
5.241802564728260040e+04
5.242813130092620850e+04
5.243823695456981659e+04
5.244834260833263397e+04
5.245844826197624207e+04
5.246855391561985016e+04
5.247865956926345825e+04
5.248876522302627563e+04
5.249887087666988373e+04
5.250897653031349182e+04
5.251908218407630920e+04
5.252918783771991730e+04
5.253929349136352539e+04
5.254939914512634277e+04
5.255950479876995087e+04
5.256961045241355896e+04
5.257971610617637634e+04
5.258982175981998444e+04
5.259992741346359253e+04
5.261003306722640991e+04
5.262013872087001801e+04
5.263024437451362610e+04
5.264035002827644348e+04
5.265045568192005157e+04
5.266056133556365967e+04
5.267066698932647705e+04
5.268077264297008514e+04
5.269087829661369324e+04
5.270098395037651062e+04
5.271108960402011871e+04
5.272119525766372681e+04
5.273130091130733490e+04
5.274140656507015228e+04
5.275151221871376038e+04
5.276161787235736847e+04
5.277172352612018585e+04
5.278182917976379395e+04
5.279193483340740204e+04
5.280204048717021942e+04
5.281214614081382751e+04
5.282225179445743561e+04
5.283235744822025299e+04
5.284246310186386108e+04
5.285256875550746918e+04
5.286267440927028656e+04
5.287278006291389465e+04
5.288288571655750275e+04
5.289299137032032013e+04
5.290309702396392822e+04
5.291320267760753632e+04
5.292330833137035370e+04
5.293341398501396179e+04
5.294351963865756989e+04
5.295362529242038727e+04
5.296373094606399536e+04
5.297383659970760345e+04
5.298394225335121155e+04
5.299404790711402893e+04
5.300415356075763702e+04
5.301425921440124512e+04
5.302436486816406250e+04
5.303447052180767059e+04
5.304457617545127869e+04
5.305468182921409607e+04
5.306478748285770416e+04
5.307489313650131226e+04
5.308499879026412964e+04
5.309510444390773773e+04
5.310521009755134583e+04
5.311531575131416321e+04
5.312542140495777130e+04
5.313552705860137939e+04
5.314563271236419678e+04
5.315573836600780487e+04
5.316584401965141296e+04
5.317594967341423035e+04
5.318605532705783844e+04
5.319616098070144653e+04
5.320626663446426392e+04
5.321637228810787201e+04
5.322647794175148010e+04
5.323658359539508820e+04
5.324668924915790558e+04
5.325679490280151367e+04
5.326690055644512177e+04
5.327700621020793915e+04
5.328711186385154724e+04
5.329721751749515533e+04
5.330732317125797272e+04
5.331742882490158081e+04
5.332753447854518890e+04
5.333764013230800629e+04
5.334774578595161438e+04
5.335785143959522247e+04
5.336795709335803986e+04
5.337806274700164795e+04
5.338816840064525604e+04
5.339827405440807343e+04
5.340837970805168152e+04
5.341848536169528961e+04
5.342859101545810699e+04
5.343869666910171509e+04
5.344880232274532318e+04
5.345890797650814056e+04
5.346901363015174866e+04
5.347911928379535675e+04
5.348922493743896484e+04
5.349933059120178223e+04
5.350943624484539032e+04
5.351954189848899841e+04
5.352964755225181580e+04
5.353975320589542389e+04
5.354985885953903198e+04
5.355996451330184937e+04
5.357007016694545746e+04
5.358017582058906555e+04
5.359028147435188293e+04
5.360038712799549103e+04
5.361049278163909912e+04
5.362059843540191650e+04
5.363070408904552460e+04
5.364080974268913269e+04
5.365091539645195007e+04
5.366102105009555817e+04
5.367112670373916626e+04
5.368123235750198364e+04
5.369133801114559174e+04
5.370144366478919983e+04
5.371154931855201721e+04
5.372165497219562531e+04
5.373176062583923340e+04
5.374186627948284149e+04
5.375197193324565887e+04
5.376207758688926697e+04
5.377218324053287506e+04
5.378228889429569244e+04
5.379239454793930054e+04
5.380250020158290863e+04
5.381260585534572601e+04
5.382271150898933411e+04
5.383281716263294220e+04
5.384292281639575958e+04
5.385302847003936768e+04
5.386313412368297577e+04
5.387323977744579315e+04
5.388334543108940125e+04
5.389345108473300934e+04
5.390355673849582672e+04
5.391366239213943481e+04
5.392376804578304291e+04
5.393387369954586029e+04
5.394397935318946838e+04
5.395408500683307648e+04
5.396419066059589386e+04
5.397429631423950195e+04
5.398440196788311005e+04
5.399450762152671814e+04
5.400461327528953552e+04
5.401471892893314362e+04
5.402482458257675171e+04
5.403493023633956909e+04
5.404503588998317719e+04
5.405514154362678528e+04
5.406524719738960266e+04
5.407535285103321075e+04
5.408545850467681885e+04
5.409556415843963623e+04
5.410566981208324432e+04
5.411577546572685242e+04
5.412588111948966980e+04
5.413598677313327789e+04
5.414609242677688599e+04
5.415619808053970337e+04
5.416630373418331146e+04
5.417640938782691956e+04
5.418651504158973694e+04
5.419662069523334503e+04
5.420672634887695312e+04
5.421683200263977051e+04
5.422693765628337860e+04
5.423704330992698669e+04
5.424714896357059479e+04
5.425725461733341217e+04
5.426736027097702026e+04
5.427746592462062836e+04
5.428757157838344574e+04
5.429767723202705383e+04
5.430778288567066193e+04
5.431788853943347931e+04
5.432799419307708740e+04
5.433809984672069550e+04
5.434820550048351288e+04
5.435831115412712097e+04
5.436841680777072906e+04
5.437852246153354645e+04
5.438862811517715454e+04
5.439873376882076263e+04
5.440883942258358002e+04
5.441894507622718811e+04
5.442905072987079620e+04
5.443915638363361359e+04
5.444926203727722168e+04
5.445936769092082977e+04
5.446947334468364716e+04
5.447957899832725525e+04
5.448968465197086334e+04
5.449979030561447144e+04
5.450989595937728882e+04
5.452000161302089691e+04
5.453010726666450500e+04
5.454021292042732239e+04
5.455031857407093048e+04
5.456042422771453857e+04
5.457052988147735596e+04
5.458063553512096405e+04
5.459074118876457214e+04
5.460084684252738953e+04
5.461095249617099762e+04
5.462105814981460571e+04
5.463116380357742310e+04
5.464126945722103119e+04
5.465137511086463928e+04
5.466148076462745667e+04
5.467158641827106476e+04
5.468169207191467285e+04
5.469179772567749023e+04
5.470190337932109833e+04
5.471200903296470642e+04
5.472211468672752380e+04
5.473222034037113190e+04
5.474232599401473999e+04
5.475243164765834808e+04
5.476253730142116547e+04
5.477264295506477356e+04
5.478274860870838165e+04
5.479285426247119904e+04
5.480295991611480713e+04
5.481306556975841522e+04
5.482317122352123260e+04
5.483327687716484070e+04
5.484338253080844879e+04
5.485348818457126617e+04
5.486359383821487427e+04
5.487369949185848236e+04
5.488380514562129974e+04
5.489391079926490784e+04
5.490401645290851593e+04
5.491412210667133331e+04
5.492422776031494141e+04
5.493433341395854950e+04
5.494443906772136688e+04
5.495454472136497498e+04
5.496465037500858307e+04
5.497475602877140045e+04
5.498486168241500854e+04
5.499496733605861664e+04
5.500507298970222473e+04
5.501517864346504211e+04
5.502528429710865021e+04
5.503538995075225830e+04
5.504549560451507568e+04
5.505560125815868378e+04
5.506570691180229187e+04
5.507581256556510925e+04
5.508591821920871735e+04
5.509602387285232544e+04
5.510612952661514282e+04
5.511623518025875092e+04
5.512634083390235901e+04
5.513644648766517639e+04
5.514655214130878448e+04
5.515665779495239258e+04
5.516676344871520996e+04
5.517686910235881805e+04
5.518697475600242615e+04
5.519708040976524353e+04
5.520718606340885162e+04
5.521729171705245972e+04
5.522739737081527710e+04
5.523750302445888519e+04
5.524760867810249329e+04
5.525771433174610138e+04
5.526781998550891876e+04
5.527792563915252686e+04
5.528803129279613495e+04
5.529813694655895233e+04
5.530824260020256042e+04
5.531834825384616852e+04
5.532845390760898590e+04
5.533855956125259399e+04
5.534866521489620209e+04
5.535877086865901947e+04
5.536887652230262756e+04
5.537898217594623566e+04
5.538908782970905304e+04
5.539919348335266113e+04
5.540929913699626923e+04
5.541940479075908661e+04
5.542951044440269470e+04
5.543961609804630280e+04
5.544972175180912018e+04
5.545982740545272827e+04
5.546993305909633636e+04
5.548003871273994446e+04
5.549014436650276184e+04
5.550025002014636993e+04
5.551035567378997803e+04
5.552046132755279541e+04
5.553056698119640350e+04
5.554067263484001160e+04
5.555077828860282898e+04
5.556088394224643707e+04
5.557098959589004517e+04
5.558109524965286255e+04
5.559120090329647064e+04
5.560130655694007874e+04
5.561141221070289612e+04
5.562151786434650421e+04
5.563162351799011230e+04
5.564172917175292969e+04
5.565183482539653778e+04
5.566194047904014587e+04
5.567204613280296326e+04
5.568215178644657135e+04
5.569225744009017944e+04
5.570236309385299683e+04
5.571246874749660492e+04
5.572257440114021301e+04
5.573268005478382111e+04
5.574278570854663849e+04
5.575289136219024658e+04
5.576299701583385468e+04
5.577310266959667206e+04
5.578320832324028015e+04
5.579331397688388824e+04
5.580341963064670563e+04
5.581352528429031372e+04
5.582363093793392181e+04
5.583373659169673920e+04
5.584384224534034729e+04
5.585394789898395538e+04
5.586405355274677277e+04
5.587415920639038086e+04
5.588426486003398895e+04
5.589437051379680634e+04
5.590447616744041443e+04
5.591458182108402252e+04
5.592468747484683990e+04
5.593479312849044800e+04
5.594489878213405609e+04
5.595500443589687347e+04
5.596511008954048157e+04
5.597521574318408966e+04
5.598532139682769775e+04
5.599542705059051514e+04
5.600553270423412323e+04
5.601563835787773132e+04
5.602574401164054871e+04
5.603584966528415680e+04
5.604595531892776489e+04
5.605606097269058228e+04
5.606616662633419037e+04
5.607627227997779846e+04
5.608637793374061584e+04
5.609648358738422394e+04
5.610658924102783203e+04
5.611669489479064941e+04
5.612680054843425751e+04
5.613690620207786560e+04
5.614701185584068298e+04
5.615711750948429108e+04
5.616722316312789917e+04
5.617732881689071655e+04
5.618743447053432465e+04
5.619754012417793274e+04
5.620764577794075012e+04
5.621775143158435822e+04
5.622785708522796631e+04
5.623796273887157440e+04
5.624806839263439178e+04
5.625817404627799988e+04
5.626827969992160797e+04
5.627838535368442535e+04
5.628849100732803345e+04
5.629859666097164154e+04
5.630870231473445892e+04
5.631880796837806702e+04
5.632891362202167511e+04
5.633901927578449249e+04
5.634912492942810059e+04
5.635923058307170868e+04
5.636933623683452606e+04
5.637944189047813416e+04
5.638954754412174225e+04
5.639965319788455963e+04
5.640975885152816772e+04
5.641986450517177582e+04
5.642997015893459320e+04
5.644007581257820129e+04
5.645018146622180939e+04
5.646028711998462677e+04
5.647039277362823486e+04
5.648049842727184296e+04
5.649060408091545105e+04
5.650070973467826843e+04
5.651081538832187653e+04
5.652092104196548462e+04
5.653102669572830200e+04
5.654113234937191010e+04
5.655123800301551819e+04
5.656134365677833557e+04
5.657144931042194366e+04
5.658155496406555176e+04
5.659166061782836914e+04
5.660176627147197723e+04
5.661187192511558533e+04
5.662197757887840271e+04
5.663208323252201080e+04
5.664218888616561890e+04
5.665229453992843628e+04
5.666240019357204437e+04
5.667250584721565247e+04
5.668261150097846985e+04
5.669271715462207794e+04
5.670282280826568604e+04
5.671292846202850342e+04
5.672303411567211151e+04
5.673313976931571960e+04
5.674324542295932770e+04
5.675335107672214508e+04
5.676345673036575317e+04
5.677356238400936127e+04
5.678366803777217865e+04
5.679377369141578674e+04
5.680387934505939484e+04
5.681398499882221222e+04
5.682409065246582031e+04
5.683419630610942841e+04
5.684430195987224579e+04
5.685440761351585388e+04
5.686451326715946198e+04
5.687461892092227936e+04
5.688472457456588745e+04
5.689483022820949554e+04
5.690493588197231293e+04
5.691504153561592102e+04
5.692514718925952911e+04
5.693525284302234650e+04
5.694535849666595459e+04
5.695546415030956268e+04
5.696556980407238007e+04
5.697567545771598816e+04
5.698578111135959625e+04
5.699588676500320435e+04
5.700599241876602173e+04
5.701609807240962982e+04
5.702620372605323792e+04
5.703630937981605530e+04
5.704641503345966339e+04
5.705652068710327148e+04
5.706662634086608887e+04
5.707673199450969696e+04
5.708683764815330505e+04
5.709694330191612244e+04
5.710704895555973053e+04
5.711715460920333862e+04
5.712726026296615601e+04
5.713736591660976410e+04
5.714747157025337219e+04
5.715757722401618958e+04
5.716768287765979767e+04
5.717778853130340576e+04
5.718789418506622314e+04
5.719799983870983124e+04
5.720810549235343933e+04
5.721821114611625671e+04
5.722831679975986481e+04
5.723842245340347290e+04
5.724852810704708099e+04
5.725863376080989838e+04
5.726873941445350647e+04
5.727884506809711456e+04
5.728895072185993195e+04
5.729905637550354004e+04
5.730916202914714813e+04
5.731926768290996552e+04
5.732937333655357361e+04
5.733947899019718170e+04
5.734958464395999908e+04
5.735969029760360718e+04
5.736979595124721527e+04
5.737990160501003265e+04
5.739000725865364075e+04
5.740011291229724884e+04
5.741021856606006622e+04
5.742032421970367432e+04
5.743042987334728241e+04
5.744053552711009979e+04
5.745064118075370789e+04
5.746074683439731598e+04
5.747085248816013336e+04
5.748095814180374146e+04
5.749106379544734955e+04
5.750116944909095764e+04
5.751127510285377502e+04
5.752138075649738312e+04
5.753148641014099121e+04
5.754159206390380859e+04
5.755169771754741669e+04
5.756180337119102478e+04
5.757190902495384216e+04
5.758201467859745026e+04
5.759212033224105835e+04
5.760222598600387573e+04
5.761233163964748383e+04
5.762243729329109192e+04
5.763254294705390930e+04
5.764264860069751740e+04
5.765275425434112549e+04
5.766285990810394287e+04
5.767296556174755096e+04
5.768307121539115906e+04
5.769317686915397644e+04
5.770328252279758453e+04
5.771338817644119263e+04
5.772349383020401001e+04
5.773359948384761810e+04
5.774370513749122620e+04
5.775381079113483429e+04
5.776391644489765167e+04
5.777402209854125977e+04
5.778412775218486786e+04
5.779423340594768524e+04
5.780433905959129333e+04
5.781444471323490143e+04
5.782455036699771881e+04
5.783465602064132690e+04
5.784476167428493500e+04
5.785486732804775238e+04
5.786497298169136047e+04
5.787507863533496857e+04
5.788518428909778595e+04
5.789528994274139404e+04
5.790539559638500214e+04
5.791550125014781952e+04
5.792560690379142761e+04
5.793571255743503571e+04
5.794581821119785309e+04
5.795592386484146118e+04
5.796602951848506927e+04
5.797613517224788666e+04
5.798624082589149475e+04
5.799634647953510284e+04
5.800645213317871094e+04
5.801655778694152832e+04
5.802666344058513641e+04
5.803676909422874451e+04
5.804687474799156189e+04
5.805698040163516998e+04
5.806708605527877808e+04
5.807719170904159546e+04
5.808729736268520355e+04
5.809740301632881165e+04
5.810750867009162903e+04
5.811761432373523712e+04
5.812771997737884521e+04
5.813782563114166260e+04
5.814793128478527069e+04
5.815803693842887878e+04
5.816814259219169617e+04
5.817824824583530426e+04
5.818835389947891235e+04
5.819845955324172974e+04
5.820856520688533783e+04
5.821867086052894592e+04
5.822877651429176331e+04
5.823888216793537140e+04
5.824898782157897949e+04
5.825909347522258759e+04
5.826919912898540497e+04
5.827930478262901306e+04
5.828941043627262115e+04
5.829951609003543854e+04
5.830962174367904663e+04
5.831972739732265472e+04
5.832983305108547211e+04
5.833993870472908020e+04
5.835004435837268829e+04
5.836015001213550568e+04
5.837025566577911377e+04
5.838036131942272186e+04
5.839046697318553925e+04
5.840057262682914734e+04
5.841067828047275543e+04
5.842078393423557281e+04
5.843088958787918091e+04
5.844099524152278900e+04
5.845110089528560638e+04
5.846120654892921448e+04
5.847131220257282257e+04
5.848141785633563995e+04
5.849152350997924805e+04
5.850162916362285614e+04
5.851173481726646423e+04
5.852184047102928162e+04
5.853194612467288971e+04
5.854205177831649780e+04
5.855215743207931519e+04
5.856226308572292328e+04
5.857236873936653137e+04
5.858247439312934875e+04
5.859258004677295685e+04
5.860268570041656494e+04
5.861279135417938232e+04
5.862289700782299042e+04
5.863300266146659851e+04
5.864310831522941589e+04
5.865321396887302399e+04
5.866331962251663208e+04
5.867342527627944946e+04
5.868353092992305756e+04
5.869363658356666565e+04
5.870374223732948303e+04
5.871384789097309113e+04
5.872395354461669922e+04
5.873405919837951660e+04
5.874416485202312469e+04
5.875427050566673279e+04
5.876437615931034088e+04
5.877448181307315826e+04
5.878458746671676636e+04
5.879469312036037445e+04
5.880479877412319183e+04
5.881490442776679993e+04
5.882501008141040802e+04
5.883511573517322540e+04
5.884522138881683350e+04
5.885532704246044159e+04
5.886543269622325897e+04
5.887553834986686707e+04
5.888564400351047516e+04
5.889574965727329254e+04
5.890585531091690063e+04
5.891596096456050873e+04
5.892606661832332611e+04
5.893617227196693420e+04
5.894627792561054230e+04
5.895638357937335968e+04
5.896648923301696777e+04
5.897659488666057587e+04
5.898670054042339325e+04
5.899680619406700134e+04
5.900691184771060944e+04
5.901701750135421753e+04
5.902712315511703491e+04
5.903722880876064301e+04
5.904733446240425110e+04
5.905744011616706848e+04
5.906754576981067657e+04
5.907765142345428467e+04
5.908775707721710205e+04
5.909786273086071014e+04
5.910796838450431824e+04
5.911807403826713562e+04
5.912817969191074371e+04
5.913828534555435181e+04
5.914839099931716919e+04
5.915849665296077728e+04
5.916860230660438538e+04
5.917870796036720276e+04
5.918881361401081085e+04
5.919891926765441895e+04
5.920902492141723633e+04
5.921913057506084442e+04
5.922923622870445251e+04
5.923934188246726990e+04
5.924944753611087799e+04
5.925955318975448608e+04
5.926965884339809418e+04
5.927976449716091156e+04
5.928987015080451965e+04
5.929997580444812775e+04
5.931008145821094513e+04
5.932018711185455322e+04
5.933029276549816132e+04
5.934039841926097870e+04
5.935050407290458679e+04
5.936060972654819489e+04
5.937071538031101227e+04
5.938082103395462036e+04
5.939092668759822845e+04
5.940103234136104584e+04
5.941113799500465393e+04
5.942124364864826202e+04
5.943134930241107941e+04
5.944145495605468750e+04
5.945156060969829559e+04
5.946166626346111298e+04
5.947177191710472107e+04
5.948187757074832916e+04
5.949198322451114655e+04
5.950208887815475464e+04
5.951219453179836273e+04
5.952230018544197083e+04
5.953240583920478821e+04
5.954251149284839630e+04
5.955261714649200439e+04
5.956272280025482178e+04
5.957282845389842987e+04
5.958293410754203796e+04
5.959303976130485535e+04
5.960314541494846344e+04
5.961325106859207153e+04
5.962335672235488892e+04
5.963346237599849701e+04
5.964356802964210510e+04
5.965367368340492249e+04
5.966377933704853058e+04
5.967388499069213867e+04
5.968399064445495605e+04
5.969409629809856415e+04
5.970420195174217224e+04
5.971430760550498962e+04
5.972441325914859772e+04
5.973451891279220581e+04
5.974462456655502319e+04
5.975473022019863129e+04
5.976483587384223938e+04
5.977494152748584747e+04
5.978504718124866486e+04
5.979515283489227295e+04
5.980525848853588104e+04
5.981536414229869843e+04
5.982546979594230652e+04
5.983557544958591461e+04
5.984568110334873199e+04
5.985578675699234009e+04
5.986589241063594818e+04
5.987599806439876556e+04
5.988610371804237366e+04
5.989620937168598175e+04
5.990631502544879913e+04
5.991642067909240723e+04
5.992652633273601532e+04
5.993663198649883270e+04
5.994673764014244080e+04
5.995684329378604889e+04
5.996694894754886627e+04
5.997705460119247437e+04
5.998716025483608246e+04
5.999726590859889984e+04
6.000737156224250793e+04
6.001747721588611603e+04
6.002758286952972412e+04
6.003768852329254150e+04
6.004779417693614960e+04
6.005789983057975769e+04
6.006800548434257507e+04
6.007811113798618317e+04
6.008821679162979126e+04
6.009832244539260864e+04
6.010842809903621674e+04
6.011853375267982483e+04
6.012863940644264221e+04
6.013874506008625031e+04
6.014885071372985840e+04
6.015895636749267578e+04
6.016906202113628387e+04
6.017916767477989197e+04
6.018927332854270935e+04
6.019937898218631744e+04
6.020948463582992554e+04
6.021959028959274292e+04
6.022969594323635101e+04
6.023980159687995911e+04
6.024990725064277649e+04
6.026001290428638458e+04
6.027011855792999268e+04
6.028022421157360077e+04
6.029032986533641815e+04
6.030043551898002625e+04
6.031054117262363434e+04
6.032064682638645172e+04
6.033075248003005981e+04
6.034085813367366791e+04
6.035096378743648529e+04
6.036106944108009338e+04
6.037117509472370148e+04
6.038128074848651886e+04
6.039138640213012695e+04
6.040149205577373505e+04
6.041159770953655243e+04
6.042170336318016052e+04
6.043180901682376862e+04
6.044191467058658600e+04
6.045202032423019409e+04
6.046212597787380219e+04
6.047223163163661957e+04
6.048233728528022766e+04
6.049244293892383575e+04
6.050254859268665314e+04
6.051265424633026123e+04
6.052275989997386932e+04
6.053286555361747742e+04
6.054297120738029480e+04
6.055307686102390289e+04
6.056318251466751099e+04
6.057328816843032837e+04
6.058339382207393646e+04
6.059349947571754456e+04
6.060360512948036194e+04
6.061371078312397003e+04
6.062381643676757812e+04
6.063392209053039551e+04
6.064402774417400360e+04
6.065413339781761169e+04
6.066423905158042908e+04
6.067434470522403717e+04
6.068445035886764526e+04
6.069455601263046265e+04
6.070466166627407074e+04
6.071476731991767883e+04
6.072487297368049622e+04
6.073497862732410431e+04
6.074508428096771240e+04
6.075518993473052979e+04
6.076529558837413788e+04
6.077540124201774597e+04
6.078550689566135406e+04
6.079561254942417145e+04
6.080571820306777954e+04
6.081582385671138763e+04
6.082592951047420502e+04
6.083603516411781311e+04
6.084614081776142120e+04
6.085624647152423859e+04
6.086635212516784668e+04
6.087645777881145477e+04
6.088656343257427216e+04
6.089666908621788025e+04
6.090677473986148834e+04
6.091688039362430573e+04
6.092698604726791382e+04
6.093709170091152191e+04
6.094719735467433929e+04
6.095730300831794739e+04
6.096740866196155548e+04
6.097751431572437286e+04
6.098761996936798096e+04
6.099772562301158905e+04
6.100783127677440643e+04
6.101793693041801453e+04
6.102804258406162262e+04
6.103814823770523071e+04
6.104825389146804810e+04
6.105835954511165619e+04
6.106846519875526428e+04
6.107857085251808167e+04
6.108867650616168976e+04
6.109878215980529785e+04
6.110888781356811523e+04
6.111899346721172333e+04
6.112909912085533142e+04
6.113920477461814880e+04
6.114931042826175690e+04
6.115941608190536499e+04
6.116952173566818237e+04
6.117962738931179047e+04
6.118973304295539856e+04
6.119983869671821594e+04
6.120994435036182404e+04
6.122005000400543213e+04
6.123015565776824951e+04
6.124026131141185760e+04
6.125036696505546570e+04
6.126047261881828308e+04
6.127057827246189117e+04
6.128068392610549927e+04
6.129078957974910736e+04
6.130089523351192474e+04
6.131100088715553284e+04
6.132110654079914093e+04
6.133121219456195831e+04
6.134131784820556641e+04
6.135142350184917450e+04
6.136152915561199188e+04
6.137163480925559998e+04
6.138174046289920807e+04
6.139184611666202545e+04
6.140195177030563354e+04
6.141205742394924164e+04
6.142216307771205902e+04
6.143226873135566711e+04
6.144237438499927521e+04
6.145248003876209259e+04
6.146258569240570068e+04
6.147269134604930878e+04
6.148279699981212616e+04
6.149290265345573425e+04
6.150300830709934235e+04
6.151311396086215973e+04
6.152321961450576782e+04
6.153332526814937592e+04
6.154343092179298401e+04
6.155353657555580139e+04
6.156364222919940948e+04
6.157374788284301758e+04
6.158385353660583496e+04
6.159395919024944305e+04
6.160406484389305115e+04
6.161417049765586853e+04
6.162427615129947662e+04
6.163438180494308472e+04
6.164448745870590210e+04
6.165459311234951019e+04
6.166469876599311829e+04
6.167480441975593567e+04
6.168491007339954376e+04
6.169501572704315186e+04
6.170512138080596924e+04
6.171522703444957733e+04
6.172533268809318542e+04
6.173543834185600281e+04
6.174554399549961090e+04
6.175564964914321899e+04
6.176575530290603638e+04
6.177586095654964447e+04
6.178596661019325256e+04
6.179607226383686066e+04
6.180617791759967804e+04
6.181628357124328613e+04
6.182638922488689423e+04
6.183649487864971161e+04
6.184660053229331970e+04
6.185670618593692780e+04
6.186681183969974518e+04
6.187691749334335327e+04
6.188702314698696136e+04
6.189712880074977875e+04
6.190723445439338684e+04
6.191734010803699493e+04
6.192744576179981232e+04
6.193755141544342041e+04
6.194765706908702850e+04
6.195776272284984589e+04
6.196786837649345398e+04
6.197797403013706207e+04
6.198807968389987946e+04
6.199818533754348755e+04
6.200829099118709564e+04
6.201839664494991302e+04
6.202850229859352112e+04
6.203860795223712921e+04
6.204871360588073730e+04
6.205881925964355469e+04
6.206892491328716278e+04
6.207903056693077087e+04
6.208913622069358826e+04
6.209924187433719635e+04
6.210934752798080444e+04
6.211945318174362183e+04
6.212955883538722992e+04
6.213966448903083801e+04
6.214977014279365540e+04
6.215987579643726349e+04
6.216998145008087158e+04
6.218008710384368896e+04
6.219019275748729706e+04
6.220029841113090515e+04
6.221040406489372253e+04
6.222050971853733063e+04
6.223061537218093872e+04
6.224072102594375610e+04
6.225082667958736420e+04
6.226093233323097229e+04
6.227103798699378967e+04
6.228114364063739777e+04
6.229124929428100586e+04
6.230135494792461395e+04
6.231146060168743134e+04
6.232156625533103943e+04
6.233167190897464752e+04
6.234177756273746490e+04
6.235188321638107300e+04
6.236198887002468109e+04
6.237209452378749847e+04
6.238220017743110657e+04
6.239230583107471466e+04
6.240241148483753204e+04
6.241251713848114014e+04
6.242262279212474823e+04
6.243272844588756561e+04
6.244283409953117371e+04
6.245293975317478180e+04
6.246304540693759918e+04
6.247315106058120728e+04
6.248325671422481537e+04
6.249336236798763275e+04
6.250346802163124084e+04
6.251357367527484894e+04
6.252367932903766632e+04
6.253378498268127441e+04
6.254389063632488251e+04
6.255399628996849060e+04
6.256410194373130798e+04
6.257420759737491608e+04
6.258431325101852417e+04
6.259441890478134155e+04
6.260452455842494965e+04
6.261463021206855774e+04
6.262473586583137512e+04
6.263484151947498322e+04
6.264494717311859131e+04
6.265505282688140869e+04
6.266515848052501678e+04
6.267526413416862488e+04
6.268536978793144226e+04
6.269547544157505035e+04
6.270558109521865845e+04
6.271568674898147583e+04
6.272579240262508392e+04
6.273589805626869202e+04
6.274600371003150940e+04
6.275610936367511749e+04
6.276621501731872559e+04
6.277632067096233368e+04
6.278642632472515106e+04
6.279653197836875916e+04
6.280663763201236725e+04
6.281674328577518463e+04
6.282684893941879272e+04
6.283695459306240082e+04
6.284706024682521820e+04
6.285716590046882629e+04
6.286727155411243439e+04
6.287737720787525177e+04
6.288748286151885986e+04
6.289758851516246796e+04
6.290769416892528534e+04
6.291779982256889343e+04
6.292790547621250153e+04
6.293801112997531891e+04
6.294811678361892700e+04
6.295822243726253510e+04
6.296832809102535248e+04
6.297843374466896057e+04
6.298853939831256866e+04
6.299864505207538605e+04
6.300875070571899414e+04
6.301885635936260223e+04
6.302896201300621033e+04
6.303906766676902771e+04
6.304917332041263580e+04
6.305927897405624390e+04
6.306938462781906128e+04
6.307949028146266937e+04
6.308959593510627747e+04
6.309970158886909485e+04
6.310980724251270294e+04
6.311991289615631104e+04
6.313001854991912842e+04
6.314012420356273651e+04
6.315022985720634460e+04
6.316033551096916199e+04
6.317044116461277008e+04
6.318054681825637817e+04
6.319065247201919556e+04
6.320075812566280365e+04
6.321086377930641174e+04
6.322096943306922913e+04
6.323107508671283722e+04
6.324118074035644531e+04
6.325128639411926270e+04
6.326139204776287079e+04
6.327149770140647888e+04
6.328160335505008698e+04
6.329170900881290436e+04
6.330181466245651245e+04
6.331192031610012054e+04
6.332202596986293793e+04
6.333213162350654602e+04
6.334223727715015411e+04
6.335234293091297150e+04
6.336244858455657959e+04
6.337255423820018768e+04
6.338265989196300507e+04
6.339276554560661316e+04
6.340287119925022125e+04
6.341297685301303864e+04
6.342308250665664673e+04
6.343318816030025482e+04
6.344329381406307220e+04
6.345339946770668030e+04
6.346350512135028839e+04
6.347361077511310577e+04
6.348371642875671387e+04
6.349382208240032196e+04
6.350392773616313934e+04
6.351403338980674744e+04
6.352413904345035553e+04
6.353424469709396362e+04
6.354435035085678101e+04
6.355445600450038910e+04
6.356456165814399719e+04
6.357466731190681458e+04
6.358477296555042267e+04
6.359487861919403076e+04
6.360498427295684814e+04
6.361508992660045624e+04
6.362519558024406433e+04
6.363530123400688171e+04
6.364540688765048981e+04
6.365551254129409790e+04
6.366561819505691528e+04
6.367572384870052338e+04
6.368582950234413147e+04
6.369593515610694885e+04
6.370604080975055695e+04
6.371614646339416504e+04
6.372625211715698242e+04
6.373635777080059052e+04
6.374646342444419861e+04
6.375656907820701599e+04
6.376667473185062408e+04
6.377678038549423218e+04
6.378688603913784027e+04
6.379699169290065765e+04
6.380709734654426575e+04
6.381720300018787384e+04
6.382730865395069122e+04
6.383741430759429932e+04
6.384751996123790741e+04
6.385762561500072479e+04
6.386773126864433289e+04
6.387783692228794098e+04
6.388794257605075836e+04
6.389804822969436646e+04
6.390815388333797455e+04
6.391825953710079193e+04
6.392836519074440002e+04
6.393847084438800812e+04
6.394857649815082550e+04
6.395868215179443359e+04
6.396878780543804169e+04
6.397889345920085907e+04
6.398899911284446716e+04
6.399910476648807526e+04
6.400921042025089264e+04
6.401931607389450073e+04
6.402942172753810883e+04
6.403952738118171692e+04
6.404963303494453430e+04
6.405973868858814240e+04
6.406984434223175049e+04
6.407994999599456787e+04
6.409005564963817596e+04
6.410016130328178406e+04
6.411026695704460144e+04
6.412037261068820953e+04
6.413047826433181763e+04
6.414058391809463501e+04
6.415068957173824310e+04
6.416079522538185120e+04
6.417090087914466858e+04
6.418100653278827667e+04
6.419111218643188477e+04
6.420121784019470215e+04
6.421132349383831024e+04
6.422142914748191833e+04
6.423153480124473572e+04
6.424164045488834381e+04
6.425174610853195190e+04
6.426185176229476929e+04
6.427195741593837738e+04
6.428206306958198547e+04
6.429216872322559357e+04
6.430227437698841095e+04
6.431238003063201904e+04
6.432248568427562714e+04
6.433259133803844452e+04
6.434269699168205261e+04
6.435280264532566071e+04
6.436290829908847809e+04
6.437301395273208618e+04
6.438311960637569427e+04
6.439322526013851166e+04
6.440333091378211975e+04
6.441343656742572784e+04
6.442354222118854523e+04
6.443364787483215332e+04
6.444375352847576141e+04
6.445385918223857880e+04
6.446396483588218689e+04
6.447407048952579498e+04
6.448417614328861237e+04
6.449428179693222046e+04
6.450438745057582855e+04
6.451449310433864594e+04
6.452459875798225403e+04
6.453470441162586212e+04
6.454481006526947021e+04
6.455491571903228760e+04
6.456502137267589569e+04
6.457512702631950378e+04
6.458523268008232117e+04
6.459533833372592926e+04
6.460544398736953735e+04
6.461554964113235474e+04
6.462565529477596283e+04
6.463576094841957092e+04
6.464586660218238831e+04
6.465597225582599640e+04
6.466607790946960449e+04
6.467618356323242188e+04
6.468628921687602997e+04
6.469639487051963806e+04
6.470650052428245544e+04
6.471660617792606354e+04
6.472671183156967163e+04
6.473681748533248901e+04
6.474692313897609711e+04
6.475702879261970520e+04
6.476713444638252258e+04
6.477724010002613068e+04
6.478734575366973877e+04
6.479745140731334686e+04
6.480755706107616425e+04
6.481766271471977234e+04
6.482776836836338043e+04
6.483787402212619781e+04
6.484797967576980591e+04
6.485808532941341400e+04
6.486819098317623138e+04
6.487829663681983948e+04
6.488840229046344757e+04
6.489850794422626495e+04
6.490861359786987305e+04
6.491871925151348114e+04
6.492882490527629852e+04
6.493893055891990662e+04
6.494903621256351471e+04
6.495914186632633209e+04
6.496924751996994019e+04
6.497935317361354828e+04
6.498945882737636566e+04
6.499956448101997375e+04
6.500967013466358185e+04
6.501977578842639923e+04
6.502988144207000732e+04
6.503998709571361542e+04
6.505009274935722351e+04
6.506019840312004089e+04
6.507030405676364899e+04
6.508040971040725708e+04
6.509051536417007446e+04
6.510062101781368256e+04
6.511072667145729065e+04
6.512083232522010803e+04
6.513093797886371613e+04
6.514104363250732422e+04
6.515114928627014160e+04
6.516125493991374969e+04
6.517136059355735779e+04
6.518146624732017517e+04
6.519157190096378326e+04
6.520167755460739136e+04
6.521178320837020874e+04
6.522188886201381683e+04
6.523199451565742493e+04
6.524210016942024231e+04
6.525220582306385040e+04
6.526231147670745850e+04
6.527241713047027588e+04
6.528252278411388397e+04
6.529262843775749207e+04
6.530273409140110016e+04
6.531283974516391754e+04
6.532294539880752563e+04
6.533305105245113373e+04
6.534315670621395111e+04
6.535326235985755920e+04
6.536336801350116730e+04
6.537347366726398468e+04
6.538357932090759277e+04
6.539368497455120087e+04
6.540379062831401825e+04
6.541389628195762634e+04
6.542400193560123444e+04
6.543410758936405182e+04
6.544421324300765991e+04
6.545431889665126801e+04
6.546442455041408539e+04
6.547453020405769348e+04
6.548463585770130157e+04
6.549474151146411896e+04
6.550484716510772705e+04
6.551495281875133514e+04
6.552505847251415253e+04
6.553516412615776062e+04
6.554526977980136871e+04
6.555537543344497681e+04
6.556548108720779419e+04
6.557558674085140228e+04
6.558569239449501038e+04
6.559579804825782776e+04
6.560590370190143585e+04
6.561600935554504395e+04
6.562611500930786133e+04
6.563622066295146942e+04
6.564632631659507751e+04
6.565643197035789490e+04
6.566653762400150299e+04
6.567664327764511108e+04
6.568674893140792847e+04
6.569685458505153656e+04
6.570696023869514465e+04
6.571706589245796204e+04
6.572717154610157013e+04
6.573727719974517822e+04
6.574738285350799561e+04
6.575748850715160370e+04
6.576759416079521179e+04
6.577769981455802917e+04
6.578780546820163727e+04
6.579791112184524536e+04
6.580801677548885345e+04
6.581812242925167084e+04
6.582822808289527893e+04
6.583833373653888702e+04
6.584843939030170441e+04
6.585854504394531250e+04
6.586865069758892059e+04
6.587875635135173798e+04
6.588886200499534607e+04
6.589896765863895416e+04
6.590907331240177155e+04
6.591917896604537964e+04
6.592928461968898773e+04
6.593939027345180511e+04
6.594949592709541321e+04
6.595960158073902130e+04
6.596970723450183868e+04
6.597981288814544678e+04
6.598991854178905487e+04
6.600002419555187225e+04
6.601012984919548035e+04
6.602023550283908844e+04
6.603034115660190582e+04
6.604044681024551392e+04
6.605055246388912201e+04
6.606065811753273010e+04
6.607076377129554749e+04
6.608086942493915558e+04
6.609097507858276367e+04
6.610108073234558105e+04
6.611118638598918915e+04
6.612129203963279724e+04
6.613139769339561462e+04
6.614150334703922272e+04
6.615160900068283081e+04
6.616171465444564819e+04
6.617182030808925629e+04
6.618192596173286438e+04
6.619203161549568176e+04
6.620213726913928986e+04
6.621224292278289795e+04
6.622234857654571533e+04
6.623245423018932343e+04
6.624255988383293152e+04
6.625266553759574890e+04
6.626277119123935699e+04
6.627287684488296509e+04
6.628298249864578247e+04
6.629308815228939056e+04
6.630319380593299866e+04
6.631329945957660675e+04
6.632340511333942413e+04
6.633351076698303223e+04
6.634361642062664032e+04
6.635372207438945770e+04
6.636382772803306580e+04
6.637393338167667389e+04
6.638403903543949127e+04
6.639414468908309937e+04
6.640425034272670746e+04
6.641435599648952484e+04
6.642446165013313293e+04
6.643456730377674103e+04
6.644467295753955841e+04
6.645477861118316650e+04
6.646488426482677460e+04
6.647498991858959198e+04
6.648509557223320007e+04
6.649520122587680817e+04
6.650530687963962555e+04
6.651541253328323364e+04
6.652551818692684174e+04
6.653562384068965912e+04
6.654572949433326721e+04
6.655583514797687531e+04
6.656594080162048340e+04
6.657604645538330078e+04
6.658615210902690887e+04
6.659625776267051697e+04
6.660636341643333435e+04
6.661646907007694244e+04
6.662657472372055054e+04
6.663668037748336792e+04
6.664678603112697601e+04
6.665689168477058411e+04
6.666699733853340149e+04
6.667710299217700958e+04
6.668720864582061768e+04
6.669731429958343506e+04
6.670741995322704315e+04
6.671752560687065125e+04
6.672763126063346863e+04
6.673773691427707672e+04
6.674784256792068481e+04
6.675794822168350220e+04
6.676805387532711029e+04
6.677815952897071838e+04
6.678826518273353577e+04
6.679837083637714386e+04
6.680847649002075195e+04
6.681858214366436005e+04
6.682868779742717743e+04
6.683879345107078552e+04
6.684889910471439362e+04
6.685900475847721100e+04
6.686911041212081909e+04
6.687921606576442719e+04
6.688932171952724457e+04
6.689942737317085266e+04
6.690953302681446075e+04
6.691963868057727814e+04
6.692974433422088623e+04
6.693984998786449432e+04
6.694995564162731171e+04
6.696006129527091980e+04
6.697016694891452789e+04
6.698027260267734528e+04
6.699037825632095337e+04
6.700048390996456146e+04
6.701058956372737885e+04
6.702069521737098694e+04
6.703080087101459503e+04
6.704090652477741241e+04
6.705101217842102051e+04
6.706111783206462860e+04
6.707122348570823669e+04
6.708132913947105408e+04
6.709143479311466217e+04
6.710154044675827026e+04
6.711164610052108765e+04
6.712175175416469574e+04
6.713185740780830383e+04
6.714196306157112122e+04
6.715206871521472931e+04
6.716217436885833740e+04
6.717228002262115479e+04
6.718238567626476288e+04
6.719249132990837097e+04
6.720259698367118835e+04
6.721270263731479645e+04
6.722280829095840454e+04
6.723291394472122192e+04
6.724301959836483002e+04
6.725312525200843811e+04
6.726323090577125549e+04
6.727333655941486359e+04
6.728344221305847168e+04
6.729354786682128906e+04
6.730365352046489716e+04
6.731375917410850525e+04
6.732386482775211334e+04
6.733397048151493073e+04
6.734407613515853882e+04
6.735418178880214691e+04
6.736428744256496429e+04
6.737439309620857239e+04
6.738449874985218048e+04
6.739460440361499786e+04
6.740471005725860596e+04
6.741481571090221405e+04
6.742492136466503143e+04
6.743502701830863953e+04
6.744513267195224762e+04
6.745523832571506500e+04
6.746534397935867310e+04
6.747544963300228119e+04
6.748555528676509857e+04
6.749566094040870667e+04
6.750576659405231476e+04
6.751587224781513214e+04
6.752597790145874023e+04
6.753608355510234833e+04
6.754618920886516571e+04
6.755629486250877380e+04
6.756640051615238190e+04
6.757650616979598999e+04
6.758661182355880737e+04
6.759671747720241547e+04
6.760682313084602356e+04
6.761692878460884094e+04
6.762703443825244904e+04
6.763714009189605713e+04
6.764724574565887451e+04
6.765735139930248260e+04
6.766745705294609070e+04
6.767756270670890808e+04
6.768766836035251617e+04
6.769777401399612427e+04
6.770787966775894165e+04
6.771798532140254974e+04
6.772809097504615784e+04
6.773819662880897522e+04
6.774830228245258331e+04
6.775840793609619141e+04
6.776851358985900879e+04
6.777861924350261688e+04
6.778872489714622498e+04
6.779883055090904236e+04
6.780893620455265045e+04
6.781904185819625854e+04
6.782914751183986664e+04
6.783925316560268402e+04
6.784935881924629211e+04
6.785946447288990021e+04
6.786957012665271759e+04
6.787967578029632568e+04
6.788978143393993378e+04
6.789988708770275116e+04
6.790999274134635925e+04
6.792009839498996735e+04
6.793020404875278473e+04
6.794030970239639282e+04
6.795041535604000092e+04
6.796052100980281830e+04
6.797062666344642639e+04
6.798073231709003448e+04
6.799083797085285187e+04
6.800094362449645996e+04
6.801104927814006805e+04
6.802115493190288544e+04
6.803126058554649353e+04
6.804136623919010162e+04
6.805147189295291901e+04
6.806157754659652710e+04
6.807168320024013519e+04
6.808178885388374329e+04
6.809189450764656067e+04
6.810200016129016876e+04
6.811210581493377686e+04
6.812221146869659424e+04
6.813231712234020233e+04
6.814242277598381042e+04
6.815252842974662781e+04
6.816263408339023590e+04
6.817273973703384399e+04
6.818284539079666138e+04
6.819295104444026947e+04
6.820305669808387756e+04
6.821316235184669495e+04
6.822326800549030304e+04
6.823337365913391113e+04
6.824347931289672852e+04
6.825358496654033661e+04
6.826369062018394470e+04
6.827379627394676208e+04
6.828390192759037018e+04
6.829400758123397827e+04
6.830411323499679565e+04
6.831421888864040375e+04
6.832432454228401184e+04
6.833443019592761993e+04
6.834453584969043732e+04
6.835464150333404541e+04
6.836474715697765350e+04
6.837485281074047089e+04
6.838495846438407898e+04
6.839506411802768707e+04
6.840516977179050446e+04
6.841527542543411255e+04
6.842538107907772064e+04
6.843548673284053802e+04
6.844559238648414612e+04
6.845569804012775421e+04
6.846580369389057159e+04
6.847590934753417969e+04
6.848601500117778778e+04
6.849612065494060516e+04
6.850622630858421326e+04
6.851633196222782135e+04
6.852643761599063873e+04
6.853654326963424683e+04
6.854664892327785492e+04
6.855675457704067230e+04
6.856686023068428040e+04
6.857696588432788849e+04
6.858707153797149658e+04
6.859717719173431396e+04
6.860728284537792206e+04
6.861738849902153015e+04
6.862749415278434753e+04
6.863759980642795563e+04
6.864770546007156372e+04
6.865781111383438110e+04
6.866791676747798920e+04
6.867802242112159729e+04
6.868812807488441467e+04
6.869823372852802277e+04
6.870833938217163086e+04
6.871844503593444824e+04
6.872855068957805634e+04
6.873865634322166443e+04
6.874876199698448181e+04
6.875886765062808990e+04
6.876897330427169800e+04
6.877907895803451538e+04
6.878918461167812347e+04
6.879929026532173157e+04
6.880939591908454895e+04
6.881950157272815704e+04
6.882960722637176514e+04
6.883971288001537323e+04
6.884981853377819061e+04
6.885992418742179871e+04
6.887002984106540680e+04
6.888013549482822418e+04
6.889024114847183228e+04
6.890034680211544037e+04
6.891045245587825775e+04
6.892055810952186584e+04
6.893066376316547394e+04
6.894076941692829132e+04
6.895087507057189941e+04
6.896098072421550751e+04
6.897108637797832489e+04
6.898119203162193298e+04
6.899129768526554108e+04
6.900140333902835846e+04
6.901150899267196655e+04
6.902161464631557465e+04
6.903172030007839203e+04
6.904182595372200012e+04
6.905193160736560822e+04
6.906203726112842560e+04
6.907214291477203369e+04
6.908224856841564178e+04
6.909235422205924988e+04
6.910245987582206726e+04
6.911256552946567535e+04
6.912267118310928345e+04
6.913277683687210083e+04
6.914288249051570892e+04
6.915298814415931702e+04
6.916309379792213440e+04
6.917319945156574249e+04
6.918330510520935059e+04
6.919341075897216797e+04
6.920351641261577606e+04
6.921362206625938416e+04
6.922372772002220154e+04
6.923383337366580963e+04
6.924393902730941772e+04
6.925404468107223511e+04
6.926415033471584320e+04
6.927425598835945129e+04
6.928436164212226868e+04
6.929446729576587677e+04
6.930457294940948486e+04
6.931467860317230225e+04
6.932478425681591034e+04
6.933488991045951843e+04
6.934499556410312653e+04
6.935510121786594391e+04
6.936520687150955200e+04
6.937531252515316010e+04
6.938541817891597748e+04
6.939552383255958557e+04
6.940562948620319366e+04
6.941573513996601105e+04
6.942584079360961914e+04
6.943594644725322723e+04
6.944605210101604462e+04
6.945615775465965271e+04
6.946626340830326080e+04
6.947636906206607819e+04
6.948647471570968628e+04
6.949658036935329437e+04
6.950668602311611176e+04
6.951679167675971985e+04
6.952689733040332794e+04
6.953700298416614532e+04
6.954710863780975342e+04
6.955721429145336151e+04
6.956731994521617889e+04
6.957742559885978699e+04
6.958753125250339508e+04
6.959763690614700317e+04
6.960774255990982056e+04
6.961784821355342865e+04
6.962795386719703674e+04
6.963805952095985413e+04
6.964816517460346222e+04
6.965827082824707031e+04
6.966837648200988770e+04
6.967848213565349579e+04
6.968858778929710388e+04
6.969869344305992126e+04
6.970879909670352936e+04
6.971890475034713745e+04
6.972901040410995483e+04
6.973911605775356293e+04
6.974922171139717102e+04
6.975932736515998840e+04
6.976943301880359650e+04
6.977953867244720459e+04
6.978964432621002197e+04
6.979974997985363007e+04
6.980985563349723816e+04
6.981996128726005554e+04
6.983006694090366364e+04
6.984017259454727173e+04
6.985027824819087982e+04
6.986038390195369720e+04
6.987048955559730530e+04
6.988059520924091339e+04
6.989070086300373077e+04
6.990080651664733887e+04
6.991091217029094696e+04
6.992101782405376434e+04
6.993112347769737244e+04
6.994122913134098053e+04
6.995133478510379791e+04
6.996144043874740601e+04
6.997154609239101410e+04
6.998165174615383148e+04
6.999175739979743958e+04
7.000186305344104767e+04
7.001196870720386505e+04
7.002207436084747314e+04
7.003218001449108124e+04
7.004228566825389862e+04
7.005239132189750671e+04
7.006249697554111481e+04
7.007260262918472290e+04
7.008270828294754028e+04
7.009281393659114838e+04
7.010291959023475647e+04
7.011302524399757385e+04
7.012313089764118195e+04
7.013323655128479004e+04
7.014334220504760742e+04
7.015344785869121552e+04
7.016355351233482361e+04
7.017365916609764099e+04
7.018376481974124908e+04
7.019387047338485718e+04
7.020397612714767456e+04
7.021408178079128265e+04
7.022418743443489075e+04
7.023429308819770813e+04
7.024439874184131622e+04
7.025450439548492432e+04
7.026461004924774170e+04
7.027471570289134979e+04
7.028482135653495789e+04
7.029492701029777527e+04
7.030503266394138336e+04
7.031513831758499146e+04
7.032524397122859955e+04
7.033534962499141693e+04
7.034545527863502502e+04
7.035556093227863312e+04
7.036566658604145050e+04
7.037577223968505859e+04
7.038587789332866669e+04
7.039598354709148407e+04
7.040608920073509216e+04
7.041619485437870026e+04
7.042630050814151764e+04
7.043640616178512573e+04
7.044651181542873383e+04
7.045661746919155121e+04
7.046672312283515930e+04
7.047682877647876740e+04
7.048693443024158478e+04
7.049704008388519287e+04
7.050714573752880096e+04
7.051725139129161835e+04
7.052735704493522644e+04
7.053746269857883453e+04
7.054756835234165192e+04
7.055767400598526001e+04
7.056777965962886810e+04
7.057788531327247620e+04
7.058799096703529358e+04
7.059809662067890167e+04
7.060820227432250977e+04
7.061830792808532715e+04
7.062841358172893524e+04
7.063851923537254333e+04
7.064862488913536072e+04
7.065873054277896881e+04
7.066883619642257690e+04
7.067894185018539429e+04
7.068904750382900238e+04
7.069915315747261047e+04
7.070925881123542786e+04
7.071936446487903595e+04
7.072947011852264404e+04
7.073957577228546143e+04
7.074968142592906952e+04
7.075978707957267761e+04
7.076989273333549500e+04
7.077999838697910309e+04
7.079010404062271118e+04
7.080020969438552856e+04
7.081031534802913666e+04
7.082042100167274475e+04
7.083052665531635284e+04
7.084063230907917023e+04
7.085073796272277832e+04
7.086084361636638641e+04
7.087094927012920380e+04
7.088105492377281189e+04
7.089116057741641998e+04
7.090126623117923737e+04
7.091137188482284546e+04
7.092147753846645355e+04
7.093158319222927094e+04
7.094168884587287903e+04
7.095179449951648712e+04
7.096190015327930450e+04
7.097200580692291260e+04
7.098211146056652069e+04
7.099221711432933807e+04
7.100232276797294617e+04
7.101242842161655426e+04
7.102253407537937164e+04
7.103263972902297974e+04
7.104274538266658783e+04
7.105285103642940521e+04
7.106295669007301331e+04
7.107306234371662140e+04
7.108316799736022949e+04
7.109327365112304688e+04
7.110337930476665497e+04
7.111348495841026306e+04
7.112359061217308044e+04
7.113369626581668854e+04
7.114380191946029663e+04
7.115390757322311401e+04
7.116401322686672211e+04
7.117411888051033020e+04
7.118422453427314758e+04
7.119433018791675568e+04
7.120443584156036377e+04
7.121454149532318115e+04
7.122464714896678925e+04
7.123475280261039734e+04
7.124485845637321472e+04
7.125496411001682281e+04
7.126506976366043091e+04
7.127517541742324829e+04
7.128528107106685638e+04
7.129538672471046448e+04
7.130549237847328186e+04
7.131559803211688995e+04
7.132570368576049805e+04
7.133580933940410614e+04
7.134591499316692352e+04
7.135602064681053162e+04
7.136612630045413971e+04
7.137623195421695709e+04
7.138633760786056519e+04
7.139644326150417328e+04
7.140654891526699066e+04
7.141665456891059875e+04
7.142676022255420685e+04
7.143686587631702423e+04
7.144697152996063232e+04
7.145707718360424042e+04
7.146718283736705780e+04
7.147728849101066589e+04
7.148739414465427399e+04
7.149749979841709137e+04
7.150760545206069946e+04
7.151771110570430756e+04
7.152781675946712494e+04
7.153792241311073303e+04
7.154802806675434113e+04
7.155813372051715851e+04
7.156823937416076660e+04
7.157834502780437469e+04
7.158845068144798279e+04
7.159855633521080017e+04
7.160866198885440826e+04
7.161876764249801636e+04
7.162887329626083374e+04
7.163897894990444183e+04
7.164908460354804993e+04
7.165919025731086731e+04
7.166929591095447540e+04
7.167940156459808350e+04
7.168950721836090088e+04
7.169961287200450897e+04
7.170971852564811707e+04
7.171982417941093445e+04
7.172992983305454254e+04
7.174003548669815063e+04
7.175014114046096802e+04
7.176024679410457611e+04
7.177035244774818420e+04
7.178045810151100159e+04
7.179056375515460968e+04
7.180066940879821777e+04
7.181077506256103516e+04
7.182088071620464325e+04
7.183098636984825134e+04
7.184109202349185944e+04
7.185119767725467682e+04
7.186130333089828491e+04
7.187140898454189301e+04
7.188151463830471039e+04
7.189162029194831848e+04
7.190172594559192657e+04
7.191183159935474396e+04
7.192193725299835205e+04
7.193204290664196014e+04
7.194214856040477753e+04
7.195225421404838562e+04
7.196235986769199371e+04
7.197246552145481110e+04
7.198257117509841919e+04
7.199267682874202728e+04
7.200278248250484467e+04
7.201288813614845276e+04
7.202299378979206085e+04
7.203309944355487823e+04
7.204320509719848633e+04
7.205331075084209442e+04
7.206341640460491180e+04
7.207352205824851990e+04
7.208362771189212799e+04
7.209373336553573608e+04
7.210383901929855347e+04
7.211394467294216156e+04
7.212405032658576965e+04
7.213415598034858704e+04
7.214426163399219513e+04
7.215436728763580322e+04
7.216447294139862061e+04
7.217457859504222870e+04
7.218468424868583679e+04
7.219478990244865417e+04
7.220489555609226227e+04
7.221500120973587036e+04
7.222510686349868774e+04
7.223521251714229584e+04
7.224531817078590393e+04
7.225542382454872131e+04
7.226552947819232941e+04
7.227563513183593750e+04
7.228574078559875488e+04
7.229584643924236298e+04
7.230595209288597107e+04
7.231605774664878845e+04
7.232616340029239655e+04
7.233626905393600464e+04
7.234637470757961273e+04
7.235648036134243011e+04
7.236658601498603821e+04
7.237669166862964630e+04
7.238679732239246368e+04
7.239690297603607178e+04
7.240700862967967987e+04
7.241711428344249725e+04
7.242721993708610535e+04
7.243732559072971344e+04
7.244743124449253082e+04
7.245753689813613892e+04
7.246764255177974701e+04
7.247774820554256439e+04
7.248785385918617249e+04
7.249795951282978058e+04
7.250806516659259796e+04
7.251817082023620605e+04
7.252827647387981415e+04
7.253838212764263153e+04
7.254848778128623962e+04
7.255859343492984772e+04
7.256869908869266510e+04
7.257880474233627319e+04
7.258891039597988129e+04
7.259901604962348938e+04
7.260912170338630676e+04
7.261922735702991486e+04
7.262933301067352295e+04
7.263943866443634033e+04
7.264954431807994843e+04
7.265964997172355652e+04
7.266975562548637390e+04
7.267986127912998199e+04
7.268996693277359009e+04
7.270007258653640747e+04
7.271017824018001556e+04
7.272028389382362366e+04
7.273038954758644104e+04
7.274049520123004913e+04
7.275060085487365723e+04
7.276070650863647461e+04
7.277081216228008270e+04
7.278091781592369080e+04
7.279102346968650818e+04
7.280112912333011627e+04
7.281123477697372437e+04
7.282134043073654175e+04
7.283144608438014984e+04
7.284155173802375793e+04
7.285165739166736603e+04
7.286176304543018341e+04
7.287186869907379150e+04
7.288197435271739960e+04
7.289208000648021698e+04
7.290218566012382507e+04
7.291229131376743317e+04
7.292239696753025055e+04
7.293250262117385864e+04
7.294260827481746674e+04
7.295271392858028412e+04
7.296281958222389221e+04
7.297292523586750031e+04
7.298303088963031769e+04
7.299313654327392578e+04
7.300324219691753387e+04
7.301334785068035126e+04
7.302345350432395935e+04
7.303355915796756744e+04
7.304366481173038483e+04
7.305377046537399292e+04
7.306387611901760101e+04
7.307398177278041840e+04
7.308408742642402649e+04
7.309419308006763458e+04
7.310429873371124268e+04
7.311440438747406006e+04
7.312451004111766815e+04
7.313461569476127625e+04
7.314472134852409363e+04
7.315482700216770172e+04
7.316493265581130981e+04
7.317503830957412720e+04
7.318514396321773529e+04
7.319524961686134338e+04
7.320535527062416077e+04
7.321546092426776886e+04
7.322556657791137695e+04
7.323567223167419434e+04
7.324577788531780243e+04
7.325588353896141052e+04
7.326598919272422791e+04
7.327609484636783600e+04
7.328620050001144409e+04
7.329630615377426147e+04
7.330641180741786957e+04
7.331651746106147766e+04
7.332662311482429504e+04
7.333672876846790314e+04
7.334683442211151123e+04
7.335694007575511932e+04
7.336704572951793671e+04
7.337715138316154480e+04
7.338725703680515289e+04
7.339736269056797028e+04
7.340746834421157837e+04
7.341757399785518646e+04
7.342767965161800385e+04
7.343778530526161194e+04
7.344789095890522003e+04
7.345799661266803741e+04
7.346810226631164551e+04
7.347820791995525360e+04
7.348831357371807098e+04
7.349841922736167908e+04
7.350852488100528717e+04
7.351863053476810455e+04
7.352873618841171265e+04
7.353884184205532074e+04
7.354894749581813812e+04
7.355905314946174622e+04
7.356915880310535431e+04
7.357926445686817169e+04
7.358937011051177979e+04
7.359947576415538788e+04
7.360958141779899597e+04
7.361968707156181335e+04
7.362979272520542145e+04
7.363989837884902954e+04
7.365000403261184692e+04
7.366010968625545502e+04
7.367021533989906311e+04
7.368032099366188049e+04
7.369042664730548859e+04
7.370053230094909668e+04
7.371063795471191406e+04
7.372074360835552216e+04
7.373084926199913025e+04
7.374095491576194763e+04
7.375106056940555573e+04
7.376116622304916382e+04
7.377127187681198120e+04
7.378137753045558929e+04
7.379148318409919739e+04
7.380158883786201477e+04
7.381169449150562286e+04
7.382180014514923096e+04
7.383190579891204834e+04
7.384201145255565643e+04
7.385211710619926453e+04
7.386222275984287262e+04
7.387232841360569000e+04
7.388243406724929810e+04
7.389253972089290619e+04
7.390264537465572357e+04
7.391275102829933167e+04
7.392285668194293976e+04
7.393296233570575714e+04
7.394306798934936523e+04
7.395317364299297333e+04
7.396327929675579071e+04
7.397338495039939880e+04
7.398349060404300690e+04
7.399359625780582428e+04
7.400370191144943237e+04
7.401380756509304047e+04
7.402391321885585785e+04
7.403401887249946594e+04
7.404412452614307404e+04
7.405423017990589142e+04
7.406433583354949951e+04
7.407444148719310760e+04
7.408454714095592499e+04
7.409465279459953308e+04
7.410475844824314117e+04
7.411486410188674927e+04
7.412496975564956665e+04
7.413507540929317474e+04
7.414518106293678284e+04
7.415528671669960022e+04
7.416539237034320831e+04
7.417549802398681641e+04
7.418560367774963379e+04
7.419570933139324188e+04
7.420581498503684998e+04
7.421592063879966736e+04
7.422602629244327545e+04
7.423613194608688354e+04
7.424623759984970093e+04
7.425634325349330902e+04
7.426644890713691711e+04
7.427655456089973450e+04
7.428666021454334259e+04
7.429676586818695068e+04
7.430687152194976807e+04
7.431697717559337616e+04
7.432708282923698425e+04
7.433718848299980164e+04
7.434729413664340973e+04
7.435739979028701782e+04
7.436750544393062592e+04
7.437761109769344330e+04
7.438771675133705139e+04
7.439782240498065948e+04
7.440792805874347687e+04
7.441803371238708496e+04
7.442813936603069305e+04
7.443824501979351044e+04
7.444835067343711853e+04
7.445845632708072662e+04
7.446856198084354401e+04
7.447866763448715210e+04
7.448877328813076019e+04
7.449887894189357758e+04
7.450898459553718567e+04
7.451909024918079376e+04
7.452919590294361115e+04
7.453930155658721924e+04
7.454940721023082733e+04
7.455951286399364471e+04
7.456961851763725281e+04
7.457972417128086090e+04
7.458982982504367828e+04
7.459993547868728638e+04
7.461004113233089447e+04
7.462014678597450256e+04
7.463025243973731995e+04
7.464035809338092804e+04
7.465046374702453613e+04
7.466056940078735352e+04
7.467067505443096161e+04
7.468078070807456970e+04
7.469088636183738708e+04
7.470099201548099518e+04
7.471109766912460327e+04
7.472120332288742065e+04
7.473130897653102875e+04
7.474141463017463684e+04
7.475152028393745422e+04
7.476162593758106232e+04
7.477173159122467041e+04
7.478183724498748779e+04
7.479194289863109589e+04
7.480204855227470398e+04
7.481215420603752136e+04
7.482225985968112946e+04
7.483236551332473755e+04
7.484247116708755493e+04
7.485257682073116302e+04
7.486268247437477112e+04
7.487278812801837921e+04
7.488289378178119659e+04
7.489299943542480469e+04
7.490310508906841278e+04
7.491321074283123016e+04
7.492331639647483826e+04
7.493342205011844635e+04
7.494352770388126373e+04
7.495363335752487183e+04
7.496373901116847992e+04
7.497384466493129730e+04
7.498395031857490540e+04
7.499405597221851349e+04
7.500416162598133087e+04
7.501426727962493896e+04
7.502437293326854706e+04
7.503447858703136444e+04
7.504458424067497253e+04
7.505468989431858063e+04
7.506479554808139801e+04
7.507490120172500610e+04
7.508500685536861420e+04
7.509511250913143158e+04
7.510521816277503967e+04
7.511532381641864777e+04
7.512542947006225586e+04
7.513553512382507324e+04
7.514564077746868134e+04
7.515574643111228943e+04
7.516585208487510681e+04
7.517595773851871490e+04
7.518606339216232300e+04
7.519616904592514038e+04
7.520627469956874847e+04
7.521638035321235657e+04
7.522648600697517395e+04
7.523659166061878204e+04
7.524669731426239014e+04
7.525680296802520752e+04
7.526690862166881561e+04
7.527701427531242371e+04
7.528711992907524109e+04
7.529722558271884918e+04
7.530733123636245728e+04
7.531743689012527466e+04
7.532754254376888275e+04
7.533764819741249084e+04
7.534775385117530823e+04
7.535785950481891632e+04
7.536796515846252441e+04
7.537807081210613251e+04
7.538817646586894989e+04
7.539828211951255798e+04
7.540838777315616608e+04
7.541849342691898346e+04
7.542859908056259155e+04
7.543870473420619965e+04
7.544881038796901703e+04
7.545891604161262512e+04
7.546902169525623322e+04
7.547912734901905060e+04
7.548923300266265869e+04
7.549933865630626678e+04
7.550944431006908417e+04
7.551954996371269226e+04
7.552965561735630035e+04
7.553976127111911774e+04
7.554986692476272583e+04
7.555997257840633392e+04
7.557007823216915131e+04
7.558018388581275940e+04
7.559028953945636749e+04
7.560039519321918488e+04
7.561050084686279297e+04
7.562060650050640106e+04
7.563071215415000916e+04
7.564081780791282654e+04
7.565092346155643463e+04
7.566102911520004272e+04
7.567113476896286011e+04
7.568124042260646820e+04
7.569134607625007629e+04
7.570145173001289368e+04
7.571155738365650177e+04
7.572166303730010986e+04
7.573176869106292725e+04
7.574187434470653534e+04
7.575197999835014343e+04
7.576208565211296082e+04
7.577219130575656891e+04
7.578229695940017700e+04
7.579240261316299438e+04
7.580250826680660248e+04
7.581261392045021057e+04
7.582271957421302795e+04
7.583282522785663605e+04
7.584293088150024414e+04
7.585303653526306152e+04
7.586314218890666962e+04
7.587324784255027771e+04
7.588335349619388580e+04
7.589345914995670319e+04
7.590356480360031128e+04
7.591367045724391937e+04
7.592377611100673676e+04
7.593388176465034485e+04
7.594398741829395294e+04
7.595409307205677032e+04
7.596419872570037842e+04
7.597430437934398651e+04
7.598441003310680389e+04
7.599451568675041199e+04
7.600462134039402008e+04
7.601472699415683746e+04
7.602483264780044556e+04
7.603493830144405365e+04
7.604504395520687103e+04
7.605514960885047913e+04
7.606525526249408722e+04
7.607536091625690460e+04
7.608546656990051270e+04
7.609557222354412079e+04
7.610567787730693817e+04
7.611578353095054626e+04
7.612588918459415436e+04
7.613599483823776245e+04
7.614610049200057983e+04
7.615620614564418793e+04
7.616631179928779602e+04
7.617641745305061340e+04
7.618652310669422150e+04
7.619662876033782959e+04
7.620673441410064697e+04
7.621684006774425507e+04
7.622694572138786316e+04
7.623705137515068054e+04
7.624715702879428864e+04
7.625726268243789673e+04
7.626736833620071411e+04
7.627747398984432220e+04
7.628757964348793030e+04
7.629768529725074768e+04
7.630779095089435577e+04
7.631789660453796387e+04
7.632800225830078125e+04
7.633810791194438934e+04
7.634821356558799744e+04
7.635831921935081482e+04
7.636842487299442291e+04
7.637853052663803101e+04
7.638863618028163910e+04
7.639874183404445648e+04
7.640884748768806458e+04
7.641895314133167267e+04
7.642905879509449005e+04
7.643916444873809814e+04
7.644927010238170624e+04
7.645937575614452362e+04
7.646948140978813171e+04
7.647958706343173981e+04
7.648969271719455719e+04
7.649979837083816528e+04
7.650990402448177338e+04
7.652000967824459076e+04
7.653011533188819885e+04
7.654022098553180695e+04
7.655032663929462433e+04
7.656043229293823242e+04
7.657053794658184052e+04
7.658064360034465790e+04
7.659074925398826599e+04
7.660085490763187408e+04
7.661096056139469147e+04
7.662106621503829956e+04
7.663117186868190765e+04
7.664127752232551575e+04
7.665138317608833313e+04
7.666148882973194122e+04
7.667159448337554932e+04
7.668170013713836670e+04
7.669180579078197479e+04
7.670191144442558289e+04
7.671201709818840027e+04
7.672212275183200836e+04
7.673222840547561646e+04
7.674233405923843384e+04
7.675243971288204193e+04
7.676254536652565002e+04
7.677265102028846741e+04
7.678275667393207550e+04
7.679286232757568359e+04
7.680296798133850098e+04
7.681307363498210907e+04
7.682317928862571716e+04
7.683328494238853455e+04
7.684339059603214264e+04
7.685349624967575073e+04
7.686360190343856812e+04
7.687370755708217621e+04
7.688381321072578430e+04
7.689391886436939240e+04
7.690402451813220978e+04
7.691413017177581787e+04
7.692423582541942596e+04
7.693434147918224335e+04
7.694444713282585144e+04
7.695455278646945953e+04
7.696465844023227692e+04
7.697476409387588501e+04
7.698486974751949310e+04
7.699497540128231049e+04
7.700508105492591858e+04
7.701518670856952667e+04
7.702529236233234406e+04
7.703539801597595215e+04
7.704550366961956024e+04
7.705560932338237762e+04
7.706571497702598572e+04
7.707582063066959381e+04
7.708592628443241119e+04
7.709603193807601929e+04
7.710613759171962738e+04
7.711624324548244476e+04
7.712634889912605286e+04
7.713645455276966095e+04
7.714656020641326904e+04
7.715666586017608643e+04
7.716677151381969452e+04
7.717687716746330261e+04
7.718698282122612000e+04
7.719708847486972809e+04
7.720719412851333618e+04
7.721729978227615356e+04
7.722740543591976166e+04
7.723751108956336975e+04
7.724761674332618713e+04
7.725772239696979523e+04
7.726782805061340332e+04
7.727793370437622070e+04
7.728803935801982880e+04
7.729814501166343689e+04
7.730825066542625427e+04
7.731835631906986237e+04
7.732846197271347046e+04
7.733856762647628784e+04
7.734867328011989594e+04
7.735877893376350403e+04
7.736888458752632141e+04
7.737899024116992950e+04
7.738909589481353760e+04
7.739920154845714569e+04
7.740930720221996307e+04
7.741941285586357117e+04
7.742951850950717926e+04
7.743962416326999664e+04
7.744972981691360474e+04
7.745983547055721283e+04
7.746994112432003021e+04
7.748004677796363831e+04
7.749015243160724640e+04
7.750025808537006378e+04
7.751036373901367188e+04
7.752046939265727997e+04
7.753057504642009735e+04
7.754068070006370544e+04
7.755078635370731354e+04
7.756089200747013092e+04
7.757099766111373901e+04
7.758110331475734711e+04
7.759120896852016449e+04
7.760131462216377258e+04
7.761142027580738068e+04
7.762152592945098877e+04
7.763163158321380615e+04
7.764173723685741425e+04
7.765184289050102234e+04
7.766194854426383972e+04
7.767205419790744781e+04
7.768215985155105591e+04
7.769226550531387329e+04
7.770237115895748138e+04
7.771247681260108948e+04
7.772258246636390686e+04
7.773268812000751495e+04
7.774279377365112305e+04
7.775289942741394043e+04
7.776300508105754852e+04
7.777311073470115662e+04
7.778321638846397400e+04
7.779332204210758209e+04
7.780342769575119019e+04
7.781353334951400757e+04
7.782363900315761566e+04
7.783374465680122375e+04
7.784385031056404114e+04
7.785395596420764923e+04
7.786406161785125732e+04
7.787416727149486542e+04
7.788427292525768280e+04
7.789437857890129089e+04
7.790448423254489899e+04
7.791458988630771637e+04
7.792469553995132446e+04
7.793480119359493256e+04
7.794490684735774994e+04
7.795501250100135803e+04
7.796511815464496613e+04
7.797522380840778351e+04
7.798532946205139160e+04
7.799543511569499969e+04
7.800554076945781708e+04
7.801564642310142517e+04
7.802575207674503326e+04
7.803585773050785065e+04
7.804596338415145874e+04
7.805606903779506683e+04
7.806617469155788422e+04
7.807628034520149231e+04
7.808638599884510040e+04
7.809649165260791779e+04
7.810659730625152588e+04
7.811670295989513397e+04
7.812680861353874207e+04
7.813691426730155945e+04
7.814701992094516754e+04
7.815712557458877563e+04
7.816723122835159302e+04
7.817733688199520111e+04
7.818744253563880920e+04
7.819754818940162659e+04
7.820765384304523468e+04
7.821775949668884277e+04
7.822786515045166016e+04
7.823797080409526825e+04
7.824807645773887634e+04
7.825818211150169373e+04
7.826828776514530182e+04
7.827839341878890991e+04
7.828849907255172729e+04
7.829860472619533539e+04
7.830871037983894348e+04
7.831881603360176086e+04
7.832892168724536896e+04
7.833902734088897705e+04
7.834913299465179443e+04
7.835923864829540253e+04
7.836934430193901062e+04
7.837944995558261871e+04
7.838955560934543610e+04
7.839966126298904419e+04
7.840976691663265228e+04
7.841987257039546967e+04
7.842997822403907776e+04
7.844008387768268585e+04
7.845018953144550323e+04
7.846029518508911133e+04
7.847040083873271942e+04
7.848050649249553680e+04
7.849061214613914490e+04
7.850071779978275299e+04
7.851082345354557037e+04
7.852092910718917847e+04
7.853103476083278656e+04
7.854114041459560394e+04
7.855124606823921204e+04
7.856135172188282013e+04
7.857145737564563751e+04
7.858156302928924561e+04
7.859166868293285370e+04
7.860177433669567108e+04
7.861187999033927917e+04
7.862198564398288727e+04
7.863209129762649536e+04
7.864219695138931274e+04
7.865230260503292084e+04
7.866240825867652893e+04
7.867251391243934631e+04
7.868261956608295441e+04
7.869272521972656250e+04
7.870283087348937988e+04
7.871293652713298798e+04
7.872304218077659607e+04
7.873314783453941345e+04
7.874325348818302155e+04
7.875335914182662964e+04
7.876346479558944702e+04
7.877357044923305511e+04
7.878367610287666321e+04
7.879378175663948059e+04
7.880388741028308868e+04
7.881399306392669678e+04
7.882409871768951416e+04
7.883420437133312225e+04
7.884431002497673035e+04
7.885441567873954773e+04
7.886452133238315582e+04
7.887462698602676392e+04
7.888473263967037201e+04
7.889483829343318939e+04
7.890494394707679749e+04
7.891504960072040558e+04
7.892515525448322296e+04
7.893526090812683105e+04
7.894536656177043915e+04
7.895547221553325653e+04
7.896557786917686462e+04
7.897568352282047272e+04
7.898578917658329010e+04
7.899589483022689819e+04
7.900600048387050629e+04
7.901610613763332367e+04
7.902621179127693176e+04
7.903631744492053986e+04
7.904642309868335724e+04
7.905652875232696533e+04
7.906663440597057343e+04
7.907674005973339081e+04
7.908684571337699890e+04
7.909695136702060699e+04
7.910705702078342438e+04
7.911716267442703247e+04
7.912726832807064056e+04
7.913737398171424866e+04
7.914747963547706604e+04
7.915758528912067413e+04
7.916769094276428223e+04
7.917779659652709961e+04
7.918790225017070770e+04
7.919800790381431580e+04
7.920811355757713318e+04
7.921821921122074127e+04
7.922832486486434937e+04
7.923843051862716675e+04
7.924853617227077484e+04
7.925864182591438293e+04
7.926874747967720032e+04
7.927885313332080841e+04
7.928895878696441650e+04
7.929906444072723389e+04
7.930917009437084198e+04
7.931927574801445007e+04
7.932938140177726746e+04
7.933948705542087555e+04
7.934959270906448364e+04
7.935969836282730103e+04
7.936980401647090912e+04
7.937990967011451721e+04
7.939001532375812531e+04
7.940012097752094269e+04
7.941022663116455078e+04
7.942033228480815887e+04
7.943043793857097626e+04
7.944054359221458435e+04
7.945064924585819244e+04
7.946075489962100983e+04
7.947086055326461792e+04
7.948096620690822601e+04
7.949107186067104340e+04
7.950117751431465149e+04
7.951128316795825958e+04
7.952138882172107697e+04
7.953149447536468506e+04
7.954160012900829315e+04
7.955170578277111053e+04
7.956181143641471863e+04
7.957191709005832672e+04
7.958202274382114410e+04
7.959212839746475220e+04
7.960223405110836029e+04
7.961233970487117767e+04
7.962244535851478577e+04
7.963255101215839386e+04
7.964265666580200195e+04
7.965276231956481934e+04
7.966286797320842743e+04
7.967297362685203552e+04
7.968307928061485291e+04
7.969318493425846100e+04
7.970329058790206909e+04
7.971339624166488647e+04
7.972350189530849457e+04
7.973360754895210266e+04
7.974371320271492004e+04
7.975381885635852814e+04
7.976392451000213623e+04
7.977403016376495361e+04
7.978413581740856171e+04
7.979424147105216980e+04
7.980434712481498718e+04
7.981445277845859528e+04
7.982455843210220337e+04
7.983466408586502075e+04
7.984476973950862885e+04
7.985487539315223694e+04
7.986498104691505432e+04
7.987508670055866241e+04
7.988519235420227051e+04
7.989529800784587860e+04
7.990540366160869598e+04
7.991550931525230408e+04
7.992561496889591217e+04
7.993572062265872955e+04
7.994582627630233765e+04
7.995593192994594574e+04
7.996603758370876312e+04
7.997614323735237122e+04
7.998624889099597931e+04
7.999635454475879669e+04
8.000646019840240479e+04
8.001656585204601288e+04
8.002667150580883026e+04
8.003677715945243835e+04
8.004688281309604645e+04
8.005698846685886383e+04
8.006709412050247192e+04
8.007719977414608002e+04
8.008730542790889740e+04
8.009741108155250549e+04
8.010751673519611359e+04
8.011762238895893097e+04
8.012772804260253906e+04
8.013783369624614716e+04
8.014793934988975525e+04
8.015804500365257263e+04
8.016815065729618073e+04
8.017825631093978882e+04
8.018836196470260620e+04
8.019846761834621429e+04
8.020857327198982239e+04
8.021867892575263977e+04
8.022878457939624786e+04
8.023889023303985596e+04
8.024899588680267334e+04
8.025910154044628143e+04
8.026920719408988953e+04
8.027931284785270691e+04
8.028941850149631500e+04
8.029952415513992310e+04
8.030962980890274048e+04
8.031973546254634857e+04
8.032984111618995667e+04
8.033994676995277405e+04
8.035005242359638214e+04
8.036015807723999023e+04
8.037026373100280762e+04
8.038036938464641571e+04
8.039047503829002380e+04
8.040058069193363190e+04
8.041068634569644928e+04
8.042079199934005737e+04
8.043089765298366547e+04
8.044100330674648285e+04
8.045110896039009094e+04
8.046121461403369904e+04
8.047132026779651642e+04
8.048142592144012451e+04
8.049153157508373260e+04
8.050163722884654999e+04
8.051174288249015808e+04
8.052184853613376617e+04
8.053195418989658356e+04
8.054205984354019165e+04
8.055216549718379974e+04
8.056227115094661713e+04
8.057237680459022522e+04
8.058248245823383331e+04
8.059258811199665070e+04
8.060269376564025879e+04
8.061279941928386688e+04
8.062290507304668427e+04
8.063301072669029236e+04
8.064311638033390045e+04
8.065322203397750854e+04
8.066332768774032593e+04
8.067343334138393402e+04
8.068353899502754211e+04
8.069364464879035950e+04
8.070375030243396759e+04
8.071385595607757568e+04
8.072396160984039307e+04
8.073406726348400116e+04
8.074417291712760925e+04
8.075427857089042664e+04
8.076438422453403473e+04
8.077448987817764282e+04
8.078459553194046021e+04
8.079470118558406830e+04
8.080480683922767639e+04
8.081491249299049377e+04
8.082501814663410187e+04
8.083512380027770996e+04
8.084522945404052734e+04
8.085533510768413544e+04
8.086544076132774353e+04
8.087554641509056091e+04
8.088565206873416901e+04
8.089575772237777710e+04
8.090586337602138519e+04
8.091596902978420258e+04
8.092607468342781067e+04
8.093618033707141876e+04
8.094628599083423615e+04
8.095639164447784424e+04
8.096649729812145233e+04
8.097660295188426971e+04
8.098670860552787781e+04
8.099681425917148590e+04
8.100691991293430328e+04
8.101702556657791138e+04
8.102713122022151947e+04
8.103723687398433685e+04
8.104734252762794495e+04
8.105744818127155304e+04
8.106755383503437042e+04
8.107765948867797852e+04
8.108776514232158661e+04
8.109787079608440399e+04
8.110797644972801208e+04
8.111808210337162018e+04
8.112818775713443756e+04
8.113829341077804565e+04
8.114839906442165375e+04
8.115850471806526184e+04
8.116861037182807922e+04
8.117871602547168732e+04
8.118882167911529541e+04
8.119892733287811279e+04
8.120903298652172089e+04
8.121913864016532898e+04
8.122924429392814636e+04
8.123934994757175446e+04
8.124945560121536255e+04
8.125956125497817993e+04
8.126966690862178802e+04
8.127977256226539612e+04
8.128987821602821350e+04
8.129998386967182159e+04
8.131008952331542969e+04
8.132019517707824707e+04
8.133030083072185516e+04
8.134040648436546326e+04
8.135051213812828064e+04
8.136061779177188873e+04
8.137072344541549683e+04
8.138082909917831421e+04
8.139093475282192230e+04
8.140104040646553040e+04
8.141114606010913849e+04
8.142125171387195587e+04
8.143135736751556396e+04
8.144146302115917206e+04
8.145156867492198944e+04
8.146167432856559753e+04
8.147177998220920563e+04
8.148188563597202301e+04
8.149199128961563110e+04
8.150209694325923920e+04
8.151220259702205658e+04
8.152230825066566467e+04
8.153241390430927277e+04
8.154251955807209015e+04
8.155262521171569824e+04
8.156273086535930634e+04
8.157283651912212372e+04
8.158294217276573181e+04
8.159304782640933990e+04
8.160315348017215729e+04
8.161325913381576538e+04
8.162336478745937347e+04
8.163347044122219086e+04
8.164357609486579895e+04
8.165368174850940704e+04
8.166378740215301514e+04
8.167389305591583252e+04
8.168399870955944061e+04
8.169410436320304871e+04
8.170421001696586609e+04
8.171431567060947418e+04
8.172442132425308228e+04
8.173452697801589966e+04
8.174463263165950775e+04
8.175473828530311584e+04
8.176484393906593323e+04
8.177494959270954132e+04
8.178505524635314941e+04
8.179516090011596680e+04
8.180526655375957489e+04
8.181537220740318298e+04
8.182547786116600037e+04
8.183558351480960846e+04
8.184568916845321655e+04
8.185579482221603394e+04
8.186590047585964203e+04
8.187600612950325012e+04
8.188611178326606750e+04
8.189621743690967560e+04
8.190632309055328369e+04
8.191642874419689178e+04
8.192653439795970917e+04
8.193664005160331726e+04
8.194674570524692535e+04
8.195685135900974274e+04
8.196695701265335083e+04
8.197706266629695892e+04
8.198716832005977631e+04
8.199727397370338440e+04
8.200737962734699249e+04
8.201748528110980988e+04
8.202759093475341797e+04
8.203769658839702606e+04
8.204780224215984344e+04
8.205790789580345154e+04
8.206801354944705963e+04
8.207811920320987701e+04
8.208822485685348511e+04
8.209833051049709320e+04
8.210843616425991058e+04
8.211854181790351868e+04
8.212864747154712677e+04
8.213875312530994415e+04
8.214885877895355225e+04
8.215896443259716034e+04
8.216907008624076843e+04
8.217917574000358582e+04
8.218928139364719391e+04
8.219938704729080200e+04
8.220949270105361938e+04
8.221959835469722748e+04
8.222970400834083557e+04
8.223980966210365295e+04
8.224991531574726105e+04
8.226002096939086914e+04
8.227012662315368652e+04
8.228023227679729462e+04
8.229033793044090271e+04
8.230044358420372009e+04
8.231054923784732819e+04
8.232065489149093628e+04
8.233076054525375366e+04
8.234086619889736176e+04
8.235097185254096985e+04
8.236107750630378723e+04
8.237118315994739532e+04
8.238128881359100342e+04
8.239139446735382080e+04
8.240150012099742889e+04
8.241160577464103699e+04
8.242171142828464508e+04
8.243181708204746246e+04
8.244192273569107056e+04
8.245202838933467865e+04
8.246213404309749603e+04
8.247223969674110413e+04
8.248234535038471222e+04
8.249245100414752960e+04
8.250255665779113770e+04
8.251266231143474579e+04
8.252276796519756317e+04
8.253287361884117126e+04
8.254297927248477936e+04
8.255308492624759674e+04
8.256319057989120483e+04
8.257329623353481293e+04
8.258340188729763031e+04
8.259350754094123840e+04
8.260361319458484650e+04
8.261371884834766388e+04
8.262382450199127197e+04
8.263393015563488007e+04
8.264403580939769745e+04
8.265414146304130554e+04
8.266424711668491364e+04
8.267435277032852173e+04
8.268445842409133911e+04
8.269456407773494720e+04
8.270466973137855530e+04
8.271477538514137268e+04
8.272488103878498077e+04
8.273498669242858887e+04
8.274509234619140625e+04
8.275519799983501434e+04
8.276530365347862244e+04
8.277540930724143982e+04
8.278551496088504791e+04
8.279562061452865601e+04
8.280572626829147339e+04
8.281583192193508148e+04
8.282593757557868958e+04
8.283604322934150696e+04
8.284614888298511505e+04
8.285625453662872314e+04
8.286636019039154053e+04
8.287646584403514862e+04
8.288657149767875671e+04
8.289667715144157410e+04
8.290678280508518219e+04
8.291688845872879028e+04
8.292699411237239838e+04
8.293709976613521576e+04
8.294720541977882385e+04
8.295731107342243195e+04
8.296741672718524933e+04
8.297752238082885742e+04
8.298762803447246552e+04
8.299773368823528290e+04
8.300783934187889099e+04
8.301794499552249908e+04
8.302805064928531647e+04
8.303815630292892456e+04
8.304826195657253265e+04
8.305836761033535004e+04
8.306847326397895813e+04
8.307857891762256622e+04
8.308868457138538361e+04
8.309879022502899170e+04
8.310889587867259979e+04
8.311900153243541718e+04
8.312910718607902527e+04
8.313921283972263336e+04
8.314931849348545074e+04
8.315942414712905884e+04
8.316952980077266693e+04
8.317963545441627502e+04
8.318974110817909241e+04
8.319984676182270050e+04
8.320995241546630859e+04
8.322005806922912598e+04
8.323016372287273407e+04
8.324026937651634216e+04
8.325037503027915955e+04
8.326048068392276764e+04
8.327058633756637573e+04
8.328069199132919312e+04
8.329079764497280121e+04
8.330090329861640930e+04
8.331100895237922668e+04
8.332111460602283478e+04
8.333122025966644287e+04
8.334132591342926025e+04
8.335143156707286835e+04
8.336153722071647644e+04
8.337164287447929382e+04
8.338174852812290192e+04
8.339185418176651001e+04
8.340195983552932739e+04
8.341206548917293549e+04
8.342217114281654358e+04
8.343227679646015167e+04
8.344238245022296906e+04
8.345248810386657715e+04
8.346259375751018524e+04
8.347269941127300262e+04
8.348280506491661072e+04
8.349291071856021881e+04
8.350301637232303619e+04
8.351312202596664429e+04
8.352322767961025238e+04
8.353333333337306976e+04
8.354343898701667786e+04
8.355354464066028595e+04
8.356365029442310333e+04
8.357375594806671143e+04
8.358386160171031952e+04
8.359396725547313690e+04
8.360407290911674500e+04
8.361417856276035309e+04
8.362428421652317047e+04
8.363438987016677856e+04
8.364449552381038666e+04
8.365460117757320404e+04
8.366470683121681213e+04
8.367481248486042023e+04
8.368491813850402832e+04
8.369502379226684570e+04
8.370512944591045380e+04
8.371523509955406189e+04
8.372534075331687927e+04
8.373544640696048737e+04
8.374555206060409546e+04
8.375565771436691284e+04
8.376576336801052094e+04
8.377586902165412903e+04
8.378597467541694641e+04
8.379608032906055450e+04
8.380618598270416260e+04
8.381629163646697998e+04
8.382639729011058807e+04
8.383650294375419617e+04
8.384660859751701355e+04
8.385671425116062164e+04
8.386681990480422974e+04
8.387692555856704712e+04
8.388703121221065521e+04
8.389713686585426331e+04
8.390724251961708069e+04
8.391734817326068878e+04
8.392745382690429688e+04
8.393755948054790497e+04
8.394766513431072235e+04
8.395777078795433044e+04
8.396787644159793854e+04
8.397798209536075592e+04
8.398808774900436401e+04
8.399819340264797211e+04
8.400829905641078949e+04
8.401840471005439758e+04
8.402851036369800568e+04
8.403861601746082306e+04
8.404872167110443115e+04
8.405882732474803925e+04
8.406893297851085663e+04
8.407903863215446472e+04
8.408914428579807281e+04
8.409924993956089020e+04
8.410935559320449829e+04
8.411946124684810638e+04
8.412956690061092377e+04
8.413967255425453186e+04
8.414977820789813995e+04
8.415988386166095734e+04
8.416998951530456543e+04
8.418009516894817352e+04
8.419020082259178162e+04
8.420030647635459900e+04
8.421041212999820709e+04
8.422051778364181519e+04
8.423062343740463257e+04
8.424072909104824066e+04
8.425083474469184875e+04
8.426094039845466614e+04
8.427104605209827423e+04
8.428115170574188232e+04
8.429125735950469971e+04
8.430136301314830780e+04
8.431146866679191589e+04
8.432157432055473328e+04
8.433167997419834137e+04
8.434178562784194946e+04
8.435189128160476685e+04
8.436199693524837494e+04
8.437210258889198303e+04
8.438220824265480042e+04
8.439231389629840851e+04
8.440241954994201660e+04
8.441252520370483398e+04
8.442263085734844208e+04
8.443273651099205017e+04
8.444284216463565826e+04
8.445294781839847565e+04
8.446305347204208374e+04
8.447315912568569183e+04
8.448326477944850922e+04
8.449337043309211731e+04
8.450347608673572540e+04
8.451358174049854279e+04
8.452368739414215088e+04
8.453379304778575897e+04
8.454389870154857635e+04
8.455400435519218445e+04
8.456411000883579254e+04
8.457421566259860992e+04
8.458432131624221802e+04
8.459442696988582611e+04
8.460453262364864349e+04
8.461463827729225159e+04
8.462474393093585968e+04
8.463484958469867706e+04
8.464495523834228516e+04
8.465506089198589325e+04
8.466516654574871063e+04
8.467527219939231873e+04
8.468537785303592682e+04
8.469548350667953491e+04
8.470558916044235229e+04
8.471569481408596039e+04
8.472580046772956848e+04
8.473590612149238586e+04
8.474601177513599396e+04
8.475611742877960205e+04
8.476622308254241943e+04
8.477632873618602753e+04
8.478643438982963562e+04
8.479654004359245300e+04
8.480664569723606110e+04
8.481675135087966919e+04
8.482685700464248657e+04
8.483696265828609467e+04
8.484706831192970276e+04
8.485717396569252014e+04
8.486727961933612823e+04
8.487738527297973633e+04
8.488749092674255371e+04
8.489759658038616180e+04
8.490770223402976990e+04
8.491780788767337799e+04
8.492791354143619537e+04
8.493801919507980347e+04
8.494812484872341156e+04
8.495823050248622894e+04
8.496833615612983704e+04
8.497844180977344513e+04
8.498854746353626251e+04
8.499865311717987061e+04
8.500875877082347870e+04
8.501886442458629608e+04
8.502897007822990417e+04
8.503907573187351227e+04
8.504918138563632965e+04
8.505928703927993774e+04
8.506939269292354584e+04
8.507949834668636322e+04
8.508960400032997131e+04
8.509970965397357941e+04
8.510981530773639679e+04
8.511992096138000488e+04
8.513002661502361298e+04
8.514013226878643036e+04
8.515023792243003845e+04
8.516034357607364655e+04
8.517044922971725464e+04
8.518055488348007202e+04
8.519066053712368011e+04
8.520076619076728821e+04
8.521087184453010559e+04
8.522097749817371368e+04
8.523108315181732178e+04
8.524118880558013916e+04
8.525129445922374725e+04
8.526140011286735535e+04
8.527150576663017273e+04
8.528161142027378082e+04
8.529171707391738892e+04
8.530182272768020630e+04
8.531192838132381439e+04
8.532203403496742249e+04
8.533213968873023987e+04
8.534224534237384796e+04
8.535235099601745605e+04
8.536245664978027344e+04
8.537256230342388153e+04
8.538266795706748962e+04
8.539277361083030701e+04
8.540287926447391510e+04
8.541298491811752319e+04
8.542309057176113129e+04
8.543319622552394867e+04
8.544330187916755676e+04
8.545340753281116486e+04
8.546351318657398224e+04
8.547361884021759033e+04
8.548372449386119843e+04
8.549383014762401581e+04
8.550393580126762390e+04
8.551404145491123199e+04
8.552414710867404938e+04
8.553425276231765747e+04
8.554435841596126556e+04
8.555446406972408295e+04
8.556456972336769104e+04
8.557467537701129913e+04
8.558478103077411652e+04
8.559488668441772461e+04
8.560499233806133270e+04
8.561509799182415009e+04
8.562520364546775818e+04
8.563530929911136627e+04
8.564541495287418365e+04
8.565552060651779175e+04
8.566562626016139984e+04
8.567573191380500793e+04
8.568583756756782532e+04
8.569594322121143341e+04
8.570604887485504150e+04
8.571615452861785889e+04
8.572626018226146698e+04
8.573636583590507507e+04
8.574647148966789246e+04
8.575657714331150055e+04
8.576668279695510864e+04
8.577678845071792603e+04
8.578689410436153412e+04
8.579699975800514221e+04
8.580710541176795959e+04
8.581721106541156769e+04
8.582731671905517578e+04
8.583742237281799316e+04
8.584752802646160126e+04
8.585763368010520935e+04
8.586773933386802673e+04
8.587784498751163483e+04
8.588795064115524292e+04
8.589805629491806030e+04
8.590816194856166840e+04
8.591826760220527649e+04
8.592837325584888458e+04
8.593847890961170197e+04
8.594858456325531006e+04
8.595869021689891815e+04
8.596879587066173553e+04
8.597890152430534363e+04
8.598900717794895172e+04
8.599911283171176910e+04
8.600921848535537720e+04
8.601932413899898529e+04
8.602942979276180267e+04
8.603953544640541077e+04
8.604964110004901886e+04
8.605974675381183624e+04
8.606985240745544434e+04
8.607995806109905243e+04
8.609006371486186981e+04
8.610016936850547791e+04
8.611027502214908600e+04
8.612038067591190338e+04
8.613048632955551147e+04
8.614059198319911957e+04
8.615069763696193695e+04
8.616080329060554504e+04
8.617090894424915314e+04
8.618101459789276123e+04
8.619112025165557861e+04
8.620122590529918671e+04
8.621133155894279480e+04
8.622143721270561218e+04
8.623154286634922028e+04
8.624164851999282837e+04
8.625175417375564575e+04
8.626185982739925385e+04
8.627196548104286194e+04
8.628207113480567932e+04
8.629217678844928741e+04
8.630228244209289551e+04
8.631238809585571289e+04
8.632249374949932098e+04
8.633259940314292908e+04
8.634270505690574646e+04
8.635281071054935455e+04
8.636291636419296265e+04
8.637302201795578003e+04
8.638312767159938812e+04
8.639323332524299622e+04
8.640333897900581360e+04
8.641344463264942169e+04
8.642355028629302979e+04
8.643365593993663788e+04
8.644376159369945526e+04
8.645386724734306335e+04
8.646397290098667145e+04
8.647407855474948883e+04
8.648418420839309692e+04
8.649428986203670502e+04
8.650439551579952240e+04
8.651450116944313049e+04
8.652460682308673859e+04
8.653471247684955597e+04
8.654481813049316406e+04
8.655492378413677216e+04
8.656502943789958954e+04
8.657513509154319763e+04
8.658524074518680573e+04
8.659534639894962311e+04
8.660545205259323120e+04
8.661555770623683929e+04
8.662566335999965668e+04
8.663576901364326477e+04
8.664587466728687286e+04
8.665598032104969025e+04
8.666608597469329834e+04
8.667619162833690643e+04
8.668629728198051453e+04
8.669640293574333191e+04
8.670650858938694000e+04
8.671661424303054810e+04
8.672671989679336548e+04
8.673682555043697357e+04
8.674693120408058167e+04
8.675703685784339905e+04
8.676714251148700714e+04
8.677724816513061523e+04
8.678735381889343262e+04
8.679745947253704071e+04
8.680756512618064880e+04
8.681767077994346619e+04
8.682777643358707428e+04
8.683788208723068237e+04
8.684798774099349976e+04
8.685809339463710785e+04
8.686819904828071594e+04
8.687830470204353333e+04
8.688841035568714142e+04
8.689851600933074951e+04
8.690862166309356689e+04
8.691872731673717499e+04
8.692883297038078308e+04
8.693893862402439117e+04
8.694904427778720856e+04
8.695914993143081665e+04
8.696925558507442474e+04
8.697936123883724213e+04
8.698946689248085022e+04
8.699957254612445831e+04
8.700967819988727570e+04
8.701978385353088379e+04
8.702988950717449188e+04
8.703999516093730927e+04
8.705010081458091736e+04
8.706020646822452545e+04
8.707031212198734283e+04
8.708041777563095093e+04
8.709052342927455902e+04
8.710062908303737640e+04
8.711073473668098450e+04
8.712084039032459259e+04
8.713094604408740997e+04
8.714105169773101807e+04
8.715115735137462616e+04
8.716126300513744354e+04
8.717136865878105164e+04
8.718147431242465973e+04
8.719157996606826782e+04
8.720168561983108521e+04
8.721179127347469330e+04
8.722189692711830139e+04
8.723200258088111877e+04
8.724210823452472687e+04
8.725221388816833496e+04
8.726231954193115234e+04
8.727242519557476044e+04
8.728253084921836853e+04
8.729263650298118591e+04
8.730274215662479401e+04
8.731284781026840210e+04
8.732295346403121948e+04
8.733305911767482758e+04
8.734316477131843567e+04
8.735327042508125305e+04
8.736337607872486115e+04
8.737348173236846924e+04
8.738358738613128662e+04
8.739369303977489471e+04
8.740379869341850281e+04
8.741390434718132019e+04
8.742401000082492828e+04
8.743411565446853638e+04
8.744422130811214447e+04
8.745432696187496185e+04
8.746443261551856995e+04
8.747453826916217804e+04
8.748464392292499542e+04
8.749474957656860352e+04
8.750485523021221161e+04
8.751496088397502899e+04
8.752506653761863708e+04
8.753517219126224518e+04
8.754527784502506256e+04
8.755538349866867065e+04
8.756548915231227875e+04
8.757559480607509613e+04
8.758570045971870422e+04
8.759580611336231232e+04
8.760591176712512970e+04
8.761601742076873779e+04
8.762612307441234589e+04
8.763622872817516327e+04
8.764633438181877136e+04
8.765644003546237946e+04
8.766654568922519684e+04
8.767665134286880493e+04
8.768675699651241302e+04
8.769686265015602112e+04
8.770696830391883850e+04
8.771707395756244659e+04
8.772717961120605469e+04
8.773728526496887207e+04
8.774739091861248016e+04
8.775749657225608826e+04
8.776760222601890564e+04
8.777770787966251373e+04
8.778781353330612183e+04
8.779791918706893921e+04
8.780802484071254730e+04
8.781813049435615540e+04
8.782823614811897278e+04
8.783834180176258087e+04
8.784844745540618896e+04
8.785855310916900635e+04
8.786865876281261444e+04
8.787876441645622253e+04
8.788887007021903992e+04
8.789897572386264801e+04
8.790908137750625610e+04
8.791918703126907349e+04
8.792929268491268158e+04
8.793939833855628967e+04
8.794950399219989777e+04
8.795960964596271515e+04
8.796971529960632324e+04
8.797982095324993134e+04
8.798992660701274872e+04
8.800003226065635681e+04
8.801013791429996490e+04
8.802024356806278229e+04
8.803034922170639038e+04
8.804045487534999847e+04
8.805056052911281586e+04
8.806066618275642395e+04
8.807077183640003204e+04
8.808087749016284943e+04
8.809098314380645752e+04
8.810108879745006561e+04
8.811119445121288300e+04
8.812130010485649109e+04
8.813140575850009918e+04
8.814151141226291656e+04
8.815161706590652466e+04
8.816172271955013275e+04
8.817182837331295013e+04
8.818193402695655823e+04
8.819203968060016632e+04
8.820214533424377441e+04
8.821225098800659180e+04
8.822235664165019989e+04
8.823246229529380798e+04
8.824256794905662537e+04
8.825267360270023346e+04
8.826277925634384155e+04
8.827288491010665894e+04
8.828299056375026703e+04
8.829309621739387512e+04
8.830320187115669250e+04
8.831330752480030060e+04
8.832341317844390869e+04
8.833351883220672607e+04
8.834362448585033417e+04
8.835373013949394226e+04
8.836383579325675964e+04
8.837394144690036774e+04
8.838404710054397583e+04
8.839415275430679321e+04
8.840425840795040131e+04
8.841436406159400940e+04
8.842446971535682678e+04
8.843457536900043488e+04
8.844468102264404297e+04
8.845478667628765106e+04
8.846489233005046844e+04
8.847499798369407654e+04
8.848510363733768463e+04
8.849520929110050201e+04
8.850531494474411011e+04
8.851542059838771820e+04
8.852552625215053558e+04
8.853563190579414368e+04
8.854573755943775177e+04
8.855584321320056915e+04
8.856594886684417725e+04
8.857605452048778534e+04
8.858616017425060272e+04
8.859626582789421082e+04
8.860637148153781891e+04
8.861647713530063629e+04
8.862658278894424438e+04
8.863668844258785248e+04
8.864679409635066986e+04
8.865689974999427795e+04
8.866700540363788605e+04
8.867711105740070343e+04
8.868721671104431152e+04
8.869732236468791962e+04
8.870742801833152771e+04
8.871753367209434509e+04
8.872763932573795319e+04
8.873774497938156128e+04
8.874785063314437866e+04
8.875795628678798676e+04
8.876806194043159485e+04
8.877816759419441223e+04
8.878827324783802032e+04
8.879837890148162842e+04
8.880848455524444580e+04
8.881859020888805389e+04
8.882869586253166199e+04
8.883880151629447937e+04
8.884890716993808746e+04
8.885901282358169556e+04
8.886911847734451294e+04
8.887922413098812103e+04
8.888932978463172913e+04
8.889943543839454651e+04
8.890954109203815460e+04
8.891964674568176270e+04
8.892975239944458008e+04
8.893985805308818817e+04
8.894996370673179626e+04
8.896006936037540436e+04
8.897017501413822174e+04
8.898028066778182983e+04
8.899038632142543793e+04
8.900049197518825531e+04
8.901059762883186340e+04
8.902070328247547150e+04
8.903080893623828888e+04
8.904091458988189697e+04
8.905102024352550507e+04
8.906112589728832245e+04
8.907123155093193054e+04
8.908133720457553864e+04
8.909144285833835602e+04
8.910154851198196411e+04
8.911165416562557220e+04
8.912175981938838959e+04
8.913186547303199768e+04
8.914197112667560577e+04
8.915207678043842316e+04
8.916218243408203125e+04
8.917228808772563934e+04
8.918239374148845673e+04
8.919249939513206482e+04
8.920260504877567291e+04
8.921271070241928101e+04
8.922281635618209839e+04
8.923292200982570648e+04
8.924302766346931458e+04
8.925313331723213196e+04
8.926323897087574005e+04
8.927334462451934814e+04
8.928345027828216553e+04
8.929355593192577362e+04
8.930366158556938171e+04
8.931376723933219910e+04
8.932387289297580719e+04
8.933397854661941528e+04
8.934408420038223267e+04
8.935418985402584076e+04
8.936429550766944885e+04
8.937440116143226624e+04
8.938450681507587433e+04
8.939461246871948242e+04
8.940471812248229980e+04
8.941482377612590790e+04
8.942492942976951599e+04
8.943503508353233337e+04
8.944514073717594147e+04
8.945524639081954956e+04
8.946535204446315765e+04
8.947545769822597504e+04
8.948556335186958313e+04
8.949566900551319122e+04
8.950577465927600861e+04
8.951588031291961670e+04
8.952598596656322479e+04
8.953609162032604218e+04
8.954619727396965027e+04
8.955630292761325836e+04
8.956640858137607574e+04
8.957651423501968384e+04
8.958661988866329193e+04
8.959672554242610931e+04
8.960683119606971741e+04
8.961693684971332550e+04
8.962704250347614288e+04
8.963714815711975098e+04
8.964725381076335907e+04
8.965735946452617645e+04
8.966746511816978455e+04
8.967757077181339264e+04
8.968767642557621002e+04
8.969778207921981812e+04
8.970788773286342621e+04
8.971799338650703430e+04
8.972809904026985168e+04
8.973820469391345978e+04
8.974831034755706787e+04
8.975841600131988525e+04
8.976852165496349335e+04
8.977862730860710144e+04
8.978873296236991882e+04
8.979883861601352692e+04
8.980894426965713501e+04
8.981904992341995239e+04
8.982915557706356049e+04
8.983926123070716858e+04
8.984936688446998596e+04
8.985947253811359406e+04
8.986957819175720215e+04
8.987968384552001953e+04
8.988978949916362762e+04
8.989989515280723572e+04
8.991000080657005310e+04
8.992010646021366119e+04
8.993021211385726929e+04
8.994031776762008667e+04
8.995042342126369476e+04
8.996052907490730286e+04
8.997063472855091095e+04
8.998074038231372833e+04
8.999084603595733643e+04
9.000095168960094452e+04
9.001105734336376190e+04
9.002116299700737000e+04
9.003126865065097809e+04
9.004137430441379547e+04
9.005147995805740356e+04
9.006158561170101166e+04
9.007169126546382904e+04
9.008179691910743713e+04
9.009190257275104523e+04
9.010200822651386261e+04
9.011211388015747070e+04
9.012221953380107880e+04
9.013232518756389618e+04
9.014243084120750427e+04
9.015253649485111237e+04
9.016264214861392975e+04
9.017274780225753784e+04
9.018285345590114594e+04
9.019295910966396332e+04
9.020306476330757141e+04
9.021317041695117950e+04
9.022327607059478760e+04
9.023338172435760498e+04
9.024348737800121307e+04
9.025359303164482117e+04
9.026369868540763855e+04
9.027380433905124664e+04
9.028390999269485474e+04
9.029401564645767212e+04
9.030412130010128021e+04
9.031422695374488831e+04
9.032433260750770569e+04
9.033443826115131378e+04
9.034454391479492188e+04
9.035464956855773926e+04
9.036475522220134735e+04
9.037486087584495544e+04
9.038496652960777283e+04
9.039507218325138092e+04
9.040517783689498901e+04
9.041528349065780640e+04
9.042538914430141449e+04
9.043549479794502258e+04
9.044560045170783997e+04
9.045570610535144806e+04
9.046581175899505615e+04
9.047591741263866425e+04
9.048602306640148163e+04
9.049612872004508972e+04
9.050623437368869781e+04
9.051634002745151520e+04
9.052644568109512329e+04
9.053655133473873138e+04
9.054665698850154877e+04
9.055676264214515686e+04
9.056686829578876495e+04
9.057697394955158234e+04
9.058707960319519043e+04
9.059718525683879852e+04
9.060729091060161591e+04
9.061739656424522400e+04
9.062750221788883209e+04
9.063760787165164948e+04
9.064771352529525757e+04
9.065781917893886566e+04
9.066792483270168304e+04
9.067803048634529114e+04
9.068813613998889923e+04
9.069824179375171661e+04
9.070834744739532471e+04
9.071845310103893280e+04
9.072855875468254089e+04
9.073866440844535828e+04
9.074877006208896637e+04
9.075887571573257446e+04
9.076898136949539185e+04
9.077908702313899994e+04
9.078919267678260803e+04
9.079929833054542542e+04
9.080940398418903351e+04
9.081950963783264160e+04
9.082961529159545898e+04
9.083972094523906708e+04
9.084982659888267517e+04
9.085993225264549255e+04
9.087003790628910065e+04
9.088014355993270874e+04
9.089024921369552612e+04
9.090035486733913422e+04
9.091046052098274231e+04
9.092056617474555969e+04
9.093067182838916779e+04
9.094077748203277588e+04
9.095088313579559326e+04
9.096098878943920135e+04
9.097109444308280945e+04
9.098120009672641754e+04
9.099130575048923492e+04
9.100141140413284302e+04
9.101151705777645111e+04
9.102162271153926849e+04
9.103172836518287659e+04
9.104183401882648468e+04
9.105193967258930206e+04
9.106204532623291016e+04
9.107215097987651825e+04
9.108225663363933563e+04
9.109236228728294373e+04
9.110246794092655182e+04
9.111257359468936920e+04
9.112267924833297729e+04
9.113278490197658539e+04
9.114289055573940277e+04
9.115299620938301086e+04
9.116310186302661896e+04
9.117320751678943634e+04
9.118331317043304443e+04
9.119341882407665253e+04
9.120352447783946991e+04
9.121363013148307800e+04
9.122373578512668610e+04
9.123384143877029419e+04
9.124394709253311157e+04
9.125405274617671967e+04
9.126415839982032776e+04
9.127426405358314514e+04
9.128436970722675323e+04
9.129447536087036133e+04
9.130458101463317871e+04
9.131468666827678680e+04
9.132479232192039490e+04
9.133489797568321228e+04
9.134500362932682037e+04
9.135510928297042847e+04
9.136521493673324585e+04
9.137532059037685394e+04
9.138542624402046204e+04
9.139553189778327942e+04
9.140563755142688751e+04
9.141574320507049561e+04
9.142584885883331299e+04
9.143595451247692108e+04
9.144606016612052917e+04
9.145616581988334656e+04
9.146627147352695465e+04
9.147637712717056274e+04
9.148648278081417084e+04
9.149658843457698822e+04
9.150669408822059631e+04
9.151679974186420441e+04
9.152690539562702179e+04
9.153701104927062988e+04
9.154711670291423798e+04
9.155722235667705536e+04
9.156732801032066345e+04
9.157743366396427155e+04
9.158753931772708893e+04
9.159764497137069702e+04
9.160775062501430511e+04
9.161785627877712250e+04
9.162796193242073059e+04
9.163806758606433868e+04
9.164817323982715607e+04
9.165827889347076416e+04
9.166838454711437225e+04
9.167849020087718964e+04
9.168859585452079773e+04
9.169870150816440582e+04
9.170880716192722321e+04
9.171891281557083130e+04
9.172901846921443939e+04
9.173912412285804749e+04
9.174922977662086487e+04
9.175933543026447296e+04
9.176944108390808105e+04
9.177954673767089844e+04
9.178965239131450653e+04
9.179975804495811462e+04
9.180986369872093201e+04
9.181996935236454010e+04
9.183007500600814819e+04
9.184018065977096558e+04
9.185028631341457367e+04
9.186039196705818176e+04
9.187049762082099915e+04
9.188060327446460724e+04
9.189070892810821533e+04
9.190081458187103271e+04
9.191092023551464081e+04
9.192102588915824890e+04
9.193113154292106628e+04
9.194123719656467438e+04
9.195134285020828247e+04
9.196144850397109985e+04
9.197155415761470795e+04
9.198165981125831604e+04
9.199176546490192413e+04
9.200187111866474152e+04
9.201197677230834961e+04
9.202208242595195770e+04
9.203218807971477509e+04
9.204229373335838318e+04
9.205239938700199127e+04
9.206250504076480865e+04
9.207261069440841675e+04
9.208271634805202484e+04
9.209282200181484222e+04
9.210292765545845032e+04
9.211303330910205841e+04
9.212313896286487579e+04
9.213324461650848389e+04
9.214335027015209198e+04
9.215345592391490936e+04
9.216356157755851746e+04
9.217366723120212555e+04
9.218377288496494293e+04
9.219387853860855103e+04
9.220398419225215912e+04
9.221408984589576721e+04
9.222419549965858459e+04
9.223430115330219269e+04
9.224440680694580078e+04
9.225451246070861816e+04
9.226461811435222626e+04
9.227472376799583435e+04
9.228482942175865173e+04
9.229493507540225983e+04
9.230504072904586792e+04
9.231514638280868530e+04
9.232525203645229340e+04
9.233535769009590149e+04
9.234546334385871887e+04
9.235556899750232697e+04
9.236567465114593506e+04
9.237578030490875244e+04
9.238588595855236053e+04
9.239599161219596863e+04
9.240609726595878601e+04
9.241620291960239410e+04
9.242630857324600220e+04
9.243641422700881958e+04
9.244651988065242767e+04
9.245662553429603577e+04
9.246673118793964386e+04
9.247683684170246124e+04
9.248694249534606934e+04
9.249704814898967743e+04
9.250715380275249481e+04
9.251725945639610291e+04
9.252736511003971100e+04
9.253747076380252838e+04
9.254757641744613647e+04
9.255768207108974457e+04
9.256778772485256195e+04
9.257789337849617004e+04
9.258799903213977814e+04
9.259810468590259552e+04
9.260821033954620361e+04
9.261831599318981171e+04
9.262842164695262909e+04
9.263852730059623718e+04
9.264863295423984528e+04
9.265873860800266266e+04
9.266884426164627075e+04
9.267894991528987885e+04
9.268905556905269623e+04
9.269916122269630432e+04
9.270926687633991241e+04
9.271937252998352051e+04
9.272947818374633789e+04
9.273958383738994598e+04
9.274968949103355408e+04
9.275979514479637146e+04
9.276990079843997955e+04
9.278000645208358765e+04
9.279011210584640503e+04
9.280021775949001312e+04
9.281032341313362122e+04
9.282042906689643860e+04
9.283053472054004669e+04
9.284064037418365479e+04
9.285074602794647217e+04
9.286085168159008026e+04
9.287095733523368835e+04
9.288106298899650574e+04
9.289116864264011383e+04
9.290127429628372192e+04
9.291137995004653931e+04
9.292148560369014740e+04
9.293159125733375549e+04
9.294169691109657288e+04
9.295180256474018097e+04
9.296190821838378906e+04
9.297201387202739716e+04
9.298211952579021454e+04
9.299222517943382263e+04
9.300233083307743073e+04
9.301243648684024811e+04
9.302254214048385620e+04
9.303264779412746429e+04
9.304275344789028168e+04
9.305285910153388977e+04
9.306296475517749786e+04
9.307307040894031525e+04
9.308317606258392334e+04
9.309328171622753143e+04
9.310338736999034882e+04
9.311349302363395691e+04
9.312359867727756500e+04
9.313370433104038239e+04
9.314380998468399048e+04
9.315391563832759857e+04
9.316402129209041595e+04
9.317412694573402405e+04
9.318423259937763214e+04
9.319433825314044952e+04
9.320444390678405762e+04
9.321454956042766571e+04
9.322465521407127380e+04
9.323476086783409119e+04
9.324486652147769928e+04
9.325497217512130737e+04
9.326507782888412476e+04
9.327518348252773285e+04
9.328528913617134094e+04
9.329539478993415833e+04
9.330550044357776642e+04
9.331560609722137451e+04
9.332571175098419189e+04
9.333581740462779999e+04
9.334592305827140808e+04
9.335602871203422546e+04
9.336613436567783356e+04
9.337624001932144165e+04
9.338634567308425903e+04
9.339645132672786713e+04
9.340655698037147522e+04
9.341666263413429260e+04
9.342676828777790070e+04
9.343687394142150879e+04
9.344697959518432617e+04
9.345708524882793427e+04
9.346719090247154236e+04
9.347729655611515045e+04
9.348740220987796783e+04
9.349750786352157593e+04
9.350761351716518402e+04
9.351771917092800140e+04
9.352782482457160950e+04
9.353793047821521759e+04
9.354803613197803497e+04
9.355814178562164307e+04
9.356824743926525116e+04
9.357835309302806854e+04
9.358845874667167664e+04
9.359856440031528473e+04
9.360867005407810211e+04
9.361877570772171021e+04
9.362888136136531830e+04
9.363898701512813568e+04
9.364909266877174377e+04
9.365919832241535187e+04
9.366930397617816925e+04
9.367940962982177734e+04
9.368951528346538544e+04
9.369962093722820282e+04
9.370972659087181091e+04
9.371983224451541901e+04
9.372993789815902710e+04
9.374004355192184448e+04
9.375014920556545258e+04
9.376025485920906067e+04
9.377036051297187805e+04
9.378046616661548615e+04
9.379057182025909424e+04
9.380067747402191162e+04
9.381078312766551971e+04
9.382088878130912781e+04
9.383099443507194519e+04
9.384110008871555328e+04
9.385120574235916138e+04
9.386131139612197876e+04
9.387141704976558685e+04
9.388152270340919495e+04
9.389162835717201233e+04
9.390173401081562042e+04
9.391183966445922852e+04
9.392194531822204590e+04
9.393205097186565399e+04
9.394215662550926208e+04
9.395226227927207947e+04
9.396236793291568756e+04
9.397247358655929565e+04
9.398257924020290375e+04
9.399268489396572113e+04
9.400279054760932922e+04
9.401289620125293732e+04
9.402300185501575470e+04
9.403310750865936279e+04
9.404321316230297089e+04
9.405331881606578827e+04
9.406342446970939636e+04
9.407353012335300446e+04
9.408363577711582184e+04
9.409374143075942993e+04
9.410384708440303802e+04
9.411395273816585541e+04
9.412405839180946350e+04
9.413416404545307159e+04
9.414426969921588898e+04
9.415437535285949707e+04
9.416448100650310516e+04
9.417458666026592255e+04
9.418469231390953064e+04
9.419479796755313873e+04
9.420490362131595612e+04
9.421500927495956421e+04
9.422511492860317230e+04
9.423522058224678040e+04
9.424532623600959778e+04
9.425543188965320587e+04
9.426553754329681396e+04
9.427564319705963135e+04
9.428574885070323944e+04
9.429585450434684753e+04
9.430596015810966492e+04
9.431606581175327301e+04
9.432617146539688110e+04
9.433627711915969849e+04
9.434638277280330658e+04
9.435648842644691467e+04
9.436659408020973206e+04
9.437669973385334015e+04
9.438680538749694824e+04
9.439691104125976562e+04
9.440701669490337372e+04
9.441712234854698181e+04
9.442722800230979919e+04
9.443733365595340729e+04
9.444743930959701538e+04
9.445754496335983276e+04
9.446765061700344086e+04
9.447775627064704895e+04
9.448786192429065704e+04
9.449796757805347443e+04
9.450807323169708252e+04
9.451817888534069061e+04
9.452828453910350800e+04
9.453839019274711609e+04
9.454849584639072418e+04
9.455860150015354156e+04
9.456870715379714966e+04
9.457881280744075775e+04
9.458891846120357513e+04
9.459902411484718323e+04
9.460912976849079132e+04
9.461923542225360870e+04
9.462934107589721680e+04
9.463944672954082489e+04
9.464955238330364227e+04
9.465965803694725037e+04
9.466976369059085846e+04
9.467986934435367584e+04
9.468997499799728394e+04
9.470008065164089203e+04
9.471018630540370941e+04
9.472029195904731750e+04
9.473039761269092560e+04
9.474050326633453369e+04
9.475060892009735107e+04
9.476071457374095917e+04
9.477082022738456726e+04
9.478092588114738464e+04
9.479103153479099274e+04
9.480113718843460083e+04
9.481124284219741821e+04
9.482134849584102631e+04
9.483145414948463440e+04
9.484155980324745178e+04
9.485166545689105988e+04
9.486177111053466797e+04
9.487187676429748535e+04
9.488198241794109344e+04
9.489208807158470154e+04
9.490219372534751892e+04
9.491229937899112701e+04
9.492240503263473511e+04
9.493251068639755249e+04
9.494261634004116058e+04
9.495272199368476868e+04
9.496282764744758606e+04
9.497293330109119415e+04
9.498303895473480225e+04
9.499314460837841034e+04
9.500325026214122772e+04
9.501335591578483582e+04
9.502346156942844391e+04
9.503356722319126129e+04
9.504367287683486938e+04
9.505377853047847748e+04
9.506388418424129486e+04
9.507398983788490295e+04
9.508409549152851105e+04
9.509420114529132843e+04
9.510430679893493652e+04
9.511441245257854462e+04
9.512451810634136200e+04
9.513462375998497009e+04
9.514472941362857819e+04
9.515483506739139557e+04
9.516494072103500366e+04
9.517504637467861176e+04
9.518515202844142914e+04
9.519525768208503723e+04
9.520536333572864532e+04
9.521546898949146271e+04
9.522557464313507080e+04
9.523568029677867889e+04
9.524578595042228699e+04
9.525589160418510437e+04
9.526599725782871246e+04
9.527610291147232056e+04
9.528620856523513794e+04
9.529631421887874603e+04
9.530641987252235413e+04
9.531652552628517151e+04
9.532663117992877960e+04
9.533673683357238770e+04
9.534684248733520508e+04
9.535694814097881317e+04
9.536705379462242126e+04
9.537715944838523865e+04
9.538726510202884674e+04
9.539737075567245483e+04
9.540747640943527222e+04
9.541758206307888031e+04
9.542768771672248840e+04
9.543779337048530579e+04
9.544789902412891388e+04
9.545800467777252197e+04
9.546811033153533936e+04
9.547821598517894745e+04
9.548832163882255554e+04
9.549842729246616364e+04
9.550853294622898102e+04
9.551863859987258911e+04
9.552874425351619720e+04
9.553884990727901459e+04
9.554895556092262268e+04
9.555906121456623077e+04
9.556916686832904816e+04
9.557927252197265625e+04
9.558937817561626434e+04
9.559948382937908173e+04
9.560958948302268982e+04
9.561969513666629791e+04
9.562980079042911530e+04
9.563990644407272339e+04
9.565001209771633148e+04
9.566011775147914886e+04
9.567022340512275696e+04
9.568032905876636505e+04
9.569043471252918243e+04
9.570054036617279053e+04
9.571064601981639862e+04
9.572075167357921600e+04
9.573085732722282410e+04
9.574096298086643219e+04
9.575106863451004028e+04
9.576117428827285767e+04
9.577127994191646576e+04
9.578138559556007385e+04
9.579149124932289124e+04
9.580159690296649933e+04
9.581170255661010742e+04
9.582180821037292480e+04
9.583191386401653290e+04
9.584201951766014099e+04
9.585212517142295837e+04
9.586223082506656647e+04
9.587233647871017456e+04
9.588244213247299194e+04
9.589254778611660004e+04
9.590265343976020813e+04
9.591275909352302551e+04
9.592286474716663361e+04
9.593297040081024170e+04
9.594307605457305908e+04
9.595318170821666718e+04
9.596328736186027527e+04
9.597339301562309265e+04
9.598349866926670074e+04
9.599360432291030884e+04
9.600370997655391693e+04
9.601381563031673431e+04
9.602392128396034241e+04
9.603402693760395050e+04
9.604413259136676788e+04
9.605423824501037598e+04
9.606434389865398407e+04
9.607444955241680145e+04
9.608455520606040955e+04
9.609466085970401764e+04
9.610476651346683502e+04
9.611487216711044312e+04
9.612497782075405121e+04
9.613508347451686859e+04
9.614518912816047668e+04
9.615529478180408478e+04
9.616540043556690216e+04
9.617550608921051025e+04
9.618561174285411835e+04
9.619571739661693573e+04
9.620582305026054382e+04
9.621592870390415192e+04
9.622603435766696930e+04
9.623614001131057739e+04
9.624624566495418549e+04
9.625635131859779358e+04
9.626645697236061096e+04
9.627656262600421906e+04
9.628666827964782715e+04
9.629677393341064453e+04
9.630687958705425262e+04
9.631698524069786072e+04
9.632709089446067810e+04
9.633719654810428619e+04
9.634730220174789429e+04
9.635740785551071167e+04
9.636751350915431976e+04
9.637761916279792786e+04
9.638772481656074524e+04
9.639783047020435333e+04
9.640793612384796143e+04
9.641804177761077881e+04
9.642814743125438690e+04
9.643825308489799500e+04
9.644835873866081238e+04
9.645846439230442047e+04
9.646857004594802856e+04
9.647867569971084595e+04
9.648878135335445404e+04
9.649888700699806213e+04
9.650899266064167023e+04
9.651909831440448761e+04
9.652920396804809570e+04
9.653930962169170380e+04
9.654941527545452118e+04
9.655952092909812927e+04
9.656962658274173737e+04
9.657973223650455475e+04
9.658983789014816284e+04
9.659994354379177094e+04
9.661004919755458832e+04
9.662015485119819641e+04
9.663026050484180450e+04
9.664036615860462189e+04
9.665047181224822998e+04
9.666057746589183807e+04
9.667068311965465546e+04
9.668078877329826355e+04
9.669089442694187164e+04
9.670100008070468903e+04
9.671110573434829712e+04
9.672121138799190521e+04
9.673131704175472260e+04
9.674142269539833069e+04
9.675152834904193878e+04
9.676163400268554688e+04
9.677173965644836426e+04
9.678184531009197235e+04
9.679195096373558044e+04
9.680205661749839783e+04
9.681216227114200592e+04
9.682226792478561401e+04
9.683237357854843140e+04
9.684247923219203949e+04
9.685258488583564758e+04
9.686269053959846497e+04
9.687279619324207306e+04
9.688290184688568115e+04
9.689300750064849854e+04
9.690311315429210663e+04
9.691321880793571472e+04
9.692332446169853210e+04
9.693343011534214020e+04
9.694353576898574829e+04
9.695364142274856567e+04
9.696374707639217377e+04
9.697385273003578186e+04
9.698395838379859924e+04
9.699406403744220734e+04
9.700416969108581543e+04
9.701427534472942352e+04
9.702438099849224091e+04
9.703448665213584900e+04
9.704459230577945709e+04
9.705469795954227448e+04
9.706480361318588257e+04
9.707490926682949066e+04
9.708501492059230804e+04
9.709512057423591614e+04
9.710522622787952423e+04
9.711533188164234161e+04
9.712543753528594971e+04
9.713554318892955780e+04
9.714564884269237518e+04
9.715575449633598328e+04
9.716586014997959137e+04
9.717596580374240875e+04
9.718607145738601685e+04
9.719617711102962494e+04
9.720628276479244232e+04
9.721638841843605042e+04
9.722649407207965851e+04
9.723659972584247589e+04
9.724670537948608398e+04
9.725681103312969208e+04
9.726691668677330017e+04
9.727702234053611755e+04
9.728712799417972565e+04
9.729723364782333374e+04
9.730733930158615112e+04
9.731744495522975922e+04
9.732755060887336731e+04
9.733765626263618469e+04
9.734776191627979279e+04
9.735786756992340088e+04
9.736797322368621826e+04
9.737807887732982635e+04
9.738818453097343445e+04
9.739829018473625183e+04
9.740839583837985992e+04
9.741850149202346802e+04
9.742860714578628540e+04
9.743871279942989349e+04
9.744881845307350159e+04
9.745892410683631897e+04
9.746902976047992706e+04
9.747913541412353516e+04
9.748924106788635254e+04
9.749934672152996063e+04
9.750945237517356873e+04
9.751955802881717682e+04
9.752966368257999420e+04
9.753976933622360229e+04
9.754987498986721039e+04
9.755998064363002777e+04
9.757008629727363586e+04
9.758019195091724396e+04
9.759029760468006134e+04
9.760040325832366943e+04
9.761050891196727753e+04
9.762061456573009491e+04
9.763072021937370300e+04
9.764082587301731110e+04
9.765093152678012848e+04
9.766103718042373657e+04
9.767114283406734467e+04
9.768124848783016205e+04
9.769135414147377014e+04
9.770145979511737823e+04
9.771156544888019562e+04
9.772167110252380371e+04
9.773177675616741180e+04
9.774188240993022919e+04
9.775198806357383728e+04
9.776209371721744537e+04
9.777219937086105347e+04
9.778230502462387085e+04
9.779241067826747894e+04
9.780251633191108704e+04
9.781262198567390442e+04
9.782272763931751251e+04
9.783283329296112061e+04
9.784293894672393799e+04
9.785304460036754608e+04
9.786315025401115417e+04
9.787325590777397156e+04
9.788336156141757965e+04
9.789346721506118774e+04
9.790357286882400513e+04
9.791367852246761322e+04
9.792378417611122131e+04
9.793388982987403870e+04
9.794399548351764679e+04
9.795410113716125488e+04
9.796420679092407227e+04
9.797431244456768036e+04
9.798441809821128845e+04
9.799452375197410583e+04
9.800462940561771393e+04
9.801473505926132202e+04
9.802484071290493011e+04
9.803494636666774750e+04
9.804505202031135559e+04
9.805515767395496368e+04
9.806526332771778107e+04
9.807536898136138916e+04
9.808547463500499725e+04
9.809558028876781464e+04
9.810568594241142273e+04
9.811579159605503082e+04
9.812589724981784821e+04
9.813600290346145630e+04
9.814610855710506439e+04
9.815621421086788177e+04
9.816631986451148987e+04
9.817642551815509796e+04
9.818653117191791534e+04
9.819663682556152344e+04
9.820674247920513153e+04
9.821684813296794891e+04
9.822695378661155701e+04
9.823705944025516510e+04
9.824716509401798248e+04
9.825727074766159058e+04
9.826737640130519867e+04
9.827748205494880676e+04
9.828758770871162415e+04
9.829769336235523224e+04
9.830779901599884033e+04
9.831790466976165771e+04
9.832801032340526581e+04
9.833811597704887390e+04
9.834822163081169128e+04
9.835832728445529938e+04
9.836843293809890747e+04
9.837853859186172485e+04
9.838864424550533295e+04
9.839874989914894104e+04
9.840885555291175842e+04
9.841896120655536652e+04
9.842906686019897461e+04
9.843917251396179199e+04
9.844927816760540009e+04
9.845938382124900818e+04
9.846948947501182556e+04
9.847959512865543365e+04
9.848970078229904175e+04
9.849980643606185913e+04
9.850991208970546722e+04
9.852001774334907532e+04
9.853012339699268341e+04
9.854022905075550079e+04
9.855033470439910889e+04
9.856044035804271698e+04
9.857054601180553436e+04
9.858065166544914246e+04
9.859075731909275055e+04
9.860086297285556793e+04
9.861096862649917603e+04
9.862107428014278412e+04
9.863117993390560150e+04
9.864128558754920959e+04
9.865139124119281769e+04
9.866149689495563507e+04
9.867160254859924316e+04
9.868170820224285126e+04
9.869181385600566864e+04
9.870191950964927673e+04
9.871202516329288483e+04
9.872213081705570221e+04
9.873223647069931030e+04
9.874234212434291840e+04
9.875244777810573578e+04
9.876255343174934387e+04
9.877265908539295197e+04
9.878276473903656006e+04
9.879287039279937744e+04
9.880297604644298553e+04
9.881308170008659363e+04
9.882318735384941101e+04
9.883329300749301910e+04
9.884339866113662720e+04
9.885350431489944458e+04
9.886360996854305267e+04
9.887371562218666077e+04
9.888382127594947815e+04
9.889392692959308624e+04
9.890403258323669434e+04
9.891413823699951172e+04
9.892424389064311981e+04
9.893434954428672791e+04
9.894445519804954529e+04
9.895456085169315338e+04
9.896466650533676147e+04
9.897477215909957886e+04
9.898487781274318695e+04
9.899498346638679504e+04
9.900508912014961243e+04
9.901519477379322052e+04
9.902530042743682861e+04
9.903540608108043671e+04
9.904551173484325409e+04
9.905561738848686218e+04
9.906572304213047028e+04
9.907582869589328766e+04
9.908593434953689575e+04
9.909604000318050385e+04
9.910614565694332123e+04
9.911625131058692932e+04
9.912635696423053741e+04
9.913646261799335480e+04
9.914656827163696289e+04
9.915667392528057098e+04
9.916677957904338837e+04
9.917688523268699646e+04
9.918699088633060455e+04
9.919709654009342194e+04
9.920720219373703003e+04
9.921730784738063812e+04
9.922741350114345551e+04
9.923751915478706360e+04
9.924762480843067169e+04
9.925773046219348907e+04
9.926783611583709717e+04
9.927794176948070526e+04
9.928804742312431335e+04
9.929815307688713074e+04
9.930825873053073883e+04
9.931836438417434692e+04
9.932847003793716431e+04
9.933857569158077240e+04
9.934868134522438049e+04
9.935878699898719788e+04
9.936889265263080597e+04
9.937899830627441406e+04
9.938910396003723145e+04
9.939920961368083954e+04
9.940931526732444763e+04
9.941942092108726501e+04
9.942952657473087311e+04
9.943963222837448120e+04
9.944973788213729858e+04
9.945984353578090668e+04
9.946994918942451477e+04
9.948005484318733215e+04
9.949016049683094025e+04
9.950026615047454834e+04
9.951037180411815643e+04
9.952047745788097382e+04
9.953058311152458191e+04
9.954068876516819000e+04
9.955079441893100739e+04
9.956090007257461548e+04
9.957100572621822357e+04
9.958111137998104095e+04
9.959121703362464905e+04
9.960132268726825714e+04
9.961142834103107452e+04
9.962153399467468262e+04
9.963163964831829071e+04
9.964174530208110809e+04
9.965185095572471619e+04
9.966195660936832428e+04
9.967206226313114166e+04
9.968216791677474976e+04
9.969227357041835785e+04
9.970237922418117523e+04
9.971248487782478333e+04
9.972259053146839142e+04
9.973269618523120880e+04
9.974280183887481689e+04
9.975290749251842499e+04
9.976301314616203308e+04
9.977311879992485046e+04
9.978322445356845856e+04
9.979333010721206665e+04
9.980343576097488403e+04
9.981354141461849213e+04
9.982364706826210022e+04
9.983375272202491760e+04
9.984385837566852570e+04
9.985396402931213379e+04
9.986406968307495117e+04
9.987417533671855927e+04
9.988428099036216736e+04
9.989438664412498474e+04
9.990449229776859283e+04
9.991459795141220093e+04
9.992470360517501831e+04
9.993480925881862640e+04
9.994491491246223450e+04
9.995502056622505188e+04
9.996512621986865997e+04
9.997523187351226807e+04
9.998533752727508545e+04
9.999544318091869354e+04
1.000055488345623016e+05
1.000156544882059097e+05
1.000257601419687271e+05
1.000358657956123352e+05
1.000459714492559433e+05
1.000560771030187607e+05
1.000661827566623688e+05
1.000762884103059769e+05
1.000863940640687943e+05
1.000964997177124023e+05
1.001066053713560104e+05
1.001167110251188278e+05
1.001268166787624359e+05
1.001369223324060440e+05
1.001470279861688614e+05
1.001571336398124695e+05
1.001672392934560776e+05
1.001773449472188950e+05
1.001874506008625031e+05
1.001975562545061111e+05
1.002076619082689285e+05
1.002177675619125366e+05
1.002278732155561447e+05
1.002379788693189621e+05
1.002480845229625702e+05
1.002581901766061783e+05
1.002682958302497864e+05
1.002784014840126038e+05
1.002885071376562119e+05
1.002986127912998199e+05
1.003087184450626373e+05
1.003188240987062454e+05
1.003289297523498535e+05
1.003390354061126709e+05
1.003491410597562790e+05
1.003592467133998871e+05
1.003693523671627045e+05
1.003794580208063126e+05
1.003895636744499207e+05
1.003996693282127380e+05
1.004097749818563461e+05
1.004198806354999542e+05
1.004299862892627716e+05
1.004400919429063797e+05
1.004501975965499878e+05
1.004603032503128052e+05
1.004704089039564133e+05
1.004805145576000214e+05
1.004906202113628387e+05
1.005007258650064468e+05
1.005108315186500549e+05
1.005209371722936630e+05
1.005310428260564804e+05
1.005411484797000885e+05
1.005512541333436966e+05
1.005613597871065140e+05
1.005714654407501221e+05
1.005815710943937302e+05
1.005916767481565475e+05
1.006017824018001556e+05
1.006118880554437637e+05
1.006219937092065811e+05
1.006320993628501892e+05
1.006422050164937973e+05
1.006523106702566147e+05
1.006624163239002228e+05
1.006725219775438309e+05
1.006826276313066483e+05
1.006927332849502563e+05
1.007028389385938644e+05
1.007129445923566818e+05
1.007230502460002899e+05
1.007331558996438980e+05
1.007432615534067154e+05
1.007533672070503235e+05
1.007634728606939316e+05
1.007735785143375397e+05
1.007836841681003571e+05
1.007937898217439651e+05
1.008038954753875732e+05
1.008140011291503906e+05
1.008241067827939987e+05
1.008342124364376068e+05
1.008443180902004242e+05
1.008544237438440323e+05
1.008645293974876404e+05
1.008746350512504578e+05
1.008847407048940659e+05
1.008948463585376740e+05
1.009049520123004913e+05
1.009150576659440994e+05
1.009251633195877075e+05
1.009352689733505249e+05
1.009453746269941330e+05
1.009554802806377411e+05
1.009655859344005585e+05
1.009756915880441666e+05
1.009857972416877747e+05
1.009959028954505920e+05
1.010060085490942001e+05
1.010161142027378082e+05
1.010262198563814163e+05
1.010363255101442337e+05
1.010464311637878418e+05
1.010565368174314499e+05
1.010666424711942673e+05
1.010767481248378754e+05
1.010868537784814835e+05
1.010969594322443008e+05
1.011070650858879089e+05
1.011171707395315170e+05
1.011272763932943344e+05
1.011373820469379425e+05
1.011474877005815506e+05
1.011575933543443680e+05
1.011676990079879761e+05
1.011778046616315842e+05
1.011879103153944016e+05
1.011980159690380096e+05
1.012081216226816177e+05
1.012182272764444351e+05
1.012283329300880432e+05
1.012384385837316513e+05
1.012485442374944687e+05
1.012586498911380768e+05
1.012687555447816849e+05
1.012788611984252930e+05
1.012889668521881104e+05
1.012990725058317184e+05
1.013091781594753265e+05
1.013192838132381439e+05
1.013293894668817520e+05
1.013394951205253601e+05
1.013496007742881775e+05
1.013597064279317856e+05
1.013698120815753937e+05
1.013799177353382111e+05
1.013900233889818192e+05
1.014001290426254272e+05
1.014102346963882446e+05
1.014203403500318527e+05
1.014304460036754608e+05
1.014405516574382782e+05
1.014506573110818863e+05
1.014607629647254944e+05
1.014708686184883118e+05
1.014809742721319199e+05
1.014910799257755280e+05
1.015011855795383453e+05
1.015112912331819534e+05
1.015213968868255615e+05
1.015315025404691696e+05
1.015416081942319870e+05
1.015517138478755951e+05
1.015618195015192032e+05
1.015719251552820206e+05
1.015820308089256287e+05
1.015921364625692368e+05
1.016022421163320541e+05
1.016123477699756622e+05
1.016224534236192703e+05
1.016325590773820877e+05
1.016426647310256958e+05
1.016527703846693039e+05
1.016628760384321213e+05
1.016729816920757294e+05
1.016830873457193375e+05
1.016931929994821548e+05
1.017032986531257629e+05
1.017134043067693710e+05
1.017235099605321884e+05
1.017336156141757965e+05
1.017437212678194046e+05
1.017538269215822220e+05
1.017639325752258301e+05
1.017740382288694382e+05
1.017841438825130463e+05
1.017942495362758636e+05
1.018043551899194717e+05
1.018144608435630798e+05
1.018245664973258972e+05
1.018346721509695053e+05
1.018447778046131134e+05
1.018548834583759308e+05
1.018649891120195389e+05
1.018750947656631470e+05
1.018852004194259644e+05
1.018953060730695724e+05
1.019054117267131805e+05
1.019155173804759979e+05
1.019256230341196060e+05
1.019357286877632141e+05
1.019458343415260315e+05
1.019559399951696396e+05
1.019660456488132477e+05
1.019761513025760651e+05
1.019862569562196732e+05
1.019963626098632812e+05
1.020064682636260986e+05
1.020165739172697067e+05
1.020266795709133148e+05
1.020367852245569229e+05
1.020468908783197403e+05
1.020569965319633484e+05
1.020671021856069565e+05
1.020772078393697739e+05
1.020873134930133820e+05
1.020974191466569901e+05
1.021075248004198074e+05
1.021176304540634155e+05
1.021277361077070236e+05
1.021378417614698410e+05
1.021479474151134491e+05
1.021580530687570572e+05
1.021681587225198746e+05
1.021782643761634827e+05
1.021883700298070908e+05
1.021984756835699081e+05
1.022085813372135162e+05
1.022186869908571243e+05
1.022287926446199417e+05
1.022388982982635498e+05
1.022490039519071579e+05
1.022591096056699753e+05
1.022692152593135834e+05
1.022793209129571915e+05
1.022894265666007996e+05
1.022995322203636169e+05
1.023096378740072250e+05
1.023197435276508331e+05
1.023298491814136505e+05
1.023399548350572586e+05
1.023500604887008667e+05
1.023601661424636841e+05
1.023702717961072922e+05
1.023803774497509003e+05
1.023904831035137177e+05
1.024005887571573257e+05
1.024106944108009338e+05
1.024208000645637512e+05
1.024309057182073593e+05
1.024410113718509674e+05
1.024511170256137848e+05
1.024612226792573929e+05
1.024713283329010010e+05
1.024814339866638184e+05
1.024915396403074265e+05
1.025016452939510345e+05
1.025117509477138519e+05
1.025218566013574600e+05
1.025319622550010681e+05
1.025420679086446762e+05
1.025521735624074936e+05
1.025622792160511017e+05
1.025723848696947098e+05
1.025824905234575272e+05
1.025925961771011353e+05
1.026027018307447433e+05
1.026128074845075607e+05
1.026229131381511688e+05
1.026330187917947769e+05
1.026431244455575943e+05
1.026532300992012024e+05
1.026633357528448105e+05
1.026734414066076279e+05
1.026835470602512360e+05
1.026936527138948441e+05
1.027037583676576614e+05
1.027138640213012695e+05
1.027239696749448776e+05
1.027340753287076950e+05
1.027441809823513031e+05
1.027542866359949112e+05
1.027643922897577286e+05
1.027744979434013367e+05
1.027846035970449448e+05
1.027947092506885529e+05
1.028048149044513702e+05
1.028149205580949783e+05
1.028250262117385864e+05
1.028351318655014038e+05
1.028452375191450119e+05
1.028553431727886200e+05
1.028654488265514374e+05
1.028755544801950455e+05
1.028856601338386536e+05
1.028957657876014709e+05
1.029058714412450790e+05
1.029159770948886871e+05
1.029260827486515045e+05
1.029361884022951126e+05
1.029462940559387207e+05
1.029563997097015381e+05
1.029665053633451462e+05
1.029766110169887543e+05
1.029867166707515717e+05
1.029968223243951797e+05
1.030069279780387878e+05
1.030170336318016052e+05
1.030271392854452133e+05
1.030372449390888214e+05
1.030473505927324295e+05
1.030574562464952469e+05
1.030675619001388550e+05
1.030776675537824631e+05
1.030877732075452805e+05
1.030978788611888885e+05
1.031079845148324966e+05
1.031180901685953140e+05
1.031281958222389221e+05
1.031383014758825302e+05
1.031484071296453476e+05
1.031585127832889557e+05
1.031686184369325638e+05
1.031787240906953812e+05
1.031888297443389893e+05
1.031989353979825974e+05
1.032090410517454147e+05
1.032191467053890228e+05
1.032292523590326309e+05
1.032393580127954483e+05
1.032494636664390564e+05
1.032595693200826645e+05
1.032696749738454819e+05
1.032797806274890900e+05
1.032898862811326981e+05
1.032999919347763062e+05
1.033100975885391235e+05
1.033202032421827316e+05
1.033303088958263397e+05
1.033404145495891571e+05
1.033505202032327652e+05
1.033606258568763733e+05
1.033707315106391907e+05
1.033808371642827988e+05
1.033909428179264069e+05
1.034010484716892242e+05
1.034111541253328323e+05
1.034212597789764404e+05
1.034313654327392578e+05
1.034414710863828659e+05
1.034515767400264740e+05
1.034616823937892914e+05
1.034717880474328995e+05
1.034818937010765076e+05
1.034919993548393250e+05
1.035021050084829330e+05
1.035122106621265411e+05
1.035223163158893585e+05
1.035324219695329666e+05
1.035425276231765747e+05
1.035526332768201828e+05
1.035627389305830002e+05
1.035728445842266083e+05
1.035829502378702164e+05
1.035930558916330338e+05
1.036031615452766418e+05
1.036132671989202499e+05
1.036233728526830673e+05
1.036334785063266754e+05
1.036435841599702835e+05
1.036536898137331009e+05
1.036637954673767090e+05
1.036739011210203171e+05
1.036840067747831345e+05
1.036941124284267426e+05
1.037042180820703506e+05
1.037143237358331680e+05
1.037244293894767761e+05
1.037345350431203842e+05
1.037446406968832016e+05
1.037547463505268097e+05
1.037648520041704178e+05
1.037749576579332352e+05
1.037850633115768433e+05
1.037951689652204514e+05
1.038052746188640594e+05
1.038153802726268768e+05
1.038254859262704849e+05
1.038355915799140930e+05
1.038456972336769104e+05
1.038558028873205185e+05
1.038659085409641266e+05
1.038760141947269440e+05
1.038861198483705521e+05
1.038962255020141602e+05
1.039063311557769775e+05
1.039164368094205856e+05
1.039265424630641937e+05
1.039366481168270111e+05
1.039467537704706192e+05
1.039568594241142273e+05
1.039669650778770447e+05
1.039770707315206528e+05
1.039871763851642609e+05
1.039972820389270782e+05
1.040073876925706863e+05
1.040174933462142944e+05
1.040275989999771118e+05
1.040377046536207199e+05
1.040478103072643280e+05
1.040579159609079361e+05
1.040680216146707535e+05
1.040781272683143616e+05
1.040882329219579697e+05
1.040983385757207870e+05
1.041084442293643951e+05
1.041185498830080032e+05
1.041286555367708206e+05
1.041387611904144287e+05
1.041488668440580368e+05
1.041589724978208542e+05
1.041690781514644623e+05
1.041791838051080704e+05
1.041892894588708878e+05
1.041993951125144958e+05
1.042095007661581039e+05
1.042196064199209213e+05
1.042297120735645294e+05
1.042398177272081375e+05
1.042499233809709549e+05
1.042600290346145630e+05
1.042701346882581711e+05
1.042802403420209885e+05
1.042903459956645966e+05
1.043004516493082047e+05
1.043105573029518127e+05
1.043206629567146301e+05
1.043307686103582382e+05
1.043408742640018463e+05
1.043509799177646637e+05
1.043610855714082718e+05
1.043711912250518799e+05
1.043812968788146973e+05
1.043914025324583054e+05
1.044015081861019135e+05
1.044116138398647308e+05
1.044217194935083389e+05
1.044318251471519470e+05
1.044419308009147644e+05
1.044520364545583725e+05
1.044621421082019806e+05
1.044722477619647980e+05
1.044823534156084061e+05
1.044924590692520142e+05
1.045025647230148315e+05
1.045126703766584396e+05
1.045227760303020477e+05
1.045328816840648651e+05
1.045429873377084732e+05
1.045530929913520813e+05
1.045631986449956894e+05
1.045733042987585068e+05
1.045834099524021149e+05
1.045935156060457230e+05
1.046036212598085403e+05
1.046137269134521484e+05
1.046238325670957565e+05
1.046339382208585739e+05
1.046440438745021820e+05
1.046541495281457901e+05
1.046642551819086075e+05
1.046743608355522156e+05
1.046844664891958237e+05
1.046945721429586411e+05
1.047046777966022491e+05
1.047147834502458572e+05
1.047248891040086746e+05
1.047349947576522827e+05
1.047451004112958908e+05
1.047552060650587082e+05
1.047653117187023163e+05
1.047754173723459244e+05
1.047855230261087418e+05
1.047956286797523499e+05
1.048057343333959579e+05
1.048158399870395660e+05
1.048259456408023834e+05
1.048360512944459915e+05
1.048461569480895996e+05
1.048562626018524170e+05
1.048663682554960251e+05
1.048764739091396332e+05
1.048865795629024506e+05
1.048966852165460587e+05
1.049067908701896667e+05
1.049168965239524841e+05
1.049270021775960922e+05
1.049371078312397003e+05
1.049472134850025177e+05
1.049573191386461258e+05
1.049674247922897339e+05
1.049775304460525513e+05
1.049876360996961594e+05
1.049977417533397675e+05
1.050078474071025848e+05
1.050179530607461929e+05
1.050280587143898010e+05
1.050381643681526184e+05
1.050482700217962265e+05
1.050583756754398346e+05
1.050684813290834427e+05
1.050785869828462601e+05
1.050886926364898682e+05
1.050987982901334763e+05
1.051089039438962936e+05
1.051190095975399017e+05
1.051291152511835098e+05
1.051392209049463272e+05
1.051493265585899353e+05
1.051594322122335434e+05
1.051695378659963608e+05
1.051796435196399689e+05
1.051897491732835770e+05
1.051998548270463943e+05
1.052099604806900024e+05
1.052200661343336105e+05
1.052301717880964279e+05
1.052402774417400360e+05
1.052503830953836441e+05
1.052604887491464615e+05
1.052705944027900696e+05
1.052807000564336777e+05
1.052908057101964951e+05
1.053009113638401031e+05
1.053110170174837112e+05
1.053211226711273193e+05
1.053312283248901367e+05
1.053413339785337448e+05
1.053514396321773529e+05
1.053615452859401703e+05
1.053716509395837784e+05
1.053817565932273865e+05
1.053918622469902039e+05
1.054019679006338120e+05
1.054120735542774200e+05
1.054221792080402374e+05
1.054322848616838455e+05
1.054423905153274536e+05
1.054524961690902710e+05
1.054626018227338791e+05
1.054727074763774872e+05
1.054828131301403046e+05
1.054929187837839127e+05
1.055030244374275208e+05
1.055131300911903381e+05
1.055232357448339462e+05
1.055333413984775543e+05
1.055434470522403717e+05
1.055535527058839798e+05
1.055636583595275879e+05
1.055737640131711960e+05
1.055838696669340134e+05
1.055939753205776215e+05
1.056040809742212296e+05
1.056141866279840469e+05
1.056242922816276550e+05
1.056343979352712631e+05
1.056445035890340805e+05
1.056546092426776886e+05
1.056647148963212967e+05
1.056748205500841141e+05
1.056849262037277222e+05
1.056950318573713303e+05
1.057051375111341476e+05
1.057152431647777557e+05
1.057253488184213638e+05
1.057354544721841812e+05
1.057455601258277893e+05
1.057556657794713974e+05
1.057657714332342148e+05
1.057758770868778229e+05
1.057859827405214310e+05
1.057960883942842484e+05
1.058061940479278564e+05
1.058162997015714645e+05
1.058264053552150726e+05
1.058365110089778900e+05
1.058466166626214981e+05
1.058567223162651062e+05
1.058668279700279236e+05
1.058769336236715317e+05
1.058870392773151398e+05
1.058971449310779572e+05
1.059072505847215652e+05
1.059173562383651733e+05
1.059274618921279907e+05
1.059375675457715988e+05
1.059476731994152069e+05
1.059577788531780243e+05
1.059678845068216324e+05
1.059779901604652405e+05
1.059880958142280579e+05
1.059982014678716660e+05
1.060083071215152740e+05
1.060184127752780914e+05
1.060285184289216995e+05
1.060386240825653076e+05
1.060487297363281250e+05
1.060588353899717331e+05
1.060689410436153412e+05
1.060790466972589493e+05
1.060891523510217667e+05
1.060992580046653748e+05
1.061093636583089828e+05
1.061194693120718002e+05
1.061295749657154083e+05
1.061396806193590164e+05
1.061497862731218338e+05
1.061598919267654419e+05
1.061699975804090500e+05
1.061801032341718674e+05
1.061902088878154755e+05
1.062003145414590836e+05
1.062104201952219009e+05
1.062205258488655090e+05
1.062306315025091171e+05
1.062407371562719345e+05
1.062508428099155426e+05
1.062609484635591507e+05
1.062710541173219681e+05
1.062811597709655762e+05
1.062912654246091843e+05
1.063013710783720016e+05
1.063114767320156097e+05
1.063215823856592178e+05
1.063316880393028259e+05
1.063417936930656433e+05
1.063518993467092514e+05
1.063620050003528595e+05
1.063721106541156769e+05
1.063822163077592850e+05
1.063923219614028931e+05
1.064024276151657104e+05
1.064125332688093185e+05
1.064226389224529266e+05
1.064327445762157440e+05
1.064428502298593521e+05
1.064529558835029602e+05
1.064630615372657776e+05
1.064731671909093857e+05
1.064832728445529938e+05
1.064933784983158112e+05
1.065034841519594193e+05
1.065135898056030273e+05
1.065236954593658447e+05
1.065338011130094528e+05
1.065439067666530609e+05
1.065540124204158783e+05
1.065641180740594864e+05
1.065742237277030945e+05
1.065843293813467026e+05
1.065944350351095200e+05
1.066045406887531281e+05
1.066146463423967361e+05
1.066247519961595535e+05
1.066348576498031616e+05
1.066449633034467697e+05
1.066550689572095871e+05
1.066651746108531952e+05
1.066752802644968033e+05
1.066853859182596207e+05
1.066954915719032288e+05
1.067055972255468369e+05
1.067157028793096542e+05
1.067258085329532623e+05
1.067359141865968704e+05
1.067460198403596878e+05
1.067561254940032959e+05
1.067662311476469040e+05
1.067763368014097214e+05
1.067864424550533295e+05
1.067965481086969376e+05
1.068066537624597549e+05
1.068167594161033630e+05
1.068268650697469711e+05
1.068369707233905792e+05
1.068470763771533966e+05
1.068571820307970047e+05
1.068672876844406128e+05
1.068773933382034302e+05
1.068874989918470383e+05
1.068976046454906464e+05
1.069077102992534637e+05
1.069178159528970718e+05
1.069279216065406799e+05
1.069380272603034973e+05
1.069481329139471054e+05
1.069582385675907135e+05
1.069683442213535309e+05
1.069784498749971390e+05
1.069885555286407471e+05
1.069986611824035645e+05
1.070087668360471725e+05
1.070188724896907806e+05
1.070289781434535980e+05
1.070390837970972061e+05
1.070491894507408142e+05
1.070592951043844223e+05
1.070694007581472397e+05
1.070795064117908478e+05
1.070896120654344559e+05
1.070997177191972733e+05
1.071098233728408813e+05
1.071199290264844894e+05
1.071300346802473068e+05
1.071401403338909149e+05
1.071502459875345230e+05
1.071603516412973404e+05
1.071704572949409485e+05
1.071805629485845566e+05
1.071906686023473740e+05
1.072007742559909821e+05
1.072108799096345901e+05
1.072209855633974075e+05
1.072310912170410156e+05
1.072411968706846237e+05
1.072513025244474411e+05
1.072614081780910492e+05
1.072715138317346573e+05
1.072816194854974747e+05
1.072917251391410828e+05
1.073018307927846909e+05
1.073119364464282990e+05
1.073220421001911163e+05
1.073321477538347244e+05
1.073422534074783325e+05
1.073523590612411499e+05
1.073624647148847580e+05
1.073725703685283661e+05
1.073826760222911835e+05
1.073927816759347916e+05
1.074028873295783997e+05
1.074129929833412170e+05
1.074230986369848251e+05
1.074332042906284332e+05
1.074433099443912506e+05
1.074534155980348587e+05
1.074635212516784668e+05
1.074736269054412842e+05
1.074837325590848923e+05
1.074938382127285004e+05
1.075039438664913177e+05
1.075140495201349258e+05
1.075241551737785339e+05
1.075342608275413513e+05
1.075443664811849594e+05
1.075544721348285675e+05
1.075645777884721756e+05
1.075746834422349930e+05
1.075847890958786011e+05
1.075948947495222092e+05
1.076050004032850266e+05
1.076151060569286346e+05
1.076252117105722427e+05
1.076353173643350601e+05
1.076454230179786682e+05
1.076555286716222763e+05
1.076656343253850937e+05
1.076757399790287018e+05
1.076858456326723099e+05
1.076959512864351273e+05
1.077060569400787354e+05
1.077161625937223434e+05
1.077262682474851608e+05
1.077363739011287689e+05
1.077464795547723770e+05
1.077565852085351944e+05
1.077666908621788025e+05
1.077767965158224106e+05
1.077869021695852280e+05
1.077970078232288361e+05
1.078071134768724442e+05
1.078172191305160522e+05
1.078273247842788696e+05
1.078374304379224777e+05
1.078475360915660858e+05
1.078576417453289032e+05
1.078677473989725113e+05
1.078778530526161194e+05
1.078879587063789368e+05
1.078980643600225449e+05
1.079081700136661530e+05
1.079182756674289703e+05
1.079283813210725784e+05
1.079384869747161865e+05
1.079485926284790039e+05
1.079586982821226120e+05
1.079688039357662201e+05
1.079789095895290375e+05
1.079890152431726456e+05
1.079991208968162537e+05
1.080092265505790710e+05
1.080193322042226791e+05
1.080294378578662872e+05
1.080395435116291046e+05
1.080496491652727127e+05
1.080597548189163208e+05
1.080698604725599289e+05
1.080799661263227463e+05
1.080900717799663544e+05
1.081001774336099625e+05
1.081102830873727798e+05
1.081203887410163879e+05
1.081304943946599960e+05
1.081406000484228134e+05
1.081507057020664215e+05
1.081608113557100296e+05
1.081709170094728470e+05
1.081810226631164551e+05
1.081911283167600632e+05
1.082012339705228806e+05
1.082113396241664886e+05
1.082214452778100967e+05
1.082315509315729141e+05
1.082416565852165222e+05
1.082517622388601303e+05
1.082618678926229477e+05
1.082719735462665558e+05
1.082820791999101639e+05
1.082921848536729813e+05
1.083022905073165894e+05
1.083123961609601974e+05
1.083225018146038055e+05
1.083326074683666229e+05
1.083427131220102310e+05
1.083528187756538391e+05
1.083629244294166565e+05
1.083730300830602646e+05
1.083831357367038727e+05
1.083932413904666901e+05
1.084033470441102982e+05
1.084134526977539062e+05
1.084235583515167236e+05
1.084336640051603317e+05
1.084437696588039398e+05
1.084538753125667572e+05
1.084639809662103653e+05
1.084740866198539734e+05
1.084841922736167908e+05
1.084942979272603989e+05
1.085044035809040070e+05
1.085145092346668243e+05
1.085246148883104324e+05
1.085347205419540405e+05
1.085448261957168579e+05
1.085549318493604660e+05
1.085650375030040741e+05
1.085751431566476822e+05
1.085852488104104996e+05
1.085953544640541077e+05
1.086054601176977158e+05
1.086155657714605331e+05
1.086256714251041412e+05
1.086357770787477493e+05
1.086458827325105667e+05
1.086559883861541748e+05
1.086660940397977829e+05
1.086761996935606003e+05
1.086863053472042084e+05
1.086964110008478165e+05
1.087065166546106339e+05
1.087166223082542419e+05
1.087267279618978500e+05
1.087368336156606674e+05
1.087469392693042755e+05
1.087570449229478836e+05
1.087671505767107010e+05
1.087772562303543091e+05
1.087873618839979172e+05
1.087974675377607346e+05
1.088075731914043427e+05
1.088176788450479507e+05
1.088277844986915588e+05
1.088378901524543762e+05
1.088479958060979843e+05
1.088581014597415924e+05
1.088682071135044098e+05
1.088783127671480179e+05
1.088884184207916260e+05
1.088985240745544434e+05
1.089086297281980515e+05
1.089187353818416595e+05
1.089288410356044769e+05
1.089389466892480850e+05
1.089490523428916931e+05
1.089591579966545105e+05
1.089692636502981186e+05
1.089793693039417267e+05
1.089894749577045441e+05
1.089995806113481522e+05
1.090096862649917603e+05
1.090197919187545776e+05
1.090298975723981857e+05
1.090400032260417938e+05
1.090501088798046112e+05
1.090602145334482193e+05
1.090703201870918274e+05
1.090804258407354355e+05
1.090905314944982529e+05
1.091006371481418610e+05
1.091107428017854691e+05
1.091208484555482864e+05
1.091309541091918945e+05
1.091410597628355026e+05
1.091511654165983200e+05
1.091612710702419281e+05
1.091713767238855362e+05
1.091814823776483536e+05
1.091915880312919617e+05
1.092016936849355698e+05
1.092117993386983871e+05
1.092219049923419952e+05
1.092320106459856033e+05
1.092421162997484207e+05
1.092522219533920288e+05
1.092623276070356369e+05
1.092724332607984543e+05
1.092825389144420624e+05
1.092926445680856705e+05
1.093027502218484879e+05
1.093128558754920959e+05
1.093229615291357040e+05
1.093330671827793121e+05
1.093431728365421295e+05
1.093532784901857376e+05
1.093633841438293457e+05
1.093734897975921631e+05
1.093835954512357712e+05
1.093937011048793793e+05
1.094038067586421967e+05
1.094139124122858047e+05
1.094240180659294128e+05
1.094341237196922302e+05
1.094442293733358383e+05
1.094543350269794464e+05
1.094644406807422638e+05
1.094745463343858719e+05
1.094846519880294800e+05
1.094947576417922974e+05
1.095048632954359055e+05
1.095149689490795135e+05
1.095250746028423309e+05
1.095351802564859390e+05
1.095452859101295471e+05
1.095553915638923645e+05
1.095654972175359726e+05
1.095756028711795807e+05
1.095857085248231888e+05
1.095958141785860062e+05
1.096059198322296143e+05
1.096160254858732224e+05
1.096261311396360397e+05
1.096362367932796478e+05
1.096463424469232559e+05
1.096564481006860733e+05
1.096665537543296814e+05
1.096766594079732895e+05
1.096867650617361069e+05
1.096968707153797150e+05
1.097069763690233231e+05
1.097170820227861404e+05
1.097271876764297485e+05
1.097372933300733566e+05
1.097473989838361740e+05
1.097575046374797821e+05
1.097676102911233902e+05
1.097777159448862076e+05
1.097878215985298157e+05
1.097979272521734238e+05
1.098080329059362411e+05
1.098181385595798492e+05
1.098282442132234573e+05
1.098383498668670654e+05
1.098484555206298828e+05
1.098585611742734909e+05
1.098686668279170990e+05
1.098787724816799164e+05
1.098888781353235245e+05
1.098989837889671326e+05
1.099090894427299500e+05
1.099191950963735580e+05
1.099293007500171661e+05
1.099394064037799835e+05
1.099495120574235916e+05
1.099596177110671997e+05
1.099697233648300171e+05
1.099798290184736252e+05
1.099899346721172333e+05
1.100000403258800507e+05
1.100101459795236588e+05
1.100202516331672668e+05
1.100303572869300842e+05
1.100404629405736923e+05
1.100505685942173004e+05
1.100606742479801178e+05
1.100707799016237259e+05
1.100808855552673340e+05
1.100909912089109421e+05
1.101010968626737595e+05
1.101112025163173676e+05
1.101213081699609756e+05
1.101314138237237930e+05
1.101415194773674011e+05
1.101516251310110092e+05
1.101617307847738266e+05
1.101718364384174347e+05
1.101819420920610428e+05
1.101920477458238602e+05
1.102021533994674683e+05
1.102122590531110764e+05
1.102223647068738937e+05
1.102324703605175018e+05
1.102425760141611099e+05
1.102526816679239273e+05
1.102627873215675354e+05
1.102728929752111435e+05
1.102829986289739609e+05
1.102931042826175690e+05
1.103032099362611771e+05
1.103133155900239944e+05
1.103234212436676025e+05
1.103335268973112106e+05
1.103436325509548187e+05
1.103537382047176361e+05
1.103638438583612442e+05
1.103739495120048523e+05
1.103840551657676697e+05
1.103941608194112778e+05
1.104042664730548859e+05
1.104143721268177032e+05
1.104244777804613113e+05
1.104345834341049194e+05
1.104446890878677368e+05
1.104547947415113449e+05
1.104649003951549530e+05
1.104750060489177704e+05
1.104851117025613785e+05
1.104952173562049866e+05
1.105053230099678040e+05
1.105154286636114120e+05
1.105255343172550201e+05
1.105356399710178375e+05
1.105457456246614456e+05
1.105558512783050537e+05
1.105659569320678711e+05
1.105760625857114792e+05
1.105861682393550873e+05
1.105962738929986954e+05
1.106063795467615128e+05
1.106164852004051208e+05
1.106265908540487289e+05
1.106366965078115463e+05
1.106468021614551544e+05
1.106569078150987625e+05
1.106670134688615799e+05
1.106771191225051880e+05
1.106872247761487961e+05
1.106973304299116135e+05
1.107074360835552216e+05
1.107175417371988297e+05
1.107276473909616470e+05
1.107377530446052551e+05
1.107478586982488632e+05
1.107579643520116806e+05
1.107680700056552887e+05
1.107781756592988968e+05
1.107882813130617142e+05
1.107983869667053223e+05
1.108084926203489304e+05
1.108185982741117477e+05
1.108287039277553558e+05
1.108388095813989639e+05
1.108489152350425720e+05
1.108590208888053894e+05
1.108691265424489975e+05
1.108792321960926056e+05
1.108893378498554230e+05
1.108994435034990311e+05
1.109095491571426392e+05
1.109196548109054565e+05
1.109297604645490646e+05
1.109398661181926727e+05
1.109499717719554901e+05
1.109600774255990982e+05
1.109701830792427063e+05
1.109802887330055237e+05
1.109903943866491318e+05
1.110005000402927399e+05
1.110106056940555573e+05
1.110207113476991653e+05
1.110308170013427734e+05
1.110409226551055908e+05
1.110510283087491989e+05
1.110611339623928070e+05
1.110712396161556244e+05
1.110813452697992325e+05
1.110914509234428406e+05
1.111015565770864487e+05
1.111116622308492661e+05
1.111217678844928741e+05
1.111318735381364822e+05
1.111419791918992996e+05
1.111520848455429077e+05
1.111621904991865158e+05
1.111722961529493332e+05
1.111824018065929413e+05
1.111925074602365494e+05
1.112026131139993668e+05
1.112127187676429749e+05
1.112228244212865829e+05
1.112329300750494003e+05
1.112430357286930084e+05
1.112531413823366165e+05
1.112632470360994339e+05
1.112733526897430420e+05
1.112834583433866501e+05
1.112935639971494675e+05
1.113036696507930756e+05
1.113137753044366837e+05
1.113238809581995010e+05
1.113339866118431091e+05
1.113440922654867172e+05
1.113541979191303253e+05
1.113643035728931427e+05
1.113744092265367508e+05
1.113845148801803589e+05
1.113946205339431763e+05
1.114047261875867844e+05
1.114148318412303925e+05
1.114249374949932098e+05
1.114350431486368179e+05
1.114451488022804260e+05
1.114552544560432434e+05
1.114653601096868515e+05
1.114754657633304596e+05
1.114855714170932770e+05
1.114956770707368851e+05
1.115057827243804932e+05
1.115158883781433105e+05
1.115259940317869186e+05
1.115360996854305267e+05
1.115462053391933441e+05
1.115563109928369522e+05
1.115664166464805603e+05
1.115765223002433777e+05
1.115866279538869858e+05
1.115967336075305939e+05
1.116068392611742020e+05
1.116169449149370193e+05
1.116270505685806274e+05
1.116371562222242355e+05
1.116472618759870529e+05
1.116573675296306610e+05
1.116674731832742691e+05
1.116775788370370865e+05
1.116876844906806946e+05
1.116977901443243027e+05
1.117078957980871201e+05
1.117180014517307281e+05
1.117281071053743362e+05
1.117382127591371536e+05
1.117483184127807617e+05
1.117584240664243698e+05
1.117685297201871872e+05
1.117786353738307953e+05
1.117887410274744034e+05
1.117988466812372208e+05
1.118089523348808289e+05
1.118190579885244370e+05
1.118291636422872543e+05
1.118392692959308624e+05
1.118493749495744705e+05
1.118594806032180786e+05
1.118695862569808960e+05
1.118796919106245041e+05
1.118897975642681122e+05
1.118999032180309296e+05
1.119100088716745377e+05
1.119201145253181458e+05
1.119302201790809631e+05
1.119403258327245712e+05
1.119504314863681793e+05
1.119605371401309967e+05
1.119706427937746048e+05
1.119807484474182129e+05
1.119908541011810303e+05
1.120009597548246384e+05
1.120110654084682465e+05
1.120211710622310638e+05
1.120312767158746719e+05
1.120413823695182800e+05
1.120514880232810974e+05
1.120615936769247055e+05
1.120716993305683136e+05
1.120818049843311310e+05
1.120919106379747391e+05
1.121020162916183472e+05
1.121121219452619553e+05
1.121222275990247726e+05
1.121323332526683807e+05
1.121424389063119888e+05
1.121525445600748062e+05
1.121626502137184143e+05
1.121727558673620224e+05
1.121828615211248398e+05
1.121929671747684479e+05
1.122030728284120560e+05
1.122131784821748734e+05
1.122232841358184814e+05
1.122333897894620895e+05
1.122434954432249069e+05
1.122536010968685150e+05
1.122637067505121231e+05
1.122738124042749405e+05
1.122839180579185486e+05
1.122940237115621567e+05
1.123041293653249741e+05
1.123142350189685822e+05
1.123243406726121902e+05
1.123344463263750076e+05
1.123445519800186157e+05
1.123546576336622238e+05
1.123647632873058319e+05
1.123748689410686493e+05
1.123849745947122574e+05
1.123950802483558655e+05
1.124051859021186829e+05
1.124152915557622910e+05
1.124253972094058990e+05
1.124355028631687164e+05
1.124456085168123245e+05
1.124557141704559326e+05
1.124658198242187500e+05
1.124759254778623581e+05
1.124860311315059662e+05
1.124961367852687836e+05
1.125062424389123917e+05
1.125163480925559998e+05
1.125264537463188171e+05
1.125365593999624252e+05
1.125466650536060333e+05
1.125567707073688507e+05
1.125668763610124588e+05
1.125769820146560669e+05
1.125870876684188843e+05
1.125971933220624924e+05
1.126072989757061005e+05
1.126174046293497086e+05
1.126275102831125259e+05
1.126376159367561340e+05
1.126477215903997421e+05
1.126578272441625595e+05
1.126679328978061676e+05
1.126780385514497757e+05
1.126881442052125931e+05
1.126982498588562012e+05
1.127083555124998093e+05
1.127184611662626266e+05
1.127285668199062347e+05
1.127386724735498428e+05
1.127487781273126602e+05
1.127588837809562683e+05
1.127689894345998764e+05
1.127790950883626938e+05
1.127892007420063019e+05
1.127993063956499100e+05
1.128094120494127274e+05
1.128195177030563354e+05
1.128296233566999435e+05
1.128397290104627609e+05
1.128498346641063690e+05
1.128599403177499771e+05
1.128700459713935852e+05
1.128801516251564026e+05
1.128902572788000107e+05
1.129003629324436188e+05
1.129104685862064362e+05
1.129205742398500443e+05
1.129306798934936523e+05
1.129407855472564697e+05
1.129508912009000778e+05
1.129609968545436859e+05
1.129711025083065033e+05
1.129812081619501114e+05
1.129913138155937195e+05
1.130014194693565369e+05
1.130115251230001450e+05
1.130216307766437531e+05
1.130317364304065704e+05
1.130418420840501785e+05
1.130519477376937866e+05
1.130620533914566040e+05
1.130721590451002121e+05
1.130822646987438202e+05
1.130923703525066376e+05
1.131024760061502457e+05
1.131125816597938538e+05
1.131226873134374619e+05
1.131327929672002792e+05
1.131428986208438873e+05
1.131530042744874954e+05
1.131631099282503128e+05
1.131732155818939209e+05
1.131833212355375290e+05
1.131934268893003464e+05
1.132035325429439545e+05
1.132136381965875626e+05
1.132237438503503799e+05
1.132338495039939880e+05
1.132439551576375961e+05
1.132540608114004135e+05
1.132641664650440216e+05
1.132742721186876297e+05
1.132843777724504471e+05
1.132944834260940552e+05
1.133045890797376633e+05
1.133146947335004807e+05
1.133248003871440887e+05
1.133349060407876968e+05
1.133450116945505142e+05
1.133551173481941223e+05
1.133652230018377304e+05
1.133753286554813385e+05
1.133854343092441559e+05
1.133955399628877640e+05
1.134056456165313721e+05
1.134157512702941895e+05
1.134258569239377975e+05
1.134359625775814056e+05
1.134460682313442230e+05
1.134561738849878311e+05
1.134662795386314392e+05
1.134763851923942566e+05
1.134864908460378647e+05
1.134965964996814728e+05
1.135067021534442902e+05
1.135168078070878983e+05
1.135269134607315063e+05
1.135370191144943237e+05
1.135471247681379318e+05
1.135572304217815399e+05
1.135673360755443573e+05
1.135774417291879654e+05
1.135875473828315735e+05
1.135976530365943909e+05
1.136077586902379990e+05
1.136178643438816071e+05
1.136279699975252151e+05
1.136380756512880325e+05
1.136481813049316406e+05
1.136582869585752487e+05
1.136683926123380661e+05
1.136784982659816742e+05
1.136886039196252823e+05
1.136987095733880997e+05
1.137088152270317078e+05
1.137189208806753159e+05
1.137290265344381332e+05
1.137391321880817413e+05
1.137492378417253494e+05
1.137593434954881668e+05
1.137694491491317749e+05
1.137795548027753830e+05
1.137896604565382004e+05
1.137997661101818085e+05
1.138098717638254166e+05
1.138199774175882339e+05
1.138300830712318420e+05
1.138401887248754501e+05
1.138502943786382675e+05
1.138604000322818756e+05
1.138705056859254837e+05
1.138806113395690918e+05
1.138907169933319092e+05
1.139008226469755173e+05
1.139109283006191254e+05
1.139210339543819427e+05
1.139311396080255508e+05
1.139412452616691589e+05
1.139513509154319763e+05
1.139614565690755844e+05
1.139715622227191925e+05
1.139816678764820099e+05
1.139917735301256180e+05
1.140018791837692261e+05
1.140119848375320435e+05
1.140220904911756516e+05
1.140321961448192596e+05
1.140423017985820770e+05
1.140524074522256851e+05
1.140625131058692932e+05
1.140726187596321106e+05
1.140827244132757187e+05
1.140928300669193268e+05
1.141029357206821442e+05
1.141130413743257523e+05
1.141231470279693604e+05
1.141332526816129684e+05
1.141433583353757858e+05
1.141534639890193939e+05
1.141635696426630020e+05
1.141736752964258194e+05
1.141837809500694275e+05
1.141938866037130356e+05
1.142039922574758530e+05
1.142140979111194611e+05
1.142242035647630692e+05
1.142343092185258865e+05
1.142444148721694946e+05
1.142545205258131027e+05
1.142646261795759201e+05
1.142747318332195282e+05
1.142848374868631363e+05
1.142949431406259537e+05
1.143050487942695618e+05
1.143151544479131699e+05
1.143252601016759872e+05
1.143353657553195953e+05
1.143454714089632034e+05
1.143555770626068115e+05
1.143656827163696289e+05
1.143757883700132370e+05
1.143858940236568451e+05
1.143959996774196625e+05
1.144061053310632706e+05
1.144162109847068787e+05
1.144263166384696960e+05
1.144364222921133041e+05
1.144465279457569122e+05
1.144566335995197296e+05
1.144667392531633377e+05
1.144768449068069458e+05
1.144869505605697632e+05
1.144970562142133713e+05
1.145071618678569794e+05
1.145172675216197968e+05
1.145273731752634048e+05
1.145374788289070129e+05
1.145475844826698303e+05
1.145576901363134384e+05
1.145677957899570465e+05
1.145779014437198639e+05
1.145880070973634720e+05
1.145981127510070801e+05
1.146082184046506882e+05
1.146183240584135056e+05
1.146284297120571136e+05
1.146385353657007217e+05
1.146486410194635391e+05
1.146587466731071472e+05
1.146688523267507553e+05
1.146789579805135727e+05
1.146890636341571808e+05
1.146991692878007889e+05
1.147092749415636063e+05
1.147193805952072144e+05
1.147294862488508224e+05
1.147395919026136398e+05
1.147496975562572479e+05
1.147598032099008560e+05
1.147699088636636734e+05
1.147800145173072815e+05
1.147901201709508896e+05
1.148002258247137070e+05
1.148103314783573151e+05
1.148204371320009232e+05
1.148305427857637405e+05
1.148406484394073486e+05
1.148507540930509567e+05
1.148608597466945648e+05
1.148709654004573822e+05
1.148810710541009903e+05
1.148911767077445984e+05
1.149012823615074158e+05
1.149113880151510239e+05
1.149214936687946320e+05
1.149315993225574493e+05
1.149417049762010574e+05
1.149518106298446655e+05
1.149619162836074829e+05
1.149720219372510910e+05
1.149821275908946991e+05
1.149922332446575165e+05
1.150023388983011246e+05
1.150124445519447327e+05
1.150225502057075500e+05
1.150326558593511581e+05
1.150427615129947662e+05
1.150528671667575836e+05
1.150629728204011917e+05
1.150730784740447998e+05
1.150831841278076172e+05
1.150932897814512253e+05
1.151033954350948334e+05
1.151135010887384415e+05
1.151236067425012589e+05
1.151337123961448669e+05
1.151438180497884750e+05
1.151539237035512924e+05
1.151640293571949005e+05
1.151741350108385086e+05
1.151842406646013260e+05
1.151943463182449341e+05
1.152044519718885422e+05
1.152145576256513596e+05
1.152246632792949677e+05
1.152347689329385757e+05
1.152448745867013931e+05
1.152549802403450012e+05
1.152650858939886093e+05
1.152751915477514267e+05
1.152852972013950348e+05
1.152954028550386429e+05
1.153055085088014603e+05
1.153156141624450684e+05
1.153257198160886765e+05
1.153358254698514938e+05
1.153459311234951019e+05
1.153560367771387100e+05
1.153661424307823181e+05
1.153762480845451355e+05
1.153863537381887436e+05
1.153964593918323517e+05
1.154065650455951691e+05
1.154166706992387772e+05
1.154267763528823853e+05
1.154368820066452026e+05
1.154469876602888107e+05
1.154570933139324188e+05
1.154671989676952362e+05
1.154773046213388443e+05
1.154874102749824524e+05
1.154975159287452698e+05
1.155076215823888779e+05
1.155177272360324860e+05
1.155278328897953033e+05
1.155379385434389114e+05
1.155480441970825195e+05
1.155581498508453369e+05
1.155682555044889450e+05
1.155783611581325531e+05
1.155884668118953705e+05
1.155985724655389786e+05
1.156086781191825867e+05
1.156187837728261948e+05
1.156288894265890121e+05
1.156389950802326202e+05
1.156491007338762283e+05
1.156592063876390457e+05
1.156693120412826538e+05
1.156794176949262619e+05
1.156895233486890793e+05
1.156996290023326874e+05
1.157097346559762955e+05
1.157198403097391129e+05
1.157299459633827209e+05
1.157400516170263290e+05
1.157501572707891464e+05
1.157602629244327545e+05
1.157703685780763626e+05
1.157804742318391800e+05
1.157905798854827881e+05
1.158006855391263962e+05
1.158107911928892136e+05
1.158208968465328217e+05
1.158310025001764297e+05
1.158411081539392471e+05
1.158512138075828552e+05
1.158613194612264633e+05
1.158714251148700714e+05
1.158815307686328888e+05
1.158916364222764969e+05
1.159017420759201050e+05
1.159118477296829224e+05
1.159219533833265305e+05
1.159320590369701385e+05
1.159421646907329559e+05
1.159522703443765640e+05
1.159623759980201721e+05
1.159724816517829895e+05
1.159825873054265976e+05
1.159926929590702057e+05
1.160027986128330231e+05
1.160129042664766312e+05
1.160230099201202393e+05
1.160331155738830566e+05
1.160432212275266647e+05
1.160533268811702728e+05
1.160634325349330902e+05
1.160735381885766983e+05
1.160836438422203064e+05
1.160937494959831238e+05
1.161038551496267319e+05
1.161139608032703400e+05
1.161240664569139481e+05
1.161341721106767654e+05
1.161442777643203735e+05
1.161543834179639816e+05
1.161644890717267990e+05
1.161745947253704071e+05
1.161847003790140152e+05
1.161948060327768326e+05
1.162049116864204407e+05
1.162150173400640488e+05
1.162251229938268661e+05
1.162352286474704742e+05
1.162453343011140823e+05
1.162554399548768997e+05
1.162655456085205078e+05
1.162756512621641159e+05
1.162857569159269333e+05
1.162958625695705414e+05
1.163059682232141495e+05
1.163160738769769669e+05
1.163261795306205750e+05
1.163362851842641830e+05
1.163463908380270004e+05
1.163564964916706085e+05
1.163666021453142166e+05
1.163767077989578247e+05
1.163868134527206421e+05
1.163969191063642502e+05
1.164070247600078583e+05
1.164171304137706757e+05
1.164272360674142838e+05
1.164373417210578918e+05
1.164474473748207092e+05
1.164575530284643173e+05
1.164676586821079254e+05
1.164777643358707428e+05
1.164878699895143509e+05
1.164979756431579590e+05
1.165080812969207764e+05
1.165181869505643845e+05
1.165282926042079926e+05
1.165383982579708099e+05
1.165485039116144180e+05
1.165586095652580261e+05
1.165687152190208435e+05
1.165788208726644516e+05
1.165889265263080597e+05
1.165990321800708771e+05
1.166091378337144852e+05
1.166192434873580933e+05
1.166293491410017014e+05
1.166394547947645187e+05
1.166495604484081268e+05
1.166596661020517349e+05
1.166697717558145523e+05
1.166798774094581604e+05
1.166899830631017685e+05
1.167000887168645859e+05
1.167101943705081940e+05
1.167203000241518021e+05
1.167304056779146194e+05
1.167405113315582275e+05
1.167506169852018356e+05
1.167607226389646530e+05
1.167708282926082611e+05
1.167809339462518692e+05
1.167910396000146866e+05
1.168011452536582947e+05
1.168112509073019028e+05
1.168213565610647202e+05
1.168314622147083282e+05
1.168415678683519363e+05
1.168516735221147537e+05
1.168617791757583618e+05
1.168718848294019699e+05
1.168819904830455780e+05
1.168920961368083954e+05
1.169022017904520035e+05
1.169123074440956116e+05
1.169224130978584290e+05
1.169325187515020370e+05
1.169426244051456451e+05
1.169527300589084625e+05
1.169628357125520706e+05
1.169729413661956787e+05
1.169830470199584961e+05
1.169931526736021042e+05
1.170032583272457123e+05
1.170133639810085297e+05
1.170234696346521378e+05
1.170335752882957458e+05
1.170436809420585632e+05
1.170537865957021713e+05
1.170638922493457794e+05
1.170739979031085968e+05
1.170841035567522049e+05
1.170942092103958130e+05
1.171043148641586304e+05
1.171144205178022385e+05
1.171245261714458466e+05
1.171346318250894547e+05
1.171447374788522720e+05
1.171548431324958801e+05
1.171649487861394882e+05
1.171750544399023056e+05
1.171851600935459137e+05
1.171952657471895218e+05
1.172053714009523392e+05
1.172154770545959473e+05
1.172255827082395554e+05
1.172356883620023727e+05
1.172457940156459808e+05
1.172558996692895889e+05
1.172660053230524063e+05
1.172761109766960144e+05
1.172862166303396225e+05
1.172963222841024399e+05
1.173064279377460480e+05
1.173165335913896561e+05
1.173266392451524734e+05
1.173367448987960815e+05
1.173468505524396896e+05
1.173569562062025070e+05
1.173670618598461151e+05
1.173771675134897232e+05
1.173872731671333313e+05
1.173973788208961487e+05
1.174074844745397568e+05
1.174175901281833649e+05
1.174276957819461823e+05
1.174378014355897903e+05
1.174479070892333984e+05
1.174580127429962158e+05
1.174681183966398239e+05
1.174782240502834320e+05
1.174883297040462494e+05
1.174984353576898575e+05
1.175085410113334656e+05
1.175186466650962830e+05
1.175287523187398911e+05
1.175388579723834991e+05
1.175489636261463165e+05
1.175590692797899246e+05
1.175691749334335327e+05
1.175792805871963501e+05
1.175893862408399582e+05
1.175994918944835663e+05
1.176095975482463837e+05
1.176197032018899918e+05
1.176298088555335999e+05
1.176399145091772079e+05
1.176500201629400253e+05
1.176601258165836334e+05
1.176702314702272415e+05
1.176803371239900589e+05
1.176904427776336670e+05
1.177005484312772751e+05
1.177106540850400925e+05
1.177207597386837006e+05
1.177308653923273087e+05
1.177409710460901260e+05
1.177510766997337341e+05
1.177611823533773422e+05
1.177712880071401596e+05
1.177813936607837677e+05
1.177914993144273758e+05
1.178016049681901932e+05
1.178117106218338013e+05
1.178218162754774094e+05
1.178319219292402267e+05
1.178420275828838348e+05
1.178521332365274429e+05
1.178622388902902603e+05
1.178723445439338684e+05
1.178824501975774765e+05
1.178925558512210846e+05
1.179026615049839020e+05
1.179127671586275101e+05
1.179228728122711182e+05
1.179329784660339355e+05
1.179430841196775436e+05
1.179531897733211517e+05
1.179632954270839691e+05
1.179734010807275772e+05
1.179835067343711853e+05
1.179936123881340027e+05
1.180037180417776108e+05
1.180138236954212189e+05
1.180239293491840363e+05
1.180340350028276443e+05
1.180441406564712524e+05
1.180542463102340698e+05
1.180643519638776779e+05
1.180744576175212860e+05
1.180845632712841034e+05
1.180946689249277115e+05
1.181047745785713196e+05
1.181148802323341370e+05
1.181249858859777451e+05
1.181350915396213531e+05
1.181451971932649612e+05
1.181553028470277786e+05
1.181654085006713867e+05
1.181755141543149948e+05
1.181856198080778122e+05
1.181957254617214203e+05
1.182058311153650284e+05
1.182159367691278458e+05
1.182260424227714539e+05
1.182361480764150620e+05
1.182462537301778793e+05
1.182563593838214874e+05
1.182664650374650955e+05
1.182765706912279129e+05
1.182866763448715210e+05
1.182967819985151291e+05
1.183068876522779465e+05
1.183169933059215546e+05
1.183270989595651627e+05
1.183372046133279800e+05
1.183473102669715881e+05
1.183574159206151962e+05
1.183675215743780136e+05
1.183776272280216217e+05
1.183877328816652298e+05
1.183978385353088379e+05
1.184079441890716553e+05
1.184180498427152634e+05
1.184281554963588715e+05
1.184382611501216888e+05
1.184483668037652969e+05
1.184584724574089050e+05
1.184685781111717224e+05
1.184786837648153305e+05
1.184887894184589386e+05
1.184988950722217560e+05
1.185090007258653641e+05
1.185191063795089722e+05
1.185292120332717896e+05
1.185393176869153976e+05
1.185494233405590057e+05
1.185595289943218231e+05
1.185696346479654312e+05
1.185797403016090393e+05
1.185898459553718567e+05
1.185999516090154648e+05
1.186100572626590729e+05
1.186201629164218903e+05
1.186302685700654984e+05
1.186403742237091064e+05
1.186504798773527145e+05
1.186605855311155319e+05
1.186706911847591400e+05
1.186807968384027481e+05
1.186909024921655655e+05
1.187010081458091736e+05
1.187111137994527817e+05
1.187212194532155991e+05
1.187313251068592072e+05
1.187414307605028152e+05
1.187515364142656326e+05
1.187616420679092407e+05
1.187717477215528488e+05
1.187818533753156662e+05
1.187919590289592743e+05
1.188020646826028824e+05
1.188121703363656998e+05
1.188222759900093079e+05
1.188323816436529160e+05
1.188424872974157333e+05
1.188525929510593414e+05
1.188626986047029495e+05
1.188728042584657669e+05
1.188829099121093750e+05
1.188930155657529831e+05
1.189031212193965912e+05
1.189132268731594086e+05
1.189233325268030167e+05
1.189334381804466248e+05
1.189435438342094421e+05
1.189536494878530502e+05
1.189637551414966583e+05
1.189738607952594757e+05
1.189839664489030838e+05
1.189940721025466919e+05
1.190041777563095093e+05
1.190142834099531174e+05
1.190243890635967255e+05
1.190344947173595428e+05
1.190446003710031509e+05
1.190547060246467590e+05
1.190648116784095764e+05
1.190749173320531845e+05
1.190850229856967926e+05
1.190951286394596100e+05
1.191052342931032181e+05
1.191153399467468262e+05
1.191254456005096436e+05
1.191355512541532516e+05
1.191456569077968597e+05
1.191557625614404678e+05
1.191658682152032852e+05
1.191759738688468933e+05
1.191860795224905014e+05
1.191961851762533188e+05
1.192062908298969269e+05
1.192163964835405350e+05
1.192265021373033524e+05
1.192366077909469604e+05
1.192467134445905685e+05
1.192568190983533859e+05
1.192669247519969940e+05
1.192770304056406021e+05
1.192871360594034195e+05
1.192972417130470276e+05
1.193073473666906357e+05
1.193174530204534531e+05
1.193275586740970612e+05
1.193376643277406693e+05
1.193477699815034866e+05
1.193578756351470947e+05
1.193679812887907028e+05
1.193780869425535202e+05
1.193881925961971283e+05
1.193982982498407364e+05
1.194084039034843445e+05
1.194185095572471619e+05
1.194286152108907700e+05
1.194387208645343781e+05
1.194488265182971954e+05
1.194589321719408035e+05
1.194690378255844116e+05
1.194791434793472290e+05
1.194892491329908371e+05
1.194993547866344452e+05
1.195094604403972626e+05
1.195195660940408707e+05
1.195296717476844788e+05
1.195397774014472961e+05
1.195498830550909042e+05
1.195599887087345123e+05
1.195700943624973297e+05
1.195802000161409378e+05
1.195903056697845459e+05
1.196004113235473633e+05
1.196105169771909714e+05
1.196206226308345795e+05
1.196307282845973969e+05
1.196408339382410049e+05
1.196509395918846130e+05
1.196610452455282211e+05
1.196711508992910385e+05
1.196812565529346466e+05
1.196913622065782547e+05
1.197014678603410721e+05
1.197115735139846802e+05
1.197216791676282883e+05
1.197317848213911057e+05
1.197418904750347137e+05
1.197519961286783218e+05
1.197621017824411392e+05
1.197722074360847473e+05
1.197823130897283554e+05
1.197924187434911728e+05
1.198025243971347809e+05
1.198126300507783890e+05
1.198227357045412064e+05
1.198328413581848145e+05
1.198429470118284225e+05
1.198530526655912399e+05
1.198631583192348480e+05
1.198732639728784561e+05
1.198833696266412735e+05
1.198934752802848816e+05
1.199035809339284897e+05
1.199136865875720978e+05
1.199237922413349152e+05
1.199338978949785233e+05
1.199440035486221313e+05
1.199541092023849487e+05
1.199642148560285568e+05
1.199743205096721649e+05
1.199844261634349823e+05
1.199945318170785904e+05
1.200046374707221985e+05
1.200147431244850159e+05
1.200248487781286240e+05
1.200349544317722321e+05
1.200450600855350494e+05
1.200551657391786575e+05
1.200652713928222656e+05
1.200753770465850830e+05
1.200854827002286911e+05
1.200955883538722992e+05
1.201056940076351166e+05
1.201157996612787247e+05
1.201259053149223328e+05
1.201360109686851501e+05
1.201461166223287582e+05
1.201562222759723663e+05
1.201663279296159744e+05
1.201764335833787918e+05
1.201865392370223999e+05
1.201966448906660080e+05
1.202067505444288254e+05
1.202168561980724335e+05
1.202269618517160416e+05
1.202370675054788589e+05
1.202471731591224670e+05
1.202572788127660751e+05
1.202673844665288925e+05
1.202774901201725006e+05
1.202875957738161087e+05
1.202977014275789261e+05
1.203078070812225342e+05
1.203179127348661423e+05
1.203280183886289597e+05
1.203381240422725677e+05
1.203482296959161758e+05
1.203583353496789932e+05
1.203684410033226013e+05
1.203785466569662094e+05
1.203886523107290268e+05
1.203987579643726349e+05
1.204088636180162430e+05
1.204189692716598511e+05
1.204290749254226685e+05
1.204391805790662766e+05
1.204492862327098846e+05
1.204593918864727020e+05
1.204694975401163101e+05
1.204796031937599182e+05
1.204897088475227356e+05
1.204998145011663437e+05
1.205099201548099518e+05
1.205200258085727692e+05
1.205301314622163773e+05
1.205402371158599854e+05
1.205503427696228027e+05
1.205604484232664108e+05
1.205705540769100189e+05
1.205806597306728363e+05
1.205907653843164444e+05
1.206008710379600525e+05
1.206109766917228699e+05
1.206210823453664780e+05
1.206311879990100861e+05
1.206412936527729034e+05
1.206513993064165115e+05
1.206615049600601196e+05
1.206716106137037277e+05
1.206817162674665451e+05
1.206918219211101532e+05
1.207019275747537613e+05
1.207120332285165787e+05
1.207221388821601868e+05
1.207322445358037949e+05
1.207423501895666122e+05
1.207524558432102203e+05
1.207625614968538284e+05
1.207726671506166458e+05
1.207827728042602539e+05
1.207928784579038620e+05
1.208029841116666794e+05
1.208130897653102875e+05
1.208231954189538956e+05
1.208333010727167130e+05
1.208434067263603210e+05
1.208535123800039291e+05
1.208636180337667465e+05
1.208737236874103546e+05
1.208838293410539627e+05
1.208939349948167801e+05
1.209040406484603882e+05
1.209141463021039963e+05
1.209242519557476044e+05
1.209343576095104218e+05
1.209444632631540298e+05
1.209545689167976379e+05
1.209646745705604553e+05
1.209747802242040634e+05
1.209848858778476715e+05
1.209949915316104889e+05
1.210050971852540970e+05
1.210152028388977051e+05
1.210253084926605225e+05
1.210354141463041306e+05
1.210455197999477386e+05
1.210556254537105560e+05
1.210657311073541641e+05
1.210758367609977722e+05
1.210859424147605896e+05
1.210960480684041977e+05
1.211061537220478058e+05
1.211162593758106232e+05
1.211263650294542313e+05
1.211364706830978394e+05
1.211465763368606567e+05
1.211566819905042648e+05
1.211667876441478729e+05
1.211768932977914810e+05
1.211869989515542984e+05
1.211971046051979065e+05
1.212072102588415146e+05
1.212173159126043320e+05
1.212274215662479401e+05
1.212375272198915482e+05
1.212476328736543655e+05
1.212577385272979736e+05
1.212678441809415817e+05
1.212779498347043991e+05
1.212880554883480072e+05
1.212981611419916153e+05
1.213082667957544327e+05
1.213183724493980408e+05
1.213284781030416489e+05
1.213385837568044662e+05
1.213486894104480743e+05
1.213587950640916824e+05
1.213689007178544998e+05
1.213790063714981079e+05
1.213891120251417160e+05
1.213992176789045334e+05
1.214093233325481415e+05
1.214194289861917496e+05
1.214295346398353577e+05
1.214396402935981750e+05
1.214497459472417831e+05
1.214598516008853912e+05
1.214699572546482086e+05
1.214800629082918167e+05
1.214901685619354248e+05
1.215002742156982422e+05
1.215103798693418503e+05
1.215204855229854584e+05
1.215305911767482758e+05
1.215406968303918839e+05
1.215508024840354919e+05
1.215609081377983093e+05
1.215710137914419174e+05
1.215811194450855255e+05
1.215912250988483429e+05
1.216013307524919510e+05
1.216114364061355591e+05
1.216215420598983765e+05
1.216316477135419846e+05
1.216417533671855927e+05
1.216518590208292007e+05
1.216619646745920181e+05
1.216720703282356262e+05
1.216821759818792343e+05
1.216922816356420517e+05
1.217023872892856598e+05
1.217124929429292679e+05
1.217225985966920853e+05
1.217327042503356934e+05
1.217428099039793015e+05
1.217529155577421188e+05
1.217630212113857269e+05
1.217731268650293350e+05
1.217832325187921524e+05
1.217933381724357605e+05
1.218034438260793686e+05
1.218135494798421860e+05
1.218236551334857941e+05
1.218337607871294022e+05
1.218438664408922195e+05
1.218539720945358276e+05
1.218640777481794357e+05
1.218741834019422531e+05
1.218842890555858612e+05
1.218943947092294693e+05
1.219045003628730774e+05
1.219146060166358948e+05
1.219247116702795029e+05
1.219348173239231110e+05
1.219449229776859283e+05
1.219550286313295364e+05
1.219651342849731445e+05
1.219752399387359619e+05
1.219853455923795700e+05
1.219954512460231781e+05
1.220055568997859955e+05
1.220156625534296036e+05
1.220257682070732117e+05
1.220358738608360291e+05
1.220459795144796371e+05
1.220560851681232452e+05
1.220661908218860626e+05
1.220762964755296707e+05
1.220864021291732788e+05
1.220965077829360962e+05
1.221066134365797043e+05
1.221167190902233124e+05
1.221268247439861298e+05
1.221369303976297379e+05
1.221470360512733459e+05
1.221571417049169540e+05
1.221672473586797714e+05
1.221773530123233795e+05
1.221874586659669876e+05
1.221975643197298050e+05
1.222076699733734131e+05
1.222177756270170212e+05
1.222278812807798386e+05
1.222379869344234467e+05
1.222480925880670547e+05
1.222581982418298721e+05
1.222683038954734802e+05
1.222784095491170883e+05
1.222885152028799057e+05
1.222986208565235138e+05
1.223087265101671219e+05
1.223188321639299393e+05
1.223289378175735474e+05
1.223390434712171555e+05
1.223491491249799728e+05
1.223592547786235809e+05
1.223693604322671890e+05
1.223794660860300064e+05
1.223895717396736145e+05
1.223996773933172226e+05
1.224097830469608307e+05
1.224198887007236481e+05
1.224299943543672562e+05
1.224401000080108643e+05
1.224502056617736816e+05
1.224603113154172897e+05
1.224704169690608978e+05
1.224805226228237152e+05
1.224906282764673233e+05
1.225007339301109314e+05
1.225108395838737488e+05
1.225209452375173569e+05
1.225310508911609650e+05
1.225411565449237823e+05
1.225512621985673904e+05
1.225613678522109985e+05
1.225714735059738159e+05
1.225815791596174240e+05
1.225916848132610321e+05
1.226017904670238495e+05
1.226118961206674576e+05
1.226220017743110657e+05
1.226321074280738831e+05
1.226422130817174911e+05
1.226523187353610992e+05
1.226624243890047073e+05
1.226725300427675247e+05
1.226826356964111328e+05
1.226927413500547409e+05
1.227028470038175583e+05
1.227129526574611664e+05
1.227230583111047745e+05
1.227331639648675919e+05
1.227432696185112000e+05
1.227533752721548080e+05
1.227634809259176254e+05
1.227735865795612335e+05
1.227836922332048416e+05
1.227937978869676590e+05
1.228039035406112671e+05
1.228140091942548752e+05
1.228241148480176926e+05
1.228342205016613007e+05
1.228443261553049088e+05
1.228544318090677261e+05
1.228645374627113342e+05
1.228746431163549423e+05
1.228847487701177597e+05
1.228948544237613678e+05
1.229049600774049759e+05
1.229150657310485840e+05
1.229251713848114014e+05
1.229352770384550095e+05
1.229453826920986176e+05
1.229554883458614349e+05
1.229655939995050430e+05
1.229756996531486511e+05
1.229858053069114685e+05
1.229959109605550766e+05
1.230060166141986847e+05
1.230161222679615021e+05
1.230262279216051102e+05
1.230363335752487183e+05
1.230464392290115356e+05
1.230565448826551437e+05
1.230666505362987518e+05
1.230767561900615692e+05
1.230868618437051773e+05
1.230969674973487854e+05
1.231070731511116028e+05
1.231171788047552109e+05
1.231272844583988190e+05
1.231373901121616364e+05
1.231474957658052444e+05
1.231576014194488525e+05
1.231677070730924606e+05
1.231778127268552780e+05
1.231879183804988861e+05
1.231980240341424942e+05
1.232081296879053116e+05
1.232182353415489197e+05
1.232283409951925278e+05
1.232384466489553452e+05
1.232485523025989532e+05
1.232586579562425613e+05
1.232687636100053787e+05
1.232788692636489868e+05
1.232889749172925949e+05
1.232990805710554123e+05
1.233091862246990204e+05
1.233192918783426285e+05
1.233293975321054459e+05
1.233395031857490540e+05
1.233496088393926620e+05
1.233597144931554794e+05
1.233698201467990875e+05
1.233799258004426956e+05
1.233900314542055130e+05
1.234001371078491211e+05
1.234102427614927292e+05
1.234203484151363373e+05
1.234304540688991547e+05
1.234405597225427628e+05
1.234506653761863708e+05
1.234607710299491882e+05
1.234708766835927963e+05
1.234809823372364044e+05
1.234910879909992218e+05
1.235011936446428299e+05
1.235112992982864380e+05
1.235214049520492554e+05
1.235315106056928635e+05
1.235416162593364716e+05
1.235517219130992889e+05
1.235618275667428970e+05
1.235719332203865051e+05
1.235820388741493225e+05
1.235921445277929306e+05
1.236022501814365387e+05
1.236123558351993561e+05
1.236224614888429642e+05
1.236325671424865723e+05
1.236426727962493896e+05
1.236527784498929977e+05
1.236628841035366058e+05
1.236729897571802139e+05
1.236830954109430313e+05
1.236932010645866394e+05
1.237033067182302475e+05
1.237134123719930649e+05
1.237235180256366730e+05
1.237336236792802811e+05
1.237437293330430984e+05
1.237538349866867065e+05
1.237639406403303146e+05
1.237740462940931320e+05
1.237841519477367401e+05
1.237942576013803482e+05
1.238043632551431656e+05
1.238144689087867737e+05
1.238245745624303818e+05
1.238346802161931992e+05
1.238447858698368073e+05
1.238548915234804153e+05
1.238649971772432327e+05
1.238751028308868408e+05
1.238852084845304489e+05
1.238953141382932663e+05
1.239054197919368744e+05
1.239155254455804825e+05
1.239256310992240906e+05
1.239357367529869080e+05
1.239458424066305161e+05
1.239559480602741241e+05
1.239660537140369415e+05
1.239761593676805496e+05
1.239862650213241577e+05
1.239963706750869751e+05
1.240064763287305832e+05
1.240165819823741913e+05
1.240266876361370087e+05
1.240367932897806168e+05
1.240468989434242249e+05
1.240570045971870422e+05
1.240671102508306503e+05
1.240772159044742584e+05
1.240873215582370758e+05
1.240974272118806839e+05
1.241075328655242920e+05
1.241176385192871094e+05
1.241277441729307175e+05
1.241378498265743256e+05
1.241479554803371429e+05
1.241580611339807510e+05
1.241681667876243591e+05
1.241782724412679672e+05
1.241883780950307846e+05
1.241984837486743927e+05
1.242085894023180008e+05
1.242186950560808182e+05
1.242288007097244263e+05
1.242389063633680344e+05
1.242490120171308517e+05
1.242591176707744598e+05
1.242692233244180679e+05
1.242793289781808853e+05
1.242894346318244934e+05
1.242995402854681015e+05
1.243096459392309189e+05
1.243197515928745270e+05
1.243298572465181351e+05
1.243399629002809525e+05
1.243500685539245605e+05
1.243601742075681686e+05
1.243702798613309860e+05
1.243803855149745941e+05
1.243904911686182022e+05
1.244005968223810196e+05
1.244107024760246277e+05
1.244208081296682358e+05
1.244309137833118439e+05
1.244410194370746613e+05
1.244511250907182693e+05
1.244612307443618774e+05
1.244713363981246948e+05
1.244814420517683029e+05
1.244915477054119110e+05
1.245016533591747284e+05
1.245117590128183365e+05
1.245218646664619446e+05
1.245319703202247620e+05
1.245420759738683701e+05
1.245521816275119781e+05
1.245622872812747955e+05
1.245723929349184036e+05
1.245824985885620117e+05
1.245926042423248291e+05
1.246027098959684372e+05
1.246128155496120453e+05
1.246229212033748627e+05
1.246330268570184708e+05
1.246431325106620789e+05
1.246532381644248962e+05
1.246633438180685043e+05
1.246734494717121124e+05
1.246835551253557205e+05
1.246936607791185379e+05
1.247037664327621460e+05
1.247138720864057541e+05
1.247239777401685715e+05
1.247340833938121796e+05
1.247441890474557877e+05
1.247542947012186050e+05
1.247644003548622131e+05
1.247745060085058212e+05
1.247846116622686386e+05
1.247947173159122467e+05
1.248048229695558548e+05
1.248149286233186722e+05
1.248250342769622803e+05
1.248351399306058884e+05
1.248452455843687057e+05
1.248553512380123138e+05
1.248654568916559219e+05
1.248755625454187393e+05
1.248856681990623474e+05
1.248957738527059555e+05
1.249058795064687729e+05
1.249159851601123810e+05
1.249260908137559891e+05
1.249361964673995972e+05
1.249463021211624146e+05
1.249564077748060226e+05
1.249665134284496307e+05
1.249766190822124481e+05
1.249867247358560562e+05
1.249968303894996643e+05
1.250069360432624817e+05
1.250170416969060898e+05
1.250271473505496979e+05
1.250372530043125153e+05
1.250473586579561234e+05
1.250574643115997314e+05
1.250675699653625488e+05
1.250776756190061569e+05
1.250877812726497650e+05
1.250978869264125824e+05
1.251079925800561905e+05
1.251180982336997986e+05
1.251282038874626160e+05
1.251383095411062241e+05
1.251484151947498322e+05
1.251585208485126495e+05
1.251686265021562576e+05
1.251787321557998657e+05
1.251888378094434738e+05
1.251989434632062912e+05
1.252090491168498993e+05
1.252191547704935074e+05
1.252292604242563248e+05
1.252393660778999329e+05
1.252494717315435410e+05
1.252595773853063583e+05
1.252696830389499664e+05
1.252797886925935745e+05
1.252898943463563919e+05
